tile,split,pct_Informal Settlements,pct_Built-Up,pct_Impervious Surfaces,pct_Vegetation,pct_Barren,pct_Water,pct_Unlabelled
jp22_1.1_1.png,train,0,0,0,0,0,100.0,0
jp22_1.1_10.png,train,0,0,0,0,0,100.0,0
jp22_1.1_11.png,train,0,0,0,0,0,100.0,0
jp22_1.1_12.png,train,0,0,0,0,0,100.0,0
jp22_1.1_13.png,train,0,0,0,0,0,100.0,0
jp22_1.1_14.png,train,0,0,0,0,0,100.0,0
jp22_1.1_15.png,train,0,0,0,0,0,100.0,0
jp22_1.1_16.png,train,0,0,0,0,0,100.0,0
jp22_1.1_17.png,train,0,0,0,0,0,100.0,0
jp22_1.1_18.png,train,0,0,0,0,0,100.0,0
jp22_1.1_19.png,train,0,0,0,0,0,100.0,0
jp22_1.1_2.png,train,0,0,0,0,0,100.0,0
jp22_1.1_20.png,train,0,0,0,0,0,100.0,0
jp22_1.1_21.png,train,0,0,0,0,0,100.0,0
jp22_1.1_22.png,train,0,0,0,0,0,100.0,0
jp22_1.1_23.png,train,0,0,0,0,0,100.0,0
jp22_1.1_24.png,train,0,0,0,0,0,100.0,0
jp22_1.1_25.png,train,0,0,0,0,0,100.0,0
jp22_1.1_26.png,train,0,0,0,0,0,100.0,0
jp22_1.1_27.png,train,0,0,0,0,0,100.0,0
jp22_1.1_28.png,train,0,0,0,0,0,100.0,0
jp22_1.1_29.png,train,0,0,0,0,0,100.0,0
jp22_1.1_3.png,train,0,0,0,0,0,100.0,0
jp22_1.1_30.png,train,0,0,0,0,0,100.0,0
jp22_1.1_31.png,train,0,0,0,0,0,100.0,0
jp22_1.1_32.png,train,0,0,0,0,0,100.0,0
jp22_1.1_33.png,train,0,0,0,0,0,100.0,0
jp22_1.1_34.png,train,0,0,0,0,0,100.0,0
jp22_1.1_35.png,train,0,0,0,0,0,100.0,0
jp22_1.1_36.png,train,0,0,0,0,0,100.0,0
jp22_1.1_37.png,train,0,0,0,0,0,100.0,0
jp22_1.1_38.png,train,0,0,0,0,0,100.0,0
jp22_1.1_39.png,train,0,0,0,0,0,100.0,0
jp22_1.1_4.png,train,0,0,0,0,0,100.0,0
jp22_1.1_40.png,train,0,0,0,0,0,100.0,0
jp22_1.1_41.png,train,0,0,0,0,0,100.0,0
jp22_1.1_42.png,train,0,0,0,0,0,100.0,0
jp22_1.1_43.png,train,0,0,0,0,0,100.0,0
jp22_1.1_44.png,train,0,0,0,0,0,100.0,0
jp22_1.1_45.png,train,0,0,0,0,0,100.0,0
jp22_1.1_46.png,train,0,0,0,0,0,100.0,0
jp22_1.1_47.png,train,0,0,0,0,0,100.0,0
jp22_1.1_48.png,train,0,0,0,0,0,100.0,0
jp22_1.1_49.png,train,0,0,0,0,0,100.0,0
jp22_1.1_5.png,train,0,0,0,0,0,100.0,0
jp22_1.1_50.png,train,0,0,0,0,0,100.0,0
jp22_1.1_51.png,train,0,0,0,0,0,100.0,0
jp22_1.1_52.png,train,0,0,0,0,0,100.0,0
jp22_1.1_53.png,train,0,0,0,0,0,100.0,0
jp22_1.1_54.png,train,0,0,0,0,0,100.0,0
jp22_1.1_55.png,train,0,0,0,0,0,100.0,0
jp22_1.1_56.png,train,0,0,0,0,0,100.0,0
jp22_1.1_57.png,train,0,0,0,0,0,100.0,0
jp22_1.1_58.png,train,0,0,0,0,0,100.0,0
jp22_1.1_59.png,train,0,0,0,0,0,100.0,0
jp22_1.1_6.png,train,0,0,0,0,0,100.0,0
jp22_1.1_60.png,train,0,0,0,0,0,100.0,0
jp22_1.1_61.png,train,0,0,0,0,0,100.0,0
jp22_1.1_62.png,train,0,0,0,0,0,100.0,0
jp22_1.1_63.png,train,0,0,0,0,0,100.0,0
jp22_1.1_64.png,train,0,0,0,0,0,100.0,0
jp22_1.1_65.png,train,0,0,0,0,0,100.0,0
jp22_1.1_66.png,train,0,0,0,0,0,100.0,0
jp22_1.1_67.png,train,0,0,0,0,0,100.0,0
jp22_1.1_68.png,train,0,0,0,0,0,100.0,0
jp22_1.1_69.png,train,0,0,0,0,0,100.0,0
jp22_1.1_7.png,train,0,0,0,0,0,100.0,0
jp22_1.1_70.png,train,0,0,0,0,0,100.0,0
jp22_1.1_71.png,train,0,0,0,0,0,100.0,0
jp22_1.1_72.png,train,0,0,0,0,0,100.0,0
jp22_1.1_73.png,train,0,0,0,0,0,100.0,0
jp22_1.1_74.png,train,0,0,0,0,0,100.0,0
jp22_1.1_75.png,train,0,0,0,0,0,100.0,0
jp22_1.1_76.png,train,0,0,0,0,0,100.0,0
jp22_1.1_77.png,train,0,0,0,0,0,100.0,0
jp22_1.1_78.png,train,0,0,0,0,0,100.0,0
jp22_1.1_79.png,train,0,0,0,0,0,100.0,0
jp22_1.1_8.png,train,0,0,0,0,0,100.0,0
jp22_1.1_80.png,train,0,0,0,0,0,100.0,0
jp22_1.1_81.png,train,0,0,0,0,0,100.0,0
jp22_1.1_9.png,train,0,0,0,0,0,100.0,0
jp22_1.2_1.png,train,0,0,0,0,0,100.0,0
jp22_1.2_10.png,train,0,0,0,0,0,100.0,0
jp22_1.2_11.png,train,0,0,0,0,0,100.0,0
jp22_1.2_12.png,train,0,0,0,0,0,100.0,0
jp22_1.2_13.png,train,0,0,0,0,0,100.0,0
jp22_1.2_14.png,train,0,0,0,0,0,100.0,0
jp22_1.2_15.png,train,0,0,0,0,0,100.0,0
jp22_1.2_16.png,train,0,0,0,0,0,100.0,0
jp22_1.2_17.png,train,0,0,0,0,0,100.0,0
jp22_1.2_18.png,train,0,0,0,0,0,100.0,0
jp22_1.2_19.png,train,0,0,0,0,0,100.0,0
jp22_1.2_2.png,train,0,0,0,0,0,100.0,0
jp22_1.2_20.png,train,0,0,0,0,0,100.0,0
jp22_1.2_21.png,train,0,0,0,0,0,100.0,0
jp22_1.2_22.png,train,0,0,0,0,0,100.0,0
jp22_1.2_23.png,train,0,0,0,0,0,100.0,0
jp22_1.2_24.png,train,0,0,0,0,0,100.0,0
jp22_1.2_25.png,train,0,0,0,0,0,100.0,0
jp22_1.2_26.png,train,0,0,0,0,0,100.0,0
jp22_1.2_27.png,train,0,0,0,0,0,100.0,0
jp22_1.2_28.png,train,0,0,0,0,0,100.0,0
jp22_1.2_29.png,train,0,0,0,0,0,100.0,0
jp22_1.2_3.png,train,0,0,0,0,0,100.0,0
jp22_1.2_30.png,train,0,0,0,0,0,100.0,0
jp22_1.2_31.png,train,0,0,0,0,0,100.0,0
jp22_1.2_32.png,train,0,0,0,0,0,100.0,0
jp22_1.2_33.png,train,0,0,0,0,0,100.0,0
jp22_1.2_34.png,train,0,0,0,0,0,100.0,0
jp22_1.2_35.png,train,0,0,0,0,0,100.0,0
jp22_1.2_36.png,train,0,0,0,0,0,100.0,0
jp22_1.2_37.png,train,0,0,0,0,0,100.0,0
jp22_1.2_38.png,train,0,0,0,0,0,100.0,0
jp22_1.2_39.png,train,0,0,0,0,0,100.0,0
jp22_1.2_4.png,train,0,0,0,0,0,100.0,0
jp22_1.2_40.png,train,0,0,0,0,0,100.0,0
jp22_1.2_41.png,train,0,0,0,0,0,100.0,0
jp22_1.2_42.png,train,0,0,0,0,0,100.0,0
jp22_1.2_43.png,train,0,0,0,0,0,100.0,0
jp22_1.2_44.png,train,0,0,0,0,0,100.0,0
jp22_1.2_45.png,train,0,0,0,0,0,100.0,0
jp22_1.2_46.png,train,0,0,0,0,0,100.0,0
jp22_1.2_47.png,train,0,0,0,0,0,100.0,0
jp22_1.2_48.png,train,0,0,0,0,0,100.0,0
jp22_1.2_49.png,train,0,0,0,0,0,100.0,0
jp22_1.2_5.png,train,0,0,0,0,0,100.0,0
jp22_1.2_50.png,train,0,0,0,0,0,100.0,0
jp22_1.2_51.png,train,0,0,0,0,0,100.0,0
jp22_1.2_52.png,train,0,0,0,0,0,100.0,0
jp22_1.2_53.png,train,0,0,0,0,0,100.0,0
jp22_1.2_54.png,train,0,0,0,0,0,100.0,0
jp22_1.2_55.png,train,0,0,0,0,0,100.0,0
jp22_1.2_56.png,train,0,0,0,0,0,100.0,0
jp22_1.2_57.png,train,0,0,0,0,0,100.0,0
jp22_1.2_58.png,train,0,0,0,0,0,100.0,0
jp22_1.2_59.png,train,0,0,0,0,0,100.0,0
jp22_1.2_6.png,train,0,0,0,0,0,100.0,0
jp22_1.2_60.png,train,0,0,0,0,0,100.0,0
jp22_1.2_61.png,train,0,0,0,0,0,100.0,0
jp22_1.2_62.png,train,0,0,0,0,0,100.0,0
jp22_1.2_63.png,train,0,0,0,0,0,100.0,0
jp22_1.2_64.png,train,0,0,0,0,0,100.0,0
jp22_1.2_65.png,train,0,0,0,0,0,100.0,0
jp22_1.2_66.png,train,0,0,0,0,0,100.0,0
jp22_1.2_67.png,train,0,0,0,0,0,100.0,0
jp22_1.2_68.png,train,0,0,0,0,0,100.0,0
jp22_1.2_69.png,train,0,0,0,0,0,100.0,0
jp22_1.2_7.png,train,0,0,0,0,0,100.0,0
jp22_1.2_70.png,train,0,0,0,0,0,100.0,0
jp22_1.2_71.png,train,0,0,0,0,0,100.0,0
jp22_1.2_72.png,train,0,0,0,0,0,100.0,0
jp22_1.2_73.png,train,0,0,0,0,0,100.0,0
jp22_1.2_74.png,train,0,0,0,0,0,100.0,0
jp22_1.2_75.png,train,0,0,0,0,0,100.0,0
jp22_1.2_76.png,train,0,0,0,0,0,100.0,0
jp22_1.2_77.png,train,0,0,0,0,0,100.0,0
jp22_1.2_78.png,train,0,0,0,0,0,100.0,0
jp22_1.2_79.png,train,0,0,0,0,0,100.0,0
jp22_1.2_8.png,train,0,0,0,0,0,100.0,0
jp22_1.2_80.png,train,0,0,0,0,0,100.0,0
jp22_1.2_81.png,train,0,0,0,0,0,100.0,0
jp22_1.2_9.png,train,0,0,0,0,0,100.0,0
jp22_1.4_1.png,train,0,0,0,0,0,100.0,0
jp22_1.4_10.png,train,0,0,0,0,0,100.0,0
jp22_1.4_11.png,train,0,0,0,0,0,100.0,0
jp22_1.4_12.png,train,0,0,0,0,0,100.0,0
jp22_1.4_13.png,train,0,0,0,0,0,100.0,0
jp22_1.4_14.png,train,0,0,0,0,0,100.0,0
jp22_1.4_15.png,train,0,0,0,0,0,100.0,0
jp22_1.4_16.png,train,0,0,0,0,0,100.0,0
jp22_1.4_17.png,train,0,0,0,0,0,100.0,0
jp22_1.4_18.png,train,0,0,0,0,0,100.0,0
jp22_1.4_19.png,train,0,0,0,0,0,100.0,0
jp22_1.4_2.png,train,0,0,0,0,0,100.0,0
jp22_1.4_20.png,train,0,0,0,0,0,100.0,0
jp22_1.4_21.png,train,0,0,0,0,0,100.0,0
jp22_1.4_22.png,train,0,0,0,0,0,100.0,0
jp22_1.4_23.png,train,0,0,0,0,0,100.0,0
jp22_1.4_24.png,train,0,0,0,0,0,100.0,0
jp22_1.4_25.png,train,0,0,0,0,0,100.0,0
jp22_1.4_26.png,train,0,0,0,0,0,100.0,0
jp22_1.4_27.png,train,0,0,0,0,0,100.0,0
jp22_1.4_28.png,train,0,0,0,0,0,100.0,0
jp22_1.4_29.png,train,0,0,0,0,0,100.0,0
jp22_1.4_3.png,train,0,0,0,0,0,100.0,0
jp22_1.4_30.png,train,0,0,0,0,0,100.0,0
jp22_1.4_31.png,train,0,0,0,0,0,100.0,0
jp22_1.4_32.png,train,0,0,0,0,0,100.0,0
jp22_1.4_33.png,train,0,0,0,0,0,100.0,0
jp22_1.4_34.png,train,0,0,0,0,0,100.0,0
jp22_1.4_35.png,train,0,0,0,0,0,100.0,0
jp22_1.4_36.png,train,0,0,0,0,0,100.0,0
jp22_1.4_37.png,train,0,0,0,0,0,100.0,0
jp22_1.4_38.png,train,0,0,0,0,0,100.0,0
jp22_1.4_39.png,train,0,0,0,0,0,100.0,0
jp22_1.4_4.png,train,0,0,0,0,0,100.0,0
jp22_1.4_40.png,train,0,0,0,0,0,100.0,0
jp22_1.4_41.png,train,0,0,0,0,0,100.0,0
jp22_1.4_42.png,train,0,0,0,0,0,100.0,0
jp22_1.4_43.png,train,0,0,0,0,0,100.0,0
jp22_1.4_44.png,train,0,0,0,0,0,100.0,0
jp22_1.4_45.png,train,0,0,0,0,0,100.0,0
jp22_1.4_46.png,train,0,0,0,0,0,100.0,0
jp22_1.4_47.png,train,0,0,0,0,0,100.0,0
jp22_1.4_48.png,train,0,0,0,0,0,100.0,0
jp22_1.4_49.png,train,0,0,0,0,0,100.0,0
jp22_1.4_5.png,train,0,0,0,0,0,100.0,0
jp22_1.4_50.png,train,0,0,0,0,0,100.0,0
jp22_1.4_51.png,train,0,0,0,0,0,100.0,0
jp22_1.4_52.png,train,0,0,0,0,0,100.0,0
jp22_1.4_53.png,train,0,0,0,0,0,100.0,0
jp22_1.4_54.png,train,0,0,0,0,0,100.0,0
jp22_1.4_55.png,train,0,0,0,0,0,100.0,0
jp22_1.4_56.png,train,0,0,0,0,0,100.0,0
jp22_1.4_57.png,train,0,0,0,0,0,100.0,0
jp22_1.4_58.png,train,0,0,0,0,0,100.0,0
jp22_1.4_59.png,train,0,0,0,0,0,100.0,0
jp22_1.4_6.png,train,0,0,0,0,0,100.0,0
jp22_1.4_60.png,train,0,0,0,0,0,100.0,0
jp22_1.4_61.png,train,0,0,0,0,0,100.0,0
jp22_1.4_62.png,train,0,0,0,0,0,100.0,0
jp22_1.4_63.png,train,0,0,0,0,0,100.0,0
jp22_1.4_64.png,train,0,0,0,0,0,100.0,0
jp22_1.4_65.png,train,0,0,0,0,0,100.0,0
jp22_1.4_66.png,train,0,0,0,0,0,100.0,0
jp22_1.4_67.png,train,0,0,0,0,0,100.0,0
jp22_1.4_68.png,train,0,0,0,0,0,100.0,0
jp22_1.4_69.png,train,0,0,0,0,0,100.0,0
jp22_1.4_7.png,train,0,0,0,0,0,100.0,0
jp22_1.4_70.png,train,0,0,0,0,0,100.0,0
jp22_1.4_71.png,train,0,0,0,0,0,100.0,0
jp22_1.4_72.png,train,0,0,0,0,0,100.0,0
jp22_1.4_73.png,train,0,0,0,0,0,100.0,0
jp22_1.4_74.png,train,0,0,0,0,0,100.0,0
jp22_1.4_75.png,train,0,0,0,0,0,100.0,0
jp22_1.4_76.png,train,0,0,0,0,0,100.0,0
jp22_1.4_77.png,train,0,0,0,0,0,100.0,0
jp22_1.4_78.png,train,0,0,0,0,0,100.0,0
jp22_1.4_79.png,train,0,0,0,0,0,100.0,0
jp22_1.4_8.png,train,0,0,0,0,0,100.0,0
jp22_1.4_80.png,train,0,0,0,0,0,100.0,0
jp22_1.4_81.png,train,0,0,0,0,0,100.0,0
jp22_1.4_9.png,train,0,0,0,0,0,100.0,0
jp22_1.5_1.png,train,0,0,0,0,0,100.0,0
jp22_1.5_10.png,train,0,0,0,0,0,100.0,0
jp22_1.5_11.png,train,0,0,0,0,0,100.0,0
jp22_1.5_12.png,train,0,0,0,0,0,100.0,0
jp22_1.5_13.png,train,0,0,0,0,0,100.0,0
jp22_1.5_14.png,train,0,0,0,0,0,100.0,0
jp22_1.5_15.png,train,0,0,0,0,0,100.0,0
jp22_1.5_16.png,train,0,0,0,0,0,100.0,0
jp22_1.5_17.png,train,0,0,0,0,0,100.0,0
jp22_1.5_18.png,train,0,0,0,0,0,100.0,0
jp22_1.5_19.png,train,0,0,0,0,0,100.0,0
jp22_1.5_2.png,train,0,0,0,0,0,100.0,0
jp22_1.5_20.png,train,0,0,0,0,0,100.0,0
jp22_1.5_21.png,train,0,0,0,0,0,100.0,0
jp22_1.5_22.png,train,0,0,0,0,0,100.0,0
jp22_1.5_23.png,train,0,0,0,0,0,100.0,0
jp22_1.5_24.png,train,0,0,0,0,0,100.0,0
jp22_1.5_25.png,train,0,0,0,0,0,100.0,0
jp22_1.5_26.png,train,0,0,0,0,0,100.0,0
jp22_1.5_27.png,train,0,0,0,0,0,100.0,0
jp22_1.5_28.png,train,0,0,0,0,0,100.0,0
jp22_1.5_29.png,train,0,0,0,0,0,100.0,0
jp22_1.5_3.png,train,0,0,0,0,0,100.0,0
jp22_1.5_30.png,train,0,0,0,0,0,100.0,0
jp22_1.5_31.png,train,0,0,0,0,0,100.0,0
jp22_1.5_32.png,train,0,0,0,0,0,100.0,0
jp22_1.5_33.png,train,0,0,0,0,0,100.0,0
jp22_1.5_34.png,train,0,0,0,0,0,100.0,0
jp22_1.5_35.png,train,0,0,0,0,0,100.0,0
jp22_1.5_36.png,train,0,0,0,0,0,100.0,0
jp22_1.5_37.png,train,0,0,0,0,0,100.0,0
jp22_1.5_38.png,train,0,0,0,0,0,100.0,0
jp22_1.5_39.png,train,0,0,0,0,0,100.0,0
jp22_1.5_4.png,train,0,0,0,0,0,100.0,0
jp22_1.5_40.png,train,0,0,0,0,0,100.0,0
jp22_1.5_41.png,train,0,0,0,0,0,100.0,0
jp22_1.5_42.png,train,0,0,0,0,0,100.0,0
jp22_1.5_43.png,train,0,0,0,0,0,100.0,0
jp22_1.5_44.png,train,0,0,0,0,0,100.0,0
jp22_1.5_45.png,train,0,0,0,0,0,100.0,0
jp22_1.5_46.png,train,0,0,0,0,0,100.0,0
jp22_1.5_47.png,train,0,0,0,0,0,100.0,0
jp22_1.5_48.png,train,0,0,0,0,0,100.0,0
jp22_1.5_49.png,train,0,0,0,0,0,100.0,0
jp22_1.5_5.png,train,0,0,0,0,0,100.0,0
jp22_1.5_50.png,train,0,0,0,0,0,100.0,0
jp22_1.5_51.png,train,0,0,0,0,0,100.0,0
jp22_1.5_52.png,train,0,0,0,0,0,100.0,0
jp22_1.5_53.png,train,0,0,0,0,0,100.0,0
jp22_1.5_54.png,train,0,0,0,0,0,100.0,0
jp22_1.5_55.png,train,0,0,0,0,0,100.0,0
jp22_1.5_56.png,train,0,0,0,0,0,100.0,0
jp22_1.5_57.png,train,0,0,0,0,0,100.0,0
jp22_1.5_58.png,train,0,0,0,0,0,100.0,0
jp22_1.5_59.png,train,0,0,0,0,0,100.0,0
jp22_1.5_6.png,train,0,0,0,0,0,100.0,0
jp22_1.5_60.png,train,0,0,0,0,0,100.0,0
jp22_1.5_61.png,train,0,0,0,0,0,100.0,0
jp22_1.5_62.png,train,0,0,0,0,0,100.0,0
jp22_1.5_63.png,train,0,0,0,0,0,100.0,0
jp22_1.5_64.png,train,0,0,0,0,0,100.0,0
jp22_1.5_65.png,train,0,0,0,0,0,100.0,0
jp22_1.5_66.png,train,0,0,0,0,0,100.0,0
jp22_1.5_67.png,train,0,0,0,0,0,100.0,0
jp22_1.5_68.png,train,0,0,0,0,0,100.0,0
jp22_1.5_69.png,train,0,0,0,0,0,100.0,0
jp22_1.5_7.png,train,0,0,0,0,0,100.0,0
jp22_1.5_70.png,train,0,0,0,0,0,100.0,0
jp22_1.5_71.png,train,0,0,0,0,0,100.0,0
jp22_1.5_72.png,train,0,0,0,0,0,100.0,0
jp22_1.5_73.png,train,0,0,0,0,0,100.0,0
jp22_1.5_74.png,train,0,0,0,0,0,100.0,0
jp22_1.5_75.png,train,0,0,0,0,0,100.0,0
jp22_1.5_76.png,train,0,0,0,0,0,100.0,0
jp22_1.5_77.png,train,0,0,0,0,0,100.0,0
jp22_1.5_78.png,train,0,0,0,0,0,100.0,0
jp22_1.5_79.png,train,0,0,0,0,0,100.0,0
jp22_1.5_8.png,train,0,0,0,0,0,100.0,0
jp22_1.5_80.png,train,0,0,0,0,0,100.0,0
jp22_1.5_81.png,train,0,0,0,0,0,100.0,0
jp22_1.5_9.png,train,0,0,0,0,0,100.0,0
jp22_1.6_1.png,train,0,0,0,0,0,100.0,0
jp22_1.6_10.png,train,0,0,0,0,0,100.0,0
jp22_1.6_11.png,train,0,0,0,0,0,100.0,0
jp22_1.6_12.png,train,0,0,0,0,0,100.0,0
jp22_1.6_13.png,train,0,0,0,0,0,100.0,0
jp22_1.6_14.png,train,0,0,0,0,0,100.0,0
jp22_1.6_15.png,train,0,0,0,0,0,100.0,0
jp22_1.6_16.png,train,0,0,0,0,0,100.0,0
jp22_1.6_17.png,train,0,0,0,0,0,100.0,0
jp22_1.6_18.png,train,0,0,0,0,0,100.0,0
jp22_1.6_19.png,train,0,0,0,0,0,100.0,0
jp22_1.6_2.png,train,0,0,0,0,0,100.0,0
jp22_1.6_20.png,train,0,0,0,0,0,100.0,0
jp22_1.6_21.png,train,0,0,0,0,0,100.0,0
jp22_1.6_22.png,train,0,0,0,0,0,100.0,0
jp22_1.6_23.png,train,0,0,0,0,0,100.0,0
jp22_1.6_24.png,train,0,0,0,0,0,100.0,0
jp22_1.6_25.png,train,0,0,0,0,0,100.0,0
jp22_1.6_26.png,train,0,0,0,0,0,100.0,0
jp22_1.6_27.png,train,0,0,0,0,0,100.0,0
jp22_1.6_28.png,train,0,0,0,0,0,100.0,0
jp22_1.6_29.png,train,0,0,0,0,0,100.0,0
jp22_1.6_3.png,train,0,0,0,0,0,100.0,0
jp22_1.6_30.png,train,0,0,0,0,0,100.0,0
jp22_1.6_31.png,train,0,0,0,0,0,100.0,0
jp22_1.6_32.png,train,0,0,0,0,0,100.0,0
jp22_1.6_33.png,train,0,0,0,0,0,100.0,0
jp22_1.6_34.png,train,0,0,0,0,0,100.0,0
jp22_1.6_35.png,train,0,0,0,0,0,100.0,0
jp22_1.6_36.png,train,0,0,0,0,0,100.0,0
jp22_1.6_37.png,train,0,0,0,0,0,100.0,0
jp22_1.6_38.png,train,0,0,0,0,0,100.0,0
jp22_1.6_39.png,train,0,0,0,0,0,100.0,0
jp22_1.6_4.png,train,0,0,0,0,0,100.0,0
jp22_1.6_40.png,train,0,0,0,0,0,100.0,0
jp22_1.6_41.png,train,0,0,0,0,0,100.0,0
jp22_1.6_42.png,train,0,0,0,0,0,100.0,0
jp22_1.6_43.png,train,0,0,0,0,0,100.0,0
jp22_1.6_44.png,train,0,0,0,0,0,100.0,0
jp22_1.6_45.png,train,0,0,0,0,0,100.0,0
jp22_1.6_46.png,train,0,0,0,0,0,100.0,0
jp22_1.6_47.png,train,0,0,0,0,0,100.0,0
jp22_1.6_48.png,train,0,0,0,0,0,100.0,0
jp22_1.6_49.png,train,0,0,0,0,0,100.0,0
jp22_1.6_5.png,train,0,0,0,0,0,100.0,0
jp22_1.6_50.png,train,0,0,0,0,0,100.0,0
jp22_1.6_51.png,train,0,0,0,0,0,100.0,0
jp22_1.6_52.png,train,0,0,0,0,0,100.0,0
jp22_1.6_53.png,train,0,0,0,0,0,100.0,0
jp22_1.6_54.png,train,0,0,0,0,0,100.0,0
jp22_1.6_55.png,train,0,0,0,0,0,100.0,0
jp22_1.6_56.png,train,0,0,0,0,0,100.0,0
jp22_1.6_57.png,train,0,0,0,0,0,100.0,0
jp22_1.6_58.png,train,0,0,0,0,0,100.0,0
jp22_1.6_59.png,train,0,0,0,0,0,100.0,0
jp22_1.6_6.png,train,0,0,0,0,0,100.0,0
jp22_1.6_60.png,train,0,0,0,0,0,100.0,0
jp22_1.6_61.png,train,0,0,0,0,0,100.0,0
jp22_1.6_62.png,train,0,0,0,0,0,100.0,0
jp22_1.6_63.png,train,0,0,0,0,0,100.0,0
jp22_1.6_64.png,train,0,0,0,0,0,100.0,0
jp22_1.6_65.png,train,0,0,0,0,0,100.0,0
jp22_1.6_66.png,train,0,0,0,0,0,100.0,0
jp22_1.6_67.png,train,0,0,0,0,0,100.0,0
jp22_1.6_68.png,train,0,0,0,0,0,100.0,0
jp22_1.6_69.png,train,0,0,0,0,0,100.0,0
jp22_1.6_7.png,train,0,0,0,0,0,100.0,0
jp22_1.6_70.png,train,0,0,0,0,0,100.0,0
jp22_1.6_71.png,train,0,0,0,0,0,100.0,0
jp22_1.6_72.png,train,0,0,0,0,0,100.0,0
jp22_1.6_73.png,train,0,0,0,0,0,100.0,0
jp22_1.6_74.png,train,0,0,0,0,0,100.0,0
jp22_1.6_75.png,train,0,0,0,0,0,100.0,0
jp22_1.6_76.png,train,0,0,0,0,0,100.0,0
jp22_1.6_77.png,train,0,0,0,0,0,100.0,0
jp22_1.6_78.png,train,0,0,0,0,0,100.0,0
jp22_1.6_79.png,train,0,0,0,0,0,100.0,0
jp22_1.6_8.png,train,0,0,0,0,0,100.0,0
jp22_1.6_80.png,train,0,0,0,0,0,100.0,0
jp22_1.6_81.png,train,0,0,0,0,0,100.0,0
jp22_1.6_9.png,train,0,0,0,0,0,100.0,0
jp22_1.8_1.png,train,0,0,0,0,0,100.0,0
jp22_1.8_10.png,train,0,0,0,0,0,100.0,0
jp22_1.8_11.png,train,0,0,0,0,0,100.0,0
jp22_1.8_12.png,train,0,0,0,0,0,100.0,0
jp22_1.8_13.png,train,0,0,0,0,0,100.0,0
jp22_1.8_14.png,train,0,0,0,0,0,100.0,0
jp22_1.8_15.png,train,0,0,0,0,0,100.0,0
jp22_1.8_16.png,train,0,0,0,0,0,100.0,0
jp22_1.8_17.png,train,0,0,0,0,0,100.0,0
jp22_1.8_18.png,train,0,0,0,0,0,100.0,0
jp22_1.8_19.png,train,0,0,0,0,0,100.0,0
jp22_1.8_2.png,train,0,0,0,0,0,100.0,0
jp22_1.8_20.png,train,0,0,0,0,0,100.0,0
jp22_1.8_21.png,train,0,0,0,0,0,100.0,0
jp22_1.8_22.png,train,0,0,0,0,0,100.0,0
jp22_1.8_23.png,train,0,0,0,0,0,100.0,0
jp22_1.8_24.png,train,0,0,0,0,0,100.0,0
jp22_1.8_25.png,train,0,0,0,0,0,100.0,0
jp22_1.8_26.png,train,0,0,0,0,0,100.0,0
jp22_1.8_27.png,train,0,0,0,0,0,100.0,0
jp22_1.8_28.png,train,0,0,0,0,0,100.0,0
jp22_1.8_29.png,train,0,0,0,0,0,100.0,0
jp22_1.8_3.png,train,0,0,0,0,0,100.0,0
jp22_1.8_30.png,train,0,0,0,0,0,100.0,0
jp22_1.8_31.png,train,0,0,0,0,0,100.0,0
jp22_1.8_32.png,train,0,0,0,0,0,100.0,0
jp22_1.8_33.png,train,0,0,0,0,0,100.0,0
jp22_1.8_34.png,train,0,0,0,0,0,100.0,0
jp22_1.8_35.png,train,0,0,0,0,0,100.0,0
jp22_1.8_36.png,train,0,0,0,0,0,100.0,0
jp22_1.8_37.png,train,0,0,0,0,0,100.0,0
jp22_1.8_38.png,train,0,0,0,0,0,100.0,0
jp22_1.8_39.png,train,0,0,0,0,0,100.0,0
jp22_1.8_4.png,train,0,0,0,0,0,100.0,0
jp22_1.8_40.png,train,0,0,0,0,0,100.0,0
jp22_1.8_41.png,train,0,0,0,0,0,100.0,0
jp22_1.8_42.png,train,0,0,0,0,0,100.0,0
jp22_1.8_43.png,train,0,0,0,0,0,100.0,0
jp22_1.8_44.png,train,0,0,0,0,0,100.0,0
jp22_1.8_45.png,train,0,0,0,0,0,100.0,0
jp22_1.8_46.png,train,0,0,0,0,0,100.0,0
jp22_1.8_47.png,train,0,0,0,0,0,100.0,0
jp22_1.8_48.png,train,0,0,0,0,0,100.0,0
jp22_1.8_49.png,train,0,0,0,0,0,100.0,0
jp22_1.8_5.png,train,0,0,0,0,0,100.0,0
jp22_1.8_50.png,train,0,0,0,0,0,100.0,0
jp22_1.8_51.png,train,0,0,0,0,0,100.0,0
jp22_1.8_52.png,train,0,0,0,0,0,100.0,0
jp22_1.8_53.png,train,0,0,0,0,0,100.0,0
jp22_1.8_54.png,train,0,0,0,0,0,100.0,0
jp22_1.8_55.png,train,0,0,0,0,0,100.0,0
jp22_1.8_56.png,train,0,0,0,0,0,100.0,0
jp22_1.8_57.png,train,0,0,0,0,0,100.0,0
jp22_1.8_58.png,train,0,0,0,0,0,100.0,0
jp22_1.8_59.png,train,0,0,0,0,0,100.0,0
jp22_1.8_6.png,train,0,0,0,0,0,100.0,0
jp22_1.8_60.png,train,0,0,0,0,0,100.0,0
jp22_1.8_61.png,train,0,0,0,0,0,100.0,0
jp22_1.8_62.png,train,0,0,0,0,0,100.0,0
jp22_1.8_63.png,train,0,0,0,0,0,100.0,0
jp22_1.8_64.png,train,0,0,0,0,0,100.0,0
jp22_1.8_65.png,train,0,0,0,0,0,100.0,0
jp22_1.8_66.png,train,0,0,0,0,0,100.0,0
jp22_1.8_67.png,train,0,0,0,0,0,100.0,0
jp22_1.8_68.png,train,0,0,0,0,0,100.0,0
jp22_1.8_69.png,train,0,0,0,0,0,100.0,0
jp22_1.8_7.png,train,0,0,0,0,0,100.0,0
jp22_1.8_70.png,train,0,0,0,0,0,100.0,0
jp22_1.8_71.png,train,0,0,0,0,0,100.0,0
jp22_1.8_72.png,train,0,0,0,0,0,100.0,0
jp22_1.8_73.png,train,0,0,0,0,0,100.0,0
jp22_1.8_74.png,train,0,0,0,0,0,100.0,0
jp22_1.8_75.png,train,0,0,0,0,0,100.0,0
jp22_1.8_76.png,train,0,0,0,0,0,100.0,0
jp22_1.8_77.png,train,0,0,0,0,0,100.0,0
jp22_1.8_78.png,train,0,0,0,0,0,100.0,0
jp22_1.8_79.png,train,0,0,0,0,0,100.0,0
jp22_1.8_8.png,train,0,0,0,0,0,100.0,0
jp22_1.8_80.png,train,0,0,0,0,0,100.0,0
jp22_1.8_81.png,train,0,0,0,0,0,100.0,0
jp22_1.8_9.png,train,0,0,0,0,0,100.0,0
jp22_1.9_1.png,train,0,0,0,0,0,100.0,0
jp22_1.9_10.png,train,0,0,0,0,0,100.0,0
jp22_1.9_11.png,train,0,0,0,0,0,100.0,0
jp22_1.9_12.png,train,0,0,0,0,0,100.0,0
jp22_1.9_13.png,train,0,0,0,0,0,100.0,0
jp22_1.9_14.png,train,0,0,0,0,0,100.0,0
jp22_1.9_15.png,train,0,0,0,0,0,100.0,0
jp22_1.9_16.png,train,0,0,0,0,0,100.0,0
jp22_1.9_17.png,train,0,0,0,0,0,100.0,0
jp22_1.9_18.png,train,0,0,0,0,0,100.0,0
jp22_1.9_19.png,train,0,0,0,0,0,100.0,0
jp22_1.9_2.png,train,0,0,0,0,0,100.0,0
jp22_1.9_20.png,train,0,0,0,0,0,100.0,0
jp22_1.9_21.png,train,0,0,0,0,0,100.0,0
jp22_1.9_22.png,train,0,0,0,0,0,100.0,0
jp22_1.9_23.png,train,0,0,0,0,0,100.0,0
jp22_1.9_24.png,train,0,0,0,0,0,100.0,0
jp22_1.9_25.png,train,0,0,0,0,0,100.0,0
jp22_1.9_26.png,train,0,0,0,0,0,100.0,0
jp22_1.9_27.png,train,0,0,0,0,0,100.0,0
jp22_1.9_28.png,train,0,0,0,0,0,100.0,0
jp22_1.9_29.png,train,0,0,0,0,0,100.0,0
jp22_1.9_3.png,train,0,0,0,0,0,100.0,0
jp22_1.9_30.png,train,0,0,0,0,0,100.0,0
jp22_1.9_31.png,train,0,0,0,0,0,100.0,0
jp22_1.9_32.png,train,0,0,0,0,0,100.0,0
jp22_1.9_33.png,train,0,0,0,0,0,100.0,0
jp22_1.9_34.png,train,0,0,0,0,0,100.0,0
jp22_1.9_35.png,train,0,0,0,0,0,100.0,0
jp22_1.9_36.png,train,0,0,0,0,0,100.0,0
jp22_1.9_37.png,train,0,0,0,0,0,100.0,0
jp22_1.9_38.png,train,0,0,0,0,0,100.0,0
jp22_1.9_39.png,train,0,0,0,0,0,100.0,0
jp22_1.9_4.png,train,0,0,0,0,0,100.0,0
jp22_1.9_40.png,train,0,0,0,0,0,100.0,0
jp22_1.9_41.png,train,0,0,0,0,0,100.0,0
jp22_1.9_42.png,train,0,0,0,0,0,100.0,0
jp22_1.9_43.png,train,0,0,0,0,0,100.0,0
jp22_1.9_44.png,train,0,0,0,0,0,100.0,0
jp22_1.9_45.png,train,0,0,0,0,0,100.0,0
jp22_1.9_46.png,train,0,0,0,0,0,100.0,0
jp22_1.9_47.png,train,0,0,0,0,0,100.0,0
jp22_1.9_48.png,train,0,0,0,0,0,100.0,0
jp22_1.9_49.png,train,0,0,0,0,0,100.0,0
jp22_1.9_5.png,train,0,0,0,0,0,100.0,0
jp22_1.9_50.png,train,0,0,0,0,0,100.0,0
jp22_1.9_51.png,train,0,0,0,0,0,100.0,0
jp22_1.9_52.png,train,0,0,0,0,0,100.0,0
jp22_1.9_53.png,train,0,0,0,0,0,100.0,0
jp22_1.9_54.png,train,0,0,0,0,0,100.0,0
jp22_1.9_55.png,train,0,0,0,0,0,100.0,0
jp22_1.9_56.png,train,0,0,0,0,0,100.0,0
jp22_1.9_57.png,train,0,0,0,0,0,100.0,0
jp22_1.9_58.png,train,0,0,0,0,0,100.0,0
jp22_1.9_59.png,train,0,0,0,0,0,100.0,0
jp22_1.9_6.png,train,0,0,0,0,0,100.0,0
jp22_1.9_60.png,train,0,0,0,0,0,100.0,0
jp22_1.9_61.png,train,0,0,0,0,0,100.0,0
jp22_1.9_62.png,train,0,0,0,0,0,100.0,0
jp22_1.9_63.png,train,0,0,0,0,0,100.0,0
jp22_1.9_64.png,train,0,0,0,0,0,100.0,0
jp22_1.9_65.png,train,0,0,0,0,0,100.0,0
jp22_1.9_66.png,train,0,0,0,0,0,100.0,0
jp22_1.9_67.png,train,0,0,0,0,0,100.0,0
jp22_1.9_68.png,train,0,0,0,0,0,100.0,0
jp22_1.9_69.png,train,0,0,0,0,0,100.0,0
jp22_1.9_7.png,train,0,0,0,0,0,100.0,0
jp22_1.9_70.png,train,0,0,0,0,0,100.0,0
jp22_1.9_71.png,train,0,0,0,0,0,100.0,0
jp22_1.9_72.png,train,0,0,0,0,0,100.0,0
jp22_1.9_73.png,train,0,0,0,0,0,100.0,0
jp22_1.9_74.png,train,0,0,0,0,0,100.0,0
jp22_1.9_75.png,train,0,0,0,0,0,100.0,0
jp22_1.9_76.png,train,0,0,0,0,0,100.0,0
jp22_1.9_77.png,train,0,0,0,0,0,100.0,0
jp22_1.9_78.png,train,0,0,0,0,0,100.0,0
jp22_1.9_79.png,train,0,0,0,0,0,100.0,0
jp22_1.9_8.png,train,0,0,0,0,0,100.0,0
jp22_1.9_80.png,train,0,0,0,0,0,100.0,0
jp22_1.9_81.png,train,0,0,0,0,0,100.0,0
jp22_1.9_9.png,train,0,0,0,0,0,100.0,0
jp22_2.10_1.png,train,0,0,0,0,0,100.0,0
jp22_2.10_10.png,train,0,0,0,0,0,100.0,0
jp22_2.10_11.png,train,0,0,0,0,0,100.0,0
jp22_2.10_12.png,train,0,0,0,0,0,100.0,0
jp22_2.10_13.png,train,0,0,0,0,0,100.0,0
jp22_2.10_14.png,train,0,0,0,0,0,100.0,0
jp22_2.10_15.png,train,0,0,0,0,0,100.0,0
jp22_2.10_16.png,train,0,0,0,0,0,100.0,0
jp22_2.10_17.png,train,0,0,0,0,0,100.0,0
jp22_2.10_18.png,train,0,0,0,0,0,100.0,0
jp22_2.10_19.png,train,0,0,0,0,0,100.0,0
jp22_2.10_2.png,train,0,0,0,0,0,100.0,0
jp22_2.10_20.png,train,0,0,0,0,0,100.0,0
jp22_2.10_21.png,train,0,0,0,0,0,100.0,0
jp22_2.10_22.png,train,0,0,0,0,0,100.0,0
jp22_2.10_23.png,train,0,0,0,0,0,100.0,0
jp22_2.10_24.png,train,0,0,0,0,0,100.0,0
jp22_2.10_25.png,train,0,0,0,0,0,100.0,0
jp22_2.10_26.png,train,0,0,0,0,0,100.0,0
jp22_2.10_27.png,train,0,0,0,0,0,100.0,0
jp22_2.10_28.png,train,0,0,0,0,0,100.0,0
jp22_2.10_29.png,train,0,0,0,0,0,100.0,0
jp22_2.10_3.png,train,0,0,0,0,0,100.0,0
jp22_2.10_30.png,train,0,0,0,0,0,100.0,0
jp22_2.10_31.png,train,0,0,0,0,0,100.0,0
jp22_2.10_32.png,train,0,0,0,0,0,100.0,0
jp22_2.10_33.png,train,0,0,0,0,0,100.0,0
jp22_2.10_34.png,train,0,0,0,0,0,100.0,0
jp22_2.10_35.png,train,0,0,0,0,0,100.0,0
jp22_2.10_36.png,train,0,0,0,0,0,100.0,0
jp22_2.10_37.png,train,0,0,0,0,0,100.0,0
jp22_2.10_38.png,train,0,0,0,0,0,100.0,0
jp22_2.10_39.png,train,0,0,0,0,0,100.0,0
jp22_2.10_4.png,train,0,0,0,0,0,100.0,0
jp22_2.10_40.png,train,0,0,0,0,0,100.0,0
jp22_2.10_41.png,train,0,0,0,0,0,100.0,0
jp22_2.10_42.png,train,0,0,0,0,0,100.0,0
jp22_2.10_43.png,train,0,0,0,0,0,100.0,0
jp22_2.10_44.png,train,0,0,0,0,0,100.0,0
jp22_2.10_45.png,train,0,0,0,0,0,100.0,0
jp22_2.10_46.png,train,0,0,0,0,0,100.0,0
jp22_2.10_47.png,train,0,0,0,0,0,100.0,0
jp22_2.10_48.png,train,0,0,0,0,0,100.0,0
jp22_2.10_49.png,train,0,0,0,0,0,100.0,0
jp22_2.10_5.png,train,0,0,0,0,0,100.0,0
jp22_2.10_50.png,train,0,0,0,0,0,100.0,0
jp22_2.10_51.png,train,0,0,0,0,0,100.0,0
jp22_2.10_52.png,train,0,0,0,0,0,100.0,0
jp22_2.10_53.png,train,0,0,0,0,0,100.0,0
jp22_2.10_54.png,train,0,0,0,0,0,100.0,0
jp22_2.10_55.png,train,0,0,0,0,0,100.0,0
jp22_2.10_56.png,train,0,0,0,0,0,100.0,0
jp22_2.10_57.png,train,0,0,0,0,0,100.0,0
jp22_2.10_58.png,train,0,0,0,0,0,100.0,0
jp22_2.10_59.png,train,0,0,0,0,0,100.0,0
jp22_2.10_6.png,train,0,0,0,0,0,100.0,0
jp22_2.10_60.png,train,0,0,0,0,0,100.0,0
jp22_2.10_61.png,train,0,0,0,0,0,100.0,0
jp22_2.10_62.png,train,0,0,0,0,0,100.0,0
jp22_2.10_63.png,train,0,0,0,0,0,100.0,0
jp22_2.10_64.png,train,0,0,0,0,0,100.0,0
jp22_2.10_65.png,train,0,0,0,0,0,100.0,0
jp22_2.10_66.png,train,0,0,0,0,0,100.0,0
jp22_2.10_67.png,train,0,0,0,0,0,100.0,0
jp22_2.10_68.png,train,0,0,0,0,0,100.0,0
jp22_2.10_69.png,train,0,0,0,0,0,100.0,0
jp22_2.10_7.png,train,0,0,0,0,0,100.0,0
jp22_2.10_70.png,train,0,0,0,0,0,100.0,0
jp22_2.10_71.png,train,0,0,0,0,0,100.0,0
jp22_2.10_72.png,train,0,0,0,0,0,100.0,0
jp22_2.10_73.png,train,0,0,0,0,0,100.0,0
jp22_2.10_74.png,train,0,0,0,0,0,100.0,0
jp22_2.10_75.png,train,0,0,0,0,0,100.0,0
jp22_2.10_76.png,train,0,0,0,0,0,100.0,0
jp22_2.10_77.png,train,0,0,0,0,0,100.0,0
jp22_2.10_78.png,train,0,0,0,0,0,100.0,0
jp22_2.10_79.png,train,0,0,0,0,0,100.0,0
jp22_2.10_8.png,train,0,0,0,0,0,100.0,0
jp22_2.10_80.png,train,0,0,0,0,0,100.0,0
jp22_2.10_81.png,train,0,0,0,0,0,100.0,0
jp22_2.10_9.png,train,0,0,0,0,0,100.0,0
jp22_2.3_1.png,train,0,0,0,0,0,100.0,0
jp22_2.3_10.png,train,0,0,0,0,0,100.0,0
jp22_2.3_11.png,train,0,0,0,0,0,100.0,0
jp22_2.3_12.png,train,0,0,0,0,0,100.0,0
jp22_2.3_13.png,train,0,0,0,0,0,100.0,0
jp22_2.3_14.png,train,0,0,0,0,0,100.0,0
jp22_2.3_15.png,train,0,0,0,0,0,100.0,0
jp22_2.3_16.png,train,0,0,0,0,0,100.0,0
jp22_2.3_17.png,train,0,0,0,0,0,100.0,0
jp22_2.3_18.png,train,0,0,0,0,0,100.0,0
jp22_2.3_19.png,train,0,0,0,0,0,100.0,0
jp22_2.3_2.png,train,0,0,0,0,0,100.0,0
jp22_2.3_20.png,train,0,0,0,0,0,100.0,0
jp22_2.3_21.png,train,0,0,0,0,0,100.0,0
jp22_2.3_22.png,train,0,0,0,0,0,100.0,0
jp22_2.3_23.png,train,0,0,0,0,0,100.0,0
jp22_2.3_24.png,train,0,0,0,0,0,100.0,0
jp22_2.3_25.png,train,0,0,0,0,0,100.0,0
jp22_2.3_26.png,train,0,0,0,0,0,100.0,0
jp22_2.3_27.png,train,0,0,0,0,0,100.0,0
jp22_2.3_28.png,train,0,0,0,0,0,100.0,0
jp22_2.3_29.png,train,0,0,0,0,0,100.0,0
jp22_2.3_3.png,train,0,0,0,0,0,100.0,0
jp22_2.3_30.png,train,0,0,0,0,0,100.0,0
jp22_2.3_31.png,train,0,0,0,0,0,100.0,0
jp22_2.3_32.png,train,0,0,0,0,0,100.0,0
jp22_2.3_33.png,train,0,0,0,0,0,100.0,0
jp22_2.3_34.png,train,0,0,0,0,0,100.0,0
jp22_2.3_35.png,train,0,0,0,0,0,100.0,0
jp22_2.3_36.png,train,0,0,0,0,0,100.0,0
jp22_2.3_37.png,train,0,0,0,0,0,100.0,0
jp22_2.3_38.png,train,0,0,0,0,0,100.0,0
jp22_2.3_39.png,train,0,0,0,0,0,100.0,0
jp22_2.3_4.png,train,0,0,0,0,0,100.0,0
jp22_2.3_40.png,train,0,0,0,0,0,100.0,0
jp22_2.3_41.png,train,0,0,0,0,0,100.0,0
jp22_2.3_42.png,train,0,0,0,0,0,100.0,0
jp22_2.3_43.png,train,0,0,0,0,0,100.0,0
jp22_2.3_44.png,train,0,0,0,0,0,100.0,0
jp22_2.3_45.png,train,0,0,0,0,0,100.0,0
jp22_2.3_46.png,train,0,0,0,0,0,100.0,0
jp22_2.3_47.png,train,0,0,0,0,0,100.0,0
jp22_2.3_48.png,train,0,0,0,0,0,100.0,0
jp22_2.3_49.png,train,0,0,0,0,0,100.0,0
jp22_2.3_5.png,train,0,0,0,0,0,100.0,0
jp22_2.3_50.png,train,0,0,0,0,0,100.0,0
jp22_2.3_51.png,train,0,0,0,0,0,100.0,0
jp22_2.3_52.png,train,0,0,0,0,0,100.0,0
jp22_2.3_53.png,train,0,0,0,0,0,100.0,0
jp22_2.3_54.png,train,0,0,0,0,0,100.0,0
jp22_2.3_55.png,train,0,0,0,0,0,100.0,0
jp22_2.3_56.png,train,0,0,0,0,0,100.0,0
jp22_2.3_57.png,train,0,0,0,0,0,100.0,0
jp22_2.3_58.png,train,0,0,0,0,0,100.0,0
jp22_2.3_59.png,train,0,0,0,0,0,100.0,0
jp22_2.3_6.png,train,0,0,0,0,0,100.0,0
jp22_2.3_60.png,train,0,0,0,0,0,100.0,0
jp22_2.3_61.png,train,0,0,0,0,0,100.0,0
jp22_2.3_62.png,train,0,0,0,0,0,100.0,0
jp22_2.3_63.png,train,0,0,0,0,0,100.0,0
jp22_2.3_64.png,train,0,0,0,0,0,100.0,0
jp22_2.3_65.png,train,0,0,0,0,0,100.0,0
jp22_2.3_66.png,train,0,0,0,0,0,100.0,0
jp22_2.3_67.png,train,0,0,0,0,0,100.0,0
jp22_2.3_68.png,train,0,0,0,0,0,100.0,0
jp22_2.3_69.png,train,0,0,0,0,0,100.0,0
jp22_2.3_7.png,train,0,0,0,0,0,100.0,0
jp22_2.3_70.png,train,0,0,0,0,0,100.0,0
jp22_2.3_71.png,train,0,0,0,0,0,100.0,0
jp22_2.3_72.png,train,0,0,0,0,0,100.0,0
jp22_2.3_73.png,train,0,0,0,0,0,100.0,0
jp22_2.3_74.png,train,0,0,0,0,0,100.0,0
jp22_2.3_75.png,train,0,0,0,0,0,100.0,0
jp22_2.3_76.png,train,0,0,0,0,0,100.0,0
jp22_2.3_77.png,train,0,0,0,0,0,100.0,0
jp22_2.3_78.png,train,0,0,0,0,0,100.0,0
jp22_2.3_79.png,train,0,0,0,0,0,100.0,0
jp22_2.3_8.png,train,0,0,0,0,0,100.0,0
jp22_2.3_80.png,train,0,0,0,0,0,100.0,0
jp22_2.3_81.png,train,0,0,0,0,0,100.0,0
jp22_2.3_9.png,train,0,0,0,0,0,100.0,0
jp22_2.4_1.png,train,0,0,0,0,0,100.0,0
jp22_2.4_10.png,train,0,0,0,0,0,100.0,0
jp22_2.4_11.png,train,0,0,0,0,0,100.0,0
jp22_2.4_12.png,train,0,0,0,0,0,100.0,0
jp22_2.4_13.png,train,0,0,0,0,0,100.0,0
jp22_2.4_14.png,train,0,0,0,0,0,100.0,0
jp22_2.4_15.png,train,0,0,0,0,0,100.0,0
jp22_2.4_16.png,train,0,0,0,0,0,100.0,0
jp22_2.4_17.png,train,0,0,0,0,0,100.0,0
jp22_2.4_18.png,train,0,0,0,0,0,100.0,0
jp22_2.4_19.png,train,0,0,0,0,0,100.0,0
jp22_2.4_2.png,train,0,0,0,0,0,100.0,0
jp22_2.4_20.png,train,0,0,0,0,0,100.0,0
jp22_2.4_21.png,train,0,0,0,0,0,100.0,0
jp22_2.4_22.png,train,0,0,0,0,0,100.0,0
jp22_2.4_23.png,train,0,0,0,0,0,100.0,0
jp22_2.4_24.png,train,0,0,0,0,0,100.0,0
jp22_2.4_25.png,train,0,0,0,0,0,100.0,0
jp22_2.4_26.png,train,0,0,0,0,0,100.0,0
jp22_2.4_27.png,train,0,0,0,0,0,100.0,0
jp22_2.4_28.png,train,0,0,0,0,0,100.0,0
jp22_2.4_29.png,train,0,0,0,0,0,100.0,0
jp22_2.4_3.png,train,0,0,0,0,0,100.0,0
jp22_2.4_30.png,train,0,0,0,0,0,100.0,0
jp22_2.4_31.png,train,0,0,0,0,0,100.0,0
jp22_2.4_32.png,train,0,0,0,0,0,100.0,0
jp22_2.4_33.png,train,0,0,0,0,0,100.0,0
jp22_2.4_34.png,train,0,0,0,0,0,100.0,0
jp22_2.4_35.png,train,0,0,0,0,0,100.0,0
jp22_2.4_36.png,train,0,0,0,0,0,100.0,0
jp22_2.4_37.png,train,0,0,0,0,0,100.0,0
jp22_2.4_38.png,train,0,0,0,0,0,100.0,0
jp22_2.4_39.png,train,0,0,0,0,0,100.0,0
jp22_2.4_4.png,train,0,0,0,0,0,100.0,0
jp22_2.4_40.png,train,0,0,0,0,0,100.0,0
jp22_2.4_41.png,train,0,0,0,0,0,100.0,0
jp22_2.4_42.png,train,0,0,0,0,0,100.0,0
jp22_2.4_43.png,train,0,0,0,0,0,100.0,0
jp22_2.4_44.png,train,0,0,0,0,0,100.0,0
jp22_2.4_45.png,train,0,0,0,0,0,100.0,0
jp22_2.4_46.png,train,0,0,0,0,0,100.0,0
jp22_2.4_47.png,train,0,0,0,0,0,100.0,0
jp22_2.4_48.png,train,0,0,0,0,0,100.0,0
jp22_2.4_49.png,train,0,0,0,0,0,100.0,0
jp22_2.4_5.png,train,0,0,0,0,0,100.0,0
jp22_2.4_50.png,train,0,0,0,0,0,100.0,0
jp22_2.4_51.png,train,0,0,0,0,0,100.0,0
jp22_2.4_52.png,train,0,0,0,0,0,100.0,0
jp22_2.4_53.png,train,0,0,0,0,0,100.0,0
jp22_2.4_54.png,train,0,0,0,0,0,100.0,0
jp22_2.4_55.png,train,0,0,0,0,0,100.0,0
jp22_2.4_56.png,train,0,0,0,0,0,100.0,0
jp22_2.4_57.png,train,0,0,0,0,0,100.0,0
jp22_2.4_58.png,train,0,0,0,0,0,100.0,0
jp22_2.4_59.png,train,0,0,0,0,0,100.0,0
jp22_2.4_6.png,train,0,0,0,0,0,100.0,0
jp22_2.4_60.png,train,0,0,0,0,0,100.0,0
jp22_2.4_61.png,train,0,0,0,0,0,100.0,0
jp22_2.4_62.png,train,0,0,0,0,0,100.0,0
jp22_2.4_63.png,train,0,0,0,0,0,100.0,0
jp22_2.4_64.png,train,0,0,0,0,0,100.0,0
jp22_2.4_65.png,train,0,0,0,0,0,100.0,0
jp22_2.4_66.png,train,0,0,0,0,0,100.0,0
jp22_2.4_67.png,train,0,0,0,0,0,100.0,0
jp22_2.4_68.png,train,0,0,0,0,0,100.0,0
jp22_2.4_69.png,train,0,0,0,0,0,100.0,0
jp22_2.4_7.png,train,0,0,0,0,0,100.0,0
jp22_2.4_70.png,train,0,0,0,0,0,100.0,0
jp22_2.4_71.png,train,0,0,0,0,0,100.0,0
jp22_2.4_72.png,train,0,0,0,0,0,100.0,0
jp22_2.4_73.png,train,0,0,0,0,0,100.0,0
jp22_2.4_74.png,train,0,0,0,0,0,100.0,0
jp22_2.4_75.png,train,0,0,0,0,0,100.0,0
jp22_2.4_76.png,train,0,0,0,0,0,100.0,0
jp22_2.4_77.png,train,0,0,0,0,0,100.0,0
jp22_2.4_78.png,train,0,0,0,0,0,100.0,0
jp22_2.4_79.png,train,0,0,0,0,0,100.0,0
jp22_2.4_8.png,train,0,0,0,0,0,100.0,0
jp22_2.4_80.png,train,0,0,0,0,0,100.0,0
jp22_2.4_81.png,train,0,0,0,0,0,100.0,0
jp22_2.4_9.png,train,0,0,0,0,0,100.0,0
jp22_2.6_1.png,train,0,0,0,0,0,100.0,0
jp22_2.6_10.png,train,0,0,0,0,0,100.0,0
jp22_2.6_11.png,train,0,0,0,0,0,100.0,0
jp22_2.6_12.png,train,0,0,0,0,0,100.0,0
jp22_2.6_13.png,train,0,0,0,0,0,100.0,0
jp22_2.6_14.png,train,0,0,0,0,0,100.0,0
jp22_2.6_15.png,train,0,0,0,0,0,100.0,0
jp22_2.6_16.png,train,0,0,0,0,0,100.0,0
jp22_2.6_17.png,train,0,0,0,0,0,100.0,0
jp22_2.6_18.png,train,0,0,0,0,0,100.0,0
jp22_2.6_19.png,train,0,0,0,0,0,100.0,0
jp22_2.6_2.png,train,0,0,0,0,0,100.0,0
jp22_2.6_20.png,train,0,0,0,0,0,100.0,0
jp22_2.6_21.png,train,0,0,0,0,0,100.0,0
jp22_2.6_22.png,train,0,0,0,0,0,100.0,0
jp22_2.6_23.png,train,0,0,0,0,0,100.0,0
jp22_2.6_24.png,train,0,0,0,0,0,100.0,0
jp22_2.6_25.png,train,0,0,0,0,0,100.0,0
jp22_2.6_26.png,train,0,0,0,0,0,100.0,0
jp22_2.6_27.png,train,0,0,0,0,0,100.0,0
jp22_2.6_28.png,train,0,0,0,0,0,100.0,0
jp22_2.6_29.png,train,0,0,0,0,0,100.0,0
jp22_2.6_3.png,train,0,0,0,0,0,100.0,0
jp22_2.6_30.png,train,0,0,0,0,0,100.0,0
jp22_2.6_31.png,train,0,0,0,0,0,100.0,0
jp22_2.6_32.png,train,0,0,0,0,0,100.0,0
jp22_2.6_33.png,train,0,0,0,0,0,100.0,0
jp22_2.6_34.png,train,0,0,0,0,0,100.0,0
jp22_2.6_35.png,train,0,0,0,0,0,100.0,0
jp22_2.6_36.png,train,0,0,0,0,0,100.0,0
jp22_2.6_37.png,train,0,0,0,0,0,100.0,0
jp22_2.6_38.png,train,0,0,0,0,0,100.0,0
jp22_2.6_39.png,train,0,0,0,0,0,100.0,0
jp22_2.6_4.png,train,0,0,0,0,0,100.0,0
jp22_2.6_40.png,train,0,0,0,0,0,100.0,0
jp22_2.6_41.png,train,0,0,0,0,0,100.0,0
jp22_2.6_42.png,train,0,0,0,0,0,100.0,0
jp22_2.6_43.png,train,0,0,0,0,0,100.0,0
jp22_2.6_44.png,train,0,0,0,0,0,100.0,0
jp22_2.6_45.png,train,0,0,0,0,0,100.0,0
jp22_2.6_46.png,train,0,0,0,0,0,100.0,0
jp22_2.6_47.png,train,0,0,0,0,0,100.0,0
jp22_2.6_48.png,train,0,0,0,0,0,100.0,0
jp22_2.6_49.png,train,0,0,0,0,0,100.0,0
jp22_2.6_5.png,train,0,0,0,0,0,100.0,0
jp22_2.6_50.png,train,0,0,0,0,0,100.0,0
jp22_2.6_51.png,train,0,0,0,0,0,100.0,0
jp22_2.6_52.png,train,0,0,0,0,0,100.0,0
jp22_2.6_53.png,train,0,0,0,0,0,100.0,0
jp22_2.6_54.png,train,0,0,0,0,0,100.0,0
jp22_2.6_55.png,train,0,0,0,0,0,100.0,0
jp22_2.6_56.png,train,0,0,0,0,0,100.0,0
jp22_2.6_57.png,train,0,0,0,0,0,100.0,0
jp22_2.6_58.png,train,0,0,0,0,0,100.0,0
jp22_2.6_59.png,train,0,0,0,0,0,100.0,0
jp22_2.6_6.png,train,0,0,0,0,0,100.0,0
jp22_2.6_60.png,train,0,0,0,0,0,100.0,0
jp22_2.6_61.png,train,0,0,0,0,0,100.0,0
jp22_2.6_62.png,train,0,0,0,0,0,100.0,0
jp22_2.6_63.png,train,0,0,0,0,0,100.0,0
jp22_2.6_64.png,train,0,0,0,0,0,100.0,0
jp22_2.6_65.png,train,0,0,0,0,0,100.0,0
jp22_2.6_66.png,train,0,0,0,0,0,100.0,0
jp22_2.6_67.png,train,0,0,0,0,0,100.0,0
jp22_2.6_68.png,train,0,0,0,0,0,100.0,0
jp22_2.6_69.png,train,0,0,0,0,0,100.0,0
jp22_2.6_7.png,train,0,0,0,0,0,100.0,0
jp22_2.6_70.png,train,0,0,0,0,0,100.0,0
jp22_2.6_71.png,train,0,0,0,0,0,100.0,0
jp22_2.6_72.png,train,0,0,0,0,0,100.0,0
jp22_2.6_73.png,train,0,0,0,0,0,100.0,0
jp22_2.6_74.png,train,0,0,0,0,0,100.0,0
jp22_2.6_75.png,train,0,0,0,0,0,100.0,0
jp22_2.6_76.png,train,0,0,0,0,0,100.0,0
jp22_2.6_77.png,train,0,0,0,0,0,100.0,0
jp22_2.6_78.png,train,0,0,0,0,0,100.0,0
jp22_2.6_79.png,train,0,0,0,0,0,100.0,0
jp22_2.6_8.png,train,0,0,0,0,0,100.0,0
jp22_2.6_80.png,train,0,0,0,0,0,100.0,0
jp22_2.6_81.png,train,0,0,0,0,0,100.0,0
jp22_2.6_9.png,train,0,0,0,0,0,100.0,0
jp22_2.7_1.png,train,0,0,0,0,0,100.0,0
jp22_2.7_10.png,train,0,0,0,0,0,100.0,0
jp22_2.7_11.png,train,0,0,0,0,0,100.0,0
jp22_2.7_12.png,train,0,0,0,0,0,100.0,0
jp22_2.7_13.png,train,0,0,0,0,0,100.0,0
jp22_2.7_14.png,train,0,0,0,0,0,100.0,0
jp22_2.7_15.png,train,0,0,0,0,0,100.0,0
jp22_2.7_16.png,train,0,0,0,0,0,100.0,0
jp22_2.7_17.png,train,0,0,0,0,0,100.0,0
jp22_2.7_18.png,train,0,0,0,0,0,100.0,0
jp22_2.7_19.png,train,0,0,0,0,0,100.0,0
jp22_2.7_2.png,train,0,0,0,0,0,100.0,0
jp22_2.7_20.png,train,0,0,0,0,0,100.0,0
jp22_2.7_21.png,train,0,0,0,0,0,100.0,0
jp22_2.7_22.png,train,0,0,0,0,0,100.0,0
jp22_2.7_23.png,train,0,0,0,0,0,100.0,0
jp22_2.7_24.png,train,0,0,0,0,0,100.0,0
jp22_2.7_25.png,train,0,0,0,0,0,100.0,0
jp22_2.7_26.png,train,0,0,0,0,0,100.0,0
jp22_2.7_27.png,train,0,0,0,0,0,100.0,0
jp22_2.7_28.png,train,0,0,0,0,0,100.0,0
jp22_2.7_29.png,train,0,0,0,0,0,100.0,0
jp22_2.7_3.png,train,0,0,0,0,0,100.0,0
jp22_2.7_30.png,train,0,0,0,0,0,100.0,0
jp22_2.7_31.png,train,0,0,0,0,0,100.0,0
jp22_2.7_32.png,train,0,0,0,0,0,100.0,0
jp22_2.7_33.png,train,0,0,0,0,0,100.0,0
jp22_2.7_34.png,train,0,0,0,0,0,100.0,0
jp22_2.7_35.png,train,0,0,0,0,0,100.0,0
jp22_2.7_36.png,train,0,0,0,0,0,100.0,0
jp22_2.7_37.png,train,0,0,0,0,0,100.0,0
jp22_2.7_38.png,train,0,0,0,0,0,100.0,0
jp22_2.7_39.png,train,0,0,0,0,0,100.0,0
jp22_2.7_4.png,train,0,0,0,0,0,100.0,0
jp22_2.7_40.png,train,0,0,0,0,0,100.0,0
jp22_2.7_41.png,train,0,0,0,0,0,100.0,0
jp22_2.7_42.png,train,0,0,0,0,0,100.0,0
jp22_2.7_43.png,train,0,0,0,0,0,100.0,0
jp22_2.7_44.png,train,0,0,0,0,0,100.0,0
jp22_2.7_45.png,train,0,0,0,0,0,100.0,0
jp22_2.7_46.png,train,0,0,0,0,0,100.0,0
jp22_2.7_47.png,train,0,0,0,0,0,100.0,0
jp22_2.7_48.png,train,0,0,0,0,0,100.0,0
jp22_2.7_49.png,train,0,0,0,0,0,100.0,0
jp22_2.7_5.png,train,0,0,0,0,0,100.0,0
jp22_2.7_50.png,train,0,0,0,0,0,100.0,0
jp22_2.7_51.png,train,0,0,0,0,0,100.0,0
jp22_2.7_52.png,train,0,0,0,0,0,100.0,0
jp22_2.7_53.png,train,0,0,0,0,0,100.0,0
jp22_2.7_54.png,train,0,0,0,0,0,100.0,0
jp22_2.7_55.png,train,0,0,0,0,0,100.0,0
jp22_2.7_56.png,train,0,0,0,0,0,100.0,0
jp22_2.7_57.png,train,0,0,0,0,0,100.0,0
jp22_2.7_58.png,train,0,0,0,0,0,100.0,0
jp22_2.7_59.png,train,0,0,0,0,0,100.0,0
jp22_2.7_6.png,train,0,0,0,0,0,100.0,0
jp22_2.7_60.png,train,0,0,0,0,0,100.0,0
jp22_2.7_61.png,train,0,0,0,0,0,100.0,0
jp22_2.7_62.png,train,0,0,0,0,0,100.0,0
jp22_2.7_63.png,train,0,0,0,0,0,100.0,0
jp22_2.7_64.png,train,0,0,0,0,0,100.0,0
jp22_2.7_65.png,train,0,0,0,0,0,100.0,0
jp22_2.7_66.png,train,0,0,0,0,0,100.0,0
jp22_2.7_67.png,train,0,0,0,0,0,100.0,0
jp22_2.7_68.png,train,0,0,0,0,0,100.0,0
jp22_2.7_69.png,train,0,0,0,0,0,100.0,0
jp22_2.7_7.png,train,0,0,0,0,0,100.0,0
jp22_2.7_70.png,train,0,0,0,0,0,100.0,0
jp22_2.7_71.png,train,0,0,0,0,0,100.0,0
jp22_2.7_72.png,train,0,0,0,0,0,100.0,0
jp22_2.7_73.png,train,0,0,0,0,0,100.0,0
jp22_2.7_74.png,train,0,0,0,0,0,100.0,0
jp22_2.7_75.png,train,0,0,0,0,0,100.0,0
jp22_2.7_76.png,train,0,0,0,0,0,100.0,0
jp22_2.7_77.png,train,0,0,0,0,0,100.0,0
jp22_2.7_78.png,train,0,0,0,0,0,100.0,0
jp22_2.7_79.png,train,0,0,0,0,0,100.0,0
jp22_2.7_8.png,train,0,0,0,0,0,100.0,0
jp22_2.7_80.png,train,0,0,0,0,0,100.0,0
jp22_2.7_81.png,train,0,0,0,0,0,100.0,0
jp22_2.7_9.png,train,0,0,0,0,0,100.0,0
jp22_2.9_1.png,train,0,0,0,0,0,100.0,0
jp22_2.9_10.png,train,0,0,0,0,0,100.0,0
jp22_2.9_11.png,train,0,0,0,0,0,100.0,0
jp22_2.9_12.png,train,0,0,0,0,0,100.0,0
jp22_2.9_13.png,train,0,0,0,0,0,100.0,0
jp22_2.9_14.png,train,0,0,0,0,0,100.0,0
jp22_2.9_15.png,train,0,0,0,0,0,100.0,0
jp22_2.9_16.png,train,0,0,0,0,0,100.0,0
jp22_2.9_17.png,train,0,0,0,0,0,100.0,0
jp22_2.9_18.png,train,0,0,0,0,0,100.0,0
jp22_2.9_19.png,train,0,0,0,0,0,100.0,0
jp22_2.9_2.png,train,0,0,0,0,0,100.0,0
jp22_2.9_20.png,train,0,0,0,0,0,100.0,0
jp22_2.9_21.png,train,0,0,0,0,0,100.0,0
jp22_2.9_22.png,train,0,0,0,0,0,100.0,0
jp22_2.9_23.png,train,0,0,0,0,0,100.0,0
jp22_2.9_24.png,train,0,0,0,0,0,100.0,0
jp22_2.9_25.png,train,0,0,0,0,0,100.0,0
jp22_2.9_26.png,train,0,0,0,0,0,100.0,0
jp22_2.9_27.png,train,0,0,0,0,0,100.0,0
jp22_2.9_28.png,train,0,0,0,0,0,100.0,0
jp22_2.9_29.png,train,0,0,0,0,0,100.0,0
jp22_2.9_3.png,train,0,0,0,0,0,100.0,0
jp22_2.9_30.png,train,0,0,0,0,0,100.0,0
jp22_2.9_31.png,train,0,0,0,0,0,100.0,0
jp22_2.9_32.png,train,0,0,0,0,0,100.0,0
jp22_2.9_33.png,train,0,0,0,0,0,100.0,0
jp22_2.9_34.png,train,0,0,0,0,0,100.0,0
jp22_2.9_35.png,train,0,0,0,0,0,100.0,0
jp22_2.9_36.png,train,0,0,0,0,0,100.0,0
jp22_2.9_37.png,train,0,0,0,0,0,100.0,0
jp22_2.9_38.png,train,0,0,0,0,0,100.0,0
jp22_2.9_39.png,train,0,0,0,0,0,100.0,0
jp22_2.9_4.png,train,0,0,0,0,0,100.0,0
jp22_2.9_40.png,train,0,0,0,0,0,100.0,0
jp22_2.9_41.png,train,0,0,0,0,0,100.0,0
jp22_2.9_42.png,train,0,0,0,0,0,100.0,0
jp22_2.9_43.png,train,0,0,0,0,0,100.0,0
jp22_2.9_44.png,train,0,0,0,0,0,100.0,0
jp22_2.9_45.png,train,0,0,0,0,0,100.0,0
jp22_2.9_46.png,train,0,0,0,0,0,100.0,0
jp22_2.9_47.png,train,0,0,0,0,0,100.0,0
jp22_2.9_48.png,train,0,0,0,0,0,100.0,0
jp22_2.9_49.png,train,0,0,0,0,0,100.0,0
jp22_2.9_5.png,train,0,0,0,0,0,100.0,0
jp22_2.9_50.png,train,0,0,0,0,0,100.0,0
jp22_2.9_51.png,train,0,0,0,0,0,100.0,0
jp22_2.9_52.png,train,0,0,0,0,0,100.0,0
jp22_2.9_53.png,train,0,0,0,0,0,100.0,0
jp22_2.9_54.png,train,0,0,0,0,0,100.0,0
jp22_2.9_55.png,train,0,0,0,0,0,100.0,0
jp22_2.9_56.png,train,0,0,0,0,0,100.0,0
jp22_2.9_57.png,train,0,0,0,0,0,100.0,0
jp22_2.9_58.png,train,0,0,0,0,0,100.0,0
jp22_2.9_59.png,train,0,0,0,0,0,100.0,0
jp22_2.9_6.png,train,0,0,0,0,0,100.0,0
jp22_2.9_60.png,train,0,0,0,0,0,100.0,0
jp22_2.9_61.png,train,0,0,0,0,0,100.0,0
jp22_2.9_62.png,train,0,0,0,0,0,100.0,0
jp22_2.9_63.png,train,0,0,0,0,0,100.0,0
jp22_2.9_64.png,train,0,0,0,0,0,100.0,0
jp22_2.9_65.png,train,0,0,0,0,0,100.0,0
jp22_2.9_66.png,train,0,0,0,0,0,100.0,0
jp22_2.9_67.png,train,0,0,0,0,0,100.0,0
jp22_2.9_68.png,train,0,0,0,0,0,100.0,0
jp22_2.9_69.png,train,0,0,0,0,0,100.0,0
jp22_2.9_7.png,train,0,0,0,0,0,100.0,0
jp22_2.9_70.png,train,0,0,0,0,0,100.0,0
jp22_2.9_71.png,train,0,0,0,0,0,100.0,0
jp22_2.9_72.png,train,0,0,0,0,0,100.0,0
jp22_2.9_73.png,train,0,0,0,0,0,100.0,0
jp22_2.9_74.png,train,0,0,0,0,0,100.0,0
jp22_2.9_75.png,train,0,0,0,0,0,100.0,0
jp22_2.9_76.png,train,0,0,0,0,0,100.0,0
jp22_2.9_77.png,train,0,0,0,0,0,100.0,0
jp22_2.9_78.png,train,0,0,0,0,0,100.0,0
jp22_2.9_79.png,train,0,0,0,0,0,100.0,0
jp22_2.9_8.png,train,0,0,0,0,0,100.0,0
jp22_2.9_80.png,train,0,0,0,0,0,100.0,0
jp22_2.9_81.png,train,0,0,0,0,0,100.0,0
jp22_2.9_9.png,train,0,0,0,0,0,100.0,0
jp22_3.0_1.png,train,0,0,0,0,0,100.0,0
jp22_3.0_10.png,train,0,0,0,0,0,100.0,0
jp22_3.0_11.png,train,0,0,0,0,0,100.0,0
jp22_3.0_12.png,train,0,0,0,0,0,100.0,0
jp22_3.0_13.png,train,0,0,0,0,0,100.0,0
jp22_3.0_14.png,train,0,0,0,0,0,100.0,0
jp22_3.0_15.png,train,0,0,0,0,0,100.0,0
jp22_3.0_16.png,train,0,0,0,0,0,100.0,0
jp22_3.0_17.png,train,0,0,0,0,0,100.0,0
jp22_3.0_18.png,train,0,0,0,0,0,100.0,0
jp22_3.0_19.png,train,0,0,0,0,0,100.0,0
jp22_3.0_2.png,train,0,0,0,0,0,100.0,0
jp22_3.0_20.png,train,0,0,0,0,0,100.0,0
jp22_3.0_21.png,train,0,0,0,0,0,100.0,0
jp22_3.0_22.png,train,0,0,0,0,0,100.0,0
jp22_3.0_23.png,train,0,0,0,0,0,100.0,0
jp22_3.0_24.png,train,0,0,0,0,0,100.0,0
jp22_3.0_25.png,train,0,0,0,0,0,100.0,0
jp22_3.0_26.png,train,0,0,0,0,0,100.0,0
jp22_3.0_27.png,train,0,0,0,0,0,100.0,0
jp22_3.0_28.png,train,0,0,0,0,0,100.0,0
jp22_3.0_29.png,train,0,0,0,0,0,100.0,0
jp22_3.0_3.png,train,0,0,0,0,0,100.0,0
jp22_3.0_30.png,train,0,0,0,0,0,100.0,0
jp22_3.0_31.png,train,0,0,0,0,0,100.0,0
jp22_3.0_32.png,train,0,0,0,0,0,100.0,0
jp22_3.0_33.png,train,0,0,0,0,0,100.0,0
jp22_3.0_34.png,train,0,0,0,0,0,100.0,0
jp22_3.0_35.png,train,0,0,0,0,0,100.0,0
jp22_3.0_36.png,train,0,0,0,0,0,100.0,0
jp22_3.0_37.png,train,0,0,0,0,0,100.0,0
jp22_3.0_38.png,train,0,0,0,0,0,100.0,0
jp22_3.0_39.png,train,0,0,0,0,0,100.0,0
jp22_3.0_4.png,train,0,0,0,0,0,100.0,0
jp22_3.0_40.png,train,0,0,0,0,0,100.0,0
jp22_3.0_41.png,train,0,0,0,0,0,100.0,0
jp22_3.0_42.png,train,0,0,0,0,0,100.0,0
jp22_3.0_43.png,train,0,0,0,0,0,100.0,0
jp22_3.0_44.png,train,0,0,0,0,0,100.0,0
jp22_3.0_45.png,train,0,0,0,0,0,100.0,0
jp22_3.0_46.png,train,0,0,0,0,0,100.0,0
jp22_3.0_47.png,train,0,0,0,0,0,100.0,0
jp22_3.0_48.png,train,0,0,0,0,0,100.0,0
jp22_3.0_49.png,train,0,0,0,0,0,100.0,0
jp22_3.0_5.png,train,0,0,0,0,0,100.0,0
jp22_3.0_50.png,train,0,0,0,0,0,100.0,0
jp22_3.0_51.png,train,0,0,0,0,0,100.0,0
jp22_3.0_52.png,train,0,0,0,0,0,100.0,0
jp22_3.0_53.png,train,0,0,0,0,0,100.0,0
jp22_3.0_54.png,train,0,0,0,0,0,100.0,0
jp22_3.0_55.png,train,0,0,0,0,0,100.0,0
jp22_3.0_56.png,train,0,0,0,0,0,100.0,0
jp22_3.0_57.png,train,0,0,0,0,0,100.0,0
jp22_3.0_58.png,train,0,0,0,0,0,100.0,0
jp22_3.0_59.png,train,0,0,0,0,0,100.0,0
jp22_3.0_6.png,train,0,0,0,0,0,100.0,0
jp22_3.0_60.png,train,0,0,0,0,0,100.0,0
jp22_3.0_61.png,train,0,0,0,0,0,100.0,0
jp22_3.0_62.png,train,0,0,0,0,0,100.0,0
jp22_3.0_63.png,train,0,0,0,0,0,100.0,0
jp22_3.0_64.png,train,0,0,0,0,0,100.0,0
jp22_3.0_65.png,train,0,0,0,0,0,100.0,0
jp22_3.0_66.png,train,0,0,0,0,0,100.0,0
jp22_3.0_67.png,train,0,0,0,0,0,100.0,0
jp22_3.0_68.png,train,0,0,0,0,0,100.0,0
jp22_3.0_69.png,train,0,0,0,0,0,100.0,0
jp22_3.0_7.png,train,0,0,0,0,0,100.0,0
jp22_3.0_70.png,train,0,0,0,0,0,100.0,0
jp22_3.0_71.png,train,0,0,0,0,0,100.0,0
jp22_3.0_72.png,train,0,0,0,0,0,100.0,0
jp22_3.0_73.png,train,0,0,0,0,0,100.0,0
jp22_3.0_74.png,train,0,0,0,0,0,100.0,0
jp22_3.0_75.png,train,0,0,0,0,0,100.0,0
jp22_3.0_76.png,train,0,0,0,0,0,100.0,0
jp22_3.0_77.png,train,0,0,0,0,0,100.0,0
jp22_3.0_78.png,train,0,0,0,0,0,100.0,0
jp22_3.0_79.png,train,0,0,0,0,0,100.0,0
jp22_3.0_8.png,train,0,0,0,0,0,100.0,0
jp22_3.0_80.png,train,0,0,0,0,0,100.0,0
jp22_3.0_81.png,train,0,0,0,0,0,100.0,0
jp22_3.0_9.png,train,0,0,0,0,0,100.0,0
jp22_3.1_1.png,train,0,0,0,0,0,100.0,0
jp22_3.1_10.png,train,0,0,0,0,0,100.0,0
jp22_3.1_11.png,train,0,0,0,0,0,100.0,0
jp22_3.1_12.png,train,0,0,0,0,0,100.0,0
jp22_3.1_13.png,train,0,0,0,0,0,100.0,0
jp22_3.1_14.png,train,0,0,0,0,0,100.0,0
jp22_3.1_15.png,train,0,0,0,0,0,100.0,0
jp22_3.1_16.png,train,0,0,0,0,0,100.0,0
jp22_3.1_17.png,train,0,0,0,0,0,100.0,0
jp22_3.1_18.png,train,0,0,0,0,0,100.0,0
jp22_3.1_19.png,train,0,0,0,0,0,100.0,0
jp22_3.1_2.png,train,0,0,0,0,0,100.0,0
jp22_3.1_20.png,train,0,0,0,0,0,100.0,0
jp22_3.1_21.png,train,0,0,0,0,0,100.0,0
jp22_3.1_22.png,train,0,0,0,0,0,100.0,0
jp22_3.1_23.png,train,0,0,0,0,0,100.0,0
jp22_3.1_24.png,train,0,0,0,0,0,100.0,0
jp22_3.1_25.png,train,0,0,0,0,0,100.0,0
jp22_3.1_26.png,train,0,0,0,0,0,100.0,0
jp22_3.1_27.png,train,0,0,0,0,0,100.0,0
jp22_3.1_28.png,train,0,0,0,0,0,100.0,0
jp22_3.1_29.png,train,0,0,0,0,0,100.0,0
jp22_3.1_3.png,train,0,0,0,0,0,100.0,0
jp22_3.1_30.png,train,0,0,0,0,0,100.0,0
jp22_3.1_31.png,train,0,0,0,0,0,100.0,0
jp22_3.1_32.png,train,0,0,0,0,0,100.0,0
jp22_3.1_33.png,train,0,0,0,0,0,100.0,0
jp22_3.1_34.png,train,0,0,0,0,0,100.0,0
jp22_3.1_35.png,train,0,0,0,0,0,100.0,0
jp22_3.1_36.png,train,0,0,0,0,0,100.0,0
jp22_3.1_37.png,train,0,0,0,0,0,100.0,0
jp22_3.1_38.png,train,0,0,0,0,0,100.0,0
jp22_3.1_39.png,train,0,0,0,0,0,100.0,0
jp22_3.1_4.png,train,0,0,0,0,0,100.0,0
jp22_3.1_40.png,train,0,0,0,0,0,100.0,0
jp22_3.1_41.png,train,0,0,0,0,0,100.0,0
jp22_3.1_42.png,train,0,0,0,0,0,100.0,0
jp22_3.1_43.png,train,0,0,0,0,0,100.0,0
jp22_3.1_44.png,train,0,0,0,0,0,100.0,0
jp22_3.1_45.png,train,0,0,0,0,0,100.0,0
jp22_3.1_46.png,train,0,0,0,0,0,100.0,0
jp22_3.1_47.png,train,0,0,0,0,0,100.0,0
jp22_3.1_48.png,train,0,0,0,0,0,100.0,0
jp22_3.1_49.png,train,0,0,0,0,0,100.0,0
jp22_3.1_5.png,train,0,0,0,0,0,100.0,0
jp22_3.1_50.png,train,0,0,0,0,0,100.0,0
jp22_3.1_51.png,train,0,0,0,0,0,100.0,0
jp22_3.1_52.png,train,0,0,0,0,0,100.0,0
jp22_3.1_53.png,train,0,0,0,0,0,100.0,0
jp22_3.1_54.png,train,0,0,0,0,0,100.0,0
jp22_3.1_55.png,train,0,0,0,0,0,100.0,0
jp22_3.1_56.png,train,0,0,0,0,0,100.0,0
jp22_3.1_57.png,train,0,0,0,0,0,100.0,0
jp22_3.1_58.png,train,0,0,0,0,0,100.0,0
jp22_3.1_59.png,train,0,0,0,0,0,100.0,0
jp22_3.1_6.png,train,0,0,0,0,0,100.0,0
jp22_3.1_60.png,train,0,0,0,0,0,100.0,0
jp22_3.1_61.png,train,0,0,0,0,0,100.0,0
jp22_3.1_62.png,train,0,0,0,0,0,100.0,0
jp22_3.1_63.png,train,0,0,0,0,0,100.0,0
jp22_3.1_64.png,train,0,0,0,0,0,100.0,0
jp22_3.1_65.png,train,0,0,0,0,0,100.0,0
jp22_3.1_66.png,train,0,0,0,0,0,100.0,0
jp22_3.1_67.png,train,0,0,0,0,0,100.0,0
jp22_3.1_68.png,train,0,0,0,0,0,100.0,0
jp22_3.1_69.png,train,0,0,0,0,0,100.0,0
jp22_3.1_7.png,train,0,0,0,0,0,100.0,0
jp22_3.1_70.png,train,0,0,0,0,0,100.0,0
jp22_3.1_71.png,train,0,0,0,0,0,100.0,0
jp22_3.1_72.png,train,0,0,0,0,0,100.0,0
jp22_3.1_73.png,train,0,0,0,0,0,100.0,0
jp22_3.1_74.png,train,0,0,0,0,0,100.0,0
jp22_3.1_75.png,train,0,0,0,0,0,100.0,0
jp22_3.1_76.png,train,0,0,0,0,0,100.0,0
jp22_3.1_77.png,train,0,0,0,0,0,100.0,0
jp22_3.1_78.png,train,0,0,0,0,0,100.0,0
jp22_3.1_79.png,train,0,0,0,0,0,100.0,0
jp22_3.1_8.png,train,0,0,0,0,0,100.0,0
jp22_3.1_80.png,train,0,0,0,0,0,100.0,0
jp22_3.1_81.png,train,0,0,0,0,0,100.0,0
jp22_3.1_9.png,train,0,0,0,0,0,100.0,0
jp22_3.2_1.png,train,0,0,0,0,0,100.0,0
jp22_3.2_10.png,train,0,0,0,0,0,100.0,0
jp22_3.2_11.png,train,0,0,0,0,0,100.0,0
jp22_3.2_12.png,train,0,0,0,0,0,100.0,0
jp22_3.2_13.png,train,0,0,0,0,0,100.0,0
jp22_3.2_14.png,train,0,0,0,0,0,100.0,0
jp22_3.2_15.png,train,0,0,0,0,0,100.0,0
jp22_3.2_16.png,train,0,0,0,0,0,100.0,0
jp22_3.2_17.png,train,0,0,0,0,0,100.0,0
jp22_3.2_18.png,train,0,0,0,0,0,100.0,0
jp22_3.2_19.png,train,0,0,0,0,0,100.0,0
jp22_3.2_2.png,train,0,0,0,0,0,100.0,0
jp22_3.2_20.png,train,0,0,0,0,0,100.0,0
jp22_3.2_21.png,train,0,0,0,0,0,100.0,0
jp22_3.2_22.png,train,0,0,0,0,0,100.0,0
jp22_3.2_23.png,train,0,0,0,0,0,100.0,0
jp22_3.2_24.png,train,0,0,0,0,0,100.0,0
jp22_3.2_25.png,train,0,0,0,0,0,100.0,0
jp22_3.2_26.png,train,0,0,0,0,0,100.0,0
jp22_3.2_27.png,train,0,0,0,0,0,100.0,0
jp22_3.2_28.png,train,0,0,0,0,0,100.0,0
jp22_3.2_29.png,train,0,0,0,0,0,100.0,0
jp22_3.2_3.png,train,0,0,0,0,0,100.0,0
jp22_3.2_30.png,train,0,0,0,0,0,100.0,0
jp22_3.2_31.png,train,0,0,0,0,0,100.0,0
jp22_3.2_32.png,train,0,0,0,0,0,100.0,0
jp22_3.2_33.png,train,0,0,0,0,0,100.0,0
jp22_3.2_34.png,train,0,0,0,0,0,100.0,0
jp22_3.2_35.png,train,0,0,0,0,0,100.0,0
jp22_3.2_36.png,train,0,0,0,0,0,100.0,0
jp22_3.2_37.png,train,0,0,0,0,0,100.0,0
jp22_3.2_38.png,train,0,0,0,0,0,100.0,0
jp22_3.2_39.png,train,0,0,0,0,0,100.0,0
jp22_3.2_4.png,train,0,0,0,0,0,100.0,0
jp22_3.2_40.png,train,0,0,0,0,0,100.0,0
jp22_3.2_41.png,train,0,0,0,0,0,100.0,0
jp22_3.2_42.png,train,0,0,0,0,0,100.0,0
jp22_3.2_43.png,train,0,0,0,0,0,100.0,0
jp22_3.2_44.png,train,0,0,0,0,0,100.0,0
jp22_3.2_45.png,train,0,0,0,0,0,100.0,0
jp22_3.2_46.png,train,0,0,0,0,0,100.0,0
jp22_3.2_47.png,train,0,0,0,0,0,100.0,0
jp22_3.2_48.png,train,0,0,0,0,0,100.0,0
jp22_3.2_49.png,train,0,0,0,0,0,100.0,0
jp22_3.2_5.png,train,0,0,0,0,0,100.0,0
jp22_3.2_50.png,train,0,0,0,0,0,100.0,0
jp22_3.2_51.png,train,0,0,0,0,0,100.0,0
jp22_3.2_52.png,train,0,0,0,0,0,100.0,0
jp22_3.2_53.png,train,0,0,0,0,0,100.0,0
jp22_3.2_54.png,train,0,0,0,0,0,100.0,0
jp22_3.2_55.png,train,0,0,0,0,0,100.0,0
jp22_3.2_56.png,train,0,0,0,0,0,100.0,0
jp22_3.2_57.png,train,0,0,0,0,0,100.0,0
jp22_3.2_58.png,train,0,0,0,0,0,100.0,0
jp22_3.2_59.png,train,0,0,0,0,0,100.0,0
jp22_3.2_6.png,train,0,0,0,0,0,100.0,0
jp22_3.2_60.png,train,0,0,0,0,0,100.0,0
jp22_3.2_61.png,train,0,0,0,0,0,100.0,0
jp22_3.2_62.png,train,0,0,0,0,0,100.0,0
jp22_3.2_63.png,train,0,0,0,0,0,100.0,0
jp22_3.2_64.png,train,0,0,0,0,0,100.0,0
jp22_3.2_65.png,train,0,0,0,0,0,100.0,0
jp22_3.2_66.png,train,0,0,0,0,0,100.0,0
jp22_3.2_67.png,train,0,0,0,0,0,100.0,0
jp22_3.2_68.png,train,0,0,0,0,0,100.0,0
jp22_3.2_69.png,train,0,0,0,0,0,100.0,0
jp22_3.2_7.png,train,0,0,0,0,0,100.0,0
jp22_3.2_70.png,train,0,0,0,0,0,100.0,0
jp22_3.2_71.png,train,0,0,0,0,0,100.0,0
jp22_3.2_72.png,train,0,0,0,0,0,100.0,0
jp22_3.2_73.png,train,0,0,0,0,0,100.0,0
jp22_3.2_74.png,train,0,0,0,0,0,100.0,0
jp22_3.2_75.png,train,0,0,0,0,0,100.0,0
jp22_3.2_76.png,train,0,0,0,0,0,100.0,0
jp22_3.2_77.png,train,0,0,0,0,0,100.0,0
jp22_3.2_78.png,train,0,0,0,0,0,100.0,0
jp22_3.2_79.png,train,0,0,0,0,0,100.0,0
jp22_3.2_8.png,train,0,0,0,0,0,100.0,0
jp22_3.2_80.png,train,0,0,0,0,0,100.0,0
jp22_3.2_81.png,train,0,0,0,0,0,100.0,0
jp22_3.2_9.png,train,0,0,0,0,0,100.0,0
jp22_3.4_1.png,train,0,0,0,0,0,100.0,0
jp22_3.4_10.png,train,0,0,0,0,0,100.0,0
jp22_3.4_11.png,train,0,0,0,0,0,100.0,0
jp22_3.4_12.png,train,0,0,0,0,0,100.0,0
jp22_3.4_13.png,train,0,0,0,0,0,100.0,0
jp22_3.4_14.png,train,0,0,0,0,0,100.0,0
jp22_3.4_15.png,train,0,0,0,0,0,100.0,0
jp22_3.4_16.png,train,0,0,0,0,0,100.0,0
jp22_3.4_17.png,train,0,0,0,0,0,100.0,0
jp22_3.4_18.png,train,0,0,0,0,0,100.0,0
jp22_3.4_19.png,train,0,0,0,0,0,100.0,0
jp22_3.4_2.png,train,0,0,0,0,0,100.0,0
jp22_3.4_20.png,train,0,0,0,0,0,100.0,0
jp22_3.4_21.png,train,0,0,0,0,0,100.0,0
jp22_3.4_22.png,train,0,0,0,0,0,100.0,0
jp22_3.4_23.png,train,0,0,0,0,0,100.0,0
jp22_3.4_24.png,train,0,0,0,0,0,100.0,0
jp22_3.4_25.png,train,0,0,0,0,0,100.0,0
jp22_3.4_26.png,train,0,0,0,0,0,100.0,0
jp22_3.4_27.png,train,0,0,0,0,0,100.0,0
jp22_3.4_28.png,train,0,0,0,0,0,100.0,0
jp22_3.4_29.png,train,0,0,0,0,0,100.0,0
jp22_3.4_3.png,train,0,0,0,0,0,100.0,0
jp22_3.4_30.png,train,0,0,0,0,0,100.0,0
jp22_3.4_31.png,train,0,0,0,0,0,100.0,0
jp22_3.4_32.png,train,0,0,0,0,0,100.0,0
jp22_3.4_33.png,train,0,0,0,0,0,100.0,0
jp22_3.4_34.png,train,0,0,0,0,0,100.0,0
jp22_3.4_35.png,train,0,0,0,0,0,100.0,0
jp22_3.4_36.png,train,0,0,0,0,0,100.0,0
jp22_3.4_37.png,train,0,0,0,0,0,100.0,0
jp22_3.4_38.png,train,0,0,0,0,0,100.0,0
jp22_3.4_39.png,train,0,0,0,0,0,100.0,0
jp22_3.4_4.png,train,0,0,0,0,0,100.0,0
jp22_3.4_40.png,train,0,0,0,0,0,100.0,0
jp22_3.4_41.png,train,0,0,0,0,0,100.0,0
jp22_3.4_42.png,train,0,0,0,0,0,100.0,0
jp22_3.4_43.png,train,0,0,0,0,0,100.0,0
jp22_3.4_44.png,train,0,0,0,0,0,100.0,0
jp22_3.4_45.png,train,0,0,0,0,0,100.0,0
jp22_3.4_46.png,train,0,0,0,0,0,100.0,0
jp22_3.4_47.png,train,0,0,0,0,0,100.0,0
jp22_3.4_48.png,train,0,0,0,0,0,100.0,0
jp22_3.4_49.png,train,0,0,0,0,0,100.0,0
jp22_3.4_5.png,train,0,0,0,0,0,100.0,0
jp22_3.4_50.png,train,0,0,0,0,0,100.0,0
jp22_3.4_51.png,train,0,0,0,0,0,100.0,0
jp22_3.4_52.png,train,0,0,0,0,0,100.0,0
jp22_3.4_53.png,train,0,0,0,0,0,100.0,0
jp22_3.4_54.png,train,0,0,0,0,0,100.0,0
jp22_3.4_55.png,train,0,0,0,0,0,100.0,0
jp22_3.4_56.png,train,0,0,0,0,0,100.0,0
jp22_3.4_57.png,train,0,0,0,0,0,100.0,0
jp22_3.4_58.png,train,0,0,0,0,0,100.0,0
jp22_3.4_59.png,train,0,0,0,0,0,100.0,0
jp22_3.4_6.png,train,0,0,0,0,0,100.0,0
jp22_3.4_60.png,train,0,0,0,0,0,100.0,0
jp22_3.4_61.png,train,0,0,0,0,0,100.0,0
jp22_3.4_62.png,train,0,0,0,0,0,100.0,0
jp22_3.4_63.png,train,0,0,0,0,0,100.0,0
jp22_3.4_64.png,train,0,0,0,0,0,100.0,0
jp22_3.4_65.png,train,0,0,0,0,0,100.0,0
jp22_3.4_66.png,train,0,0,0,0,0,100.0,0
jp22_3.4_67.png,train,0,0,0,0,0,100.0,0
jp22_3.4_68.png,train,0,0,0,0,0,100.0,0
jp22_3.4_69.png,train,0,0,0,0,0,100.0,0
jp22_3.4_7.png,train,0,0,0,0,0,100.0,0
jp22_3.4_70.png,train,0,0,0,0,0,100.0,0
jp22_3.4_71.png,train,0,0,0,0,0,100.0,0
jp22_3.4_72.png,train,0,0,0,0,0,100.0,0
jp22_3.4_73.png,train,0,0,0,0,0,100.0,0
jp22_3.4_74.png,train,0,0,0,0,0,100.0,0
jp22_3.4_75.png,train,0,0,0,0,0,100.0,0
jp22_3.4_76.png,train,0,0,0,0,0,100.0,0
jp22_3.4_77.png,train,0,0,0,0,0,100.0,0
jp22_3.4_78.png,train,0,0,0,0,0,100.0,0
jp22_3.4_79.png,train,0,0,0,0,0,100.0,0
jp22_3.4_8.png,train,0,0,0,0,0,100.0,0
jp22_3.4_80.png,train,0,0,0,0,0,100.0,0
jp22_3.4_81.png,train,0,0,0,0,0,100.0,0
jp22_3.4_9.png,train,0,0,0,0,0,100.0,0
jp22_3.5_1.png,train,0,0,0,0,0,100.0,0
jp22_3.5_10.png,train,0,0,0,0,0,100.0,0
jp22_3.5_11.png,train,0,0,0,0,0,100.0,0
jp22_3.5_12.png,train,0,0,0,0,0,100.0,0
jp22_3.5_13.png,train,0,0,0,0,0,100.0,0
jp22_3.5_14.png,train,0,0,0,0,0,100.0,0
jp22_3.5_15.png,train,0,0,0,0,0,100.0,0
jp22_3.5_16.png,train,0,0,0,0,0,100.0,0
jp22_3.5_17.png,train,0,0,0,0,0,100.0,0
jp22_3.5_18.png,train,0,0,0,0,0,100.0,0
jp22_3.5_19.png,train,0,0,0,0,0,100.0,0
jp22_3.5_2.png,train,0,0,0,0,0,100.0,0
jp22_3.5_20.png,train,0,0,0,0,0,100.0,0
jp22_3.5_21.png,train,0,0,0,0,0,100.0,0
jp22_3.5_22.png,train,0,0,0,0,0,100.0,0
jp22_3.5_23.png,train,0,0,0,0,0,100.0,0
jp22_3.5_24.png,train,0,0,0,0,0,100.0,0
jp22_3.5_25.png,train,0,0,0,0,0,100.0,0
jp22_3.5_26.png,train,0,0,0,0,0,100.0,0
jp22_3.5_27.png,train,0,0,0,0,0,100.0,0
jp22_3.5_28.png,train,0,0,0,0,0,100.0,0
jp22_3.5_29.png,train,0,0,0,0,0,100.0,0
jp22_3.5_3.png,train,0,0,0,0,0,100.0,0
jp22_3.5_30.png,train,0,0,0,0,0,100.0,0
jp22_3.5_31.png,train,0,0,0,0,0,100.0,0
jp22_3.5_32.png,train,0,0,0,0,0,100.0,0
jp22_3.5_33.png,train,0,0,0,0,0,100.0,0
jp22_3.5_34.png,train,0,0,0,0,0,100.0,0
jp22_3.5_35.png,train,0,0,0,0,0,100.0,0
jp22_3.5_36.png,train,0,0,0,0,0,100.0,0
jp22_3.5_37.png,train,0,0,0,0,0,100.0,0
jp22_3.5_38.png,train,0,0,0,0,0,100.0,0
jp22_3.5_39.png,train,0,0,0,0,0,100.0,0
jp22_3.5_4.png,train,0,0,0,0,0,100.0,0
jp22_3.5_40.png,train,0,0,0,0,0,100.0,0
jp22_3.5_41.png,train,0,0,0,0,0,100.0,0
jp22_3.5_42.png,train,0,0,0,0,0,100.0,0
jp22_3.5_43.png,train,0,0,0,0,0,100.0,0
jp22_3.5_44.png,train,0,0,0,0,0,100.0,0
jp22_3.5_45.png,train,0,0,0,0,0,100.0,0
jp22_3.5_46.png,train,0,0,0,0,0,100.0,0
jp22_3.5_47.png,train,0,0,0,0,0,100.0,0
jp22_3.5_48.png,train,0,0,0,0,0,100.0,0
jp22_3.5_49.png,train,0,0,0,0,0,100.0,0
jp22_3.5_5.png,train,0,0,0,0,0,100.0,0
jp22_3.5_50.png,train,0,0,0,0,0,100.0,0
jp22_3.5_51.png,train,0,0,0,0,0,100.0,0
jp22_3.5_52.png,train,0,0,0,0,0,100.0,0
jp22_3.5_53.png,train,0,0,0,0,0,100.0,0
jp22_3.5_54.png,train,0,0,0,0,0,100.0,0
jp22_3.5_55.png,train,0,0,0,0,0,100.0,0
jp22_3.5_56.png,train,0,0,0,0,0,100.0,0
jp22_3.5_57.png,train,0,0,0,0,0,100.0,0
jp22_3.5_58.png,train,0,0,0,0,0,100.0,0
jp22_3.5_59.png,train,0,0,0,0,0,100.0,0
jp22_3.5_6.png,train,0,0,0,0,0,100.0,0
jp22_3.5_60.png,train,0,0,0,0,0,100.0,0
jp22_3.5_61.png,train,0,0,0,0,0,100.0,0
jp22_3.5_62.png,train,0,0,0,0,0,100.0,0
jp22_3.5_63.png,train,0,0,0,0,0,100.0,0
jp22_3.5_64.png,train,0,0,0,0,0,100.0,0
jp22_3.5_65.png,train,0,0,0,0,0,100.0,0
jp22_3.5_66.png,train,0,0,0,0,0,100.0,0
jp22_3.5_67.png,train,0,0,0,0,0,100.0,0
jp22_3.5_68.png,train,0,0,0,0,0,100.0,0
jp22_3.5_69.png,train,0,0,0,0,0,100.0,0
jp22_3.5_7.png,train,0,0,0,0,0,100.0,0
jp22_3.5_70.png,train,0,0,0,0,0,100.0,0
jp22_3.5_71.png,train,0,0,0,0,0,100.0,0
jp22_3.5_72.png,train,0,0,0,0,0,100.0,0
jp22_3.5_73.png,train,0,0,0,0,0,100.0,0
jp22_3.5_74.png,train,0,0,0,0,0,100.0,0
jp22_3.5_75.png,train,0,0,0,0,0,100.0,0
jp22_3.5_76.png,train,0,0,0,0,0,100.0,0
jp22_3.5_77.png,train,0,0,0,0,0,100.0,0
jp22_3.5_78.png,train,0,0,0,0,0,100.0,0
jp22_3.5_79.png,train,0,0,0,0,0,100.0,0
jp22_3.5_8.png,train,0,0,0,0,0,100.0,0
jp22_3.5_80.png,train,0,0,0,0,0,100.0,0
jp22_3.5_81.png,train,0,0,0,0,0,100.0,0
jp22_3.5_9.png,train,0,0,0,0,0,100.0,0
jp22_3.6_1.png,train,0,0,0,0,0,100.0,0
jp22_3.6_10.png,train,0,0,0,0,0,100.0,0
jp22_3.6_11.png,train,0,0,0,0,0,100.0,0
jp22_3.6_12.png,train,0,0,0,0,0,100.0,0
jp22_3.6_13.png,train,0,0,0,0,0,100.0,0
jp22_3.6_14.png,train,0,0,0,0,0,100.0,0
jp22_3.6_15.png,train,0,0,0,0,0,100.0,0
jp22_3.6_16.png,train,0,0,0,0,0,100.0,0
jp22_3.6_17.png,train,0,0,0,0,0,100.0,0
jp22_3.6_18.png,train,0,0,0,0,0,100.0,0
jp22_3.6_19.png,train,0,0,0,0,0,100.0,0
jp22_3.6_2.png,train,0,0,0,0,0,100.0,0
jp22_3.6_20.png,train,0,0,0,0,0,100.0,0
jp22_3.6_21.png,train,0,0,0,0,0,100.0,0
jp22_3.6_22.png,train,0,0,0,0,0,100.0,0
jp22_3.6_23.png,train,0,0,0,0,0,100.0,0
jp22_3.6_24.png,train,0,0,0,0,0,100.0,0
jp22_3.6_25.png,train,0,0,0,0,0,100.0,0
jp22_3.6_26.png,train,0,0,0,0,0,100.0,0
jp22_3.6_27.png,train,0,0,0,0,0,100.0,0
jp22_3.6_28.png,train,0,0,0,0,0,100.0,0
jp22_3.6_29.png,train,0,0,0,0,0,100.0,0
jp22_3.6_3.png,train,0,0,0,0,0,100.0,0
jp22_3.6_30.png,train,0,0,0,0,0,100.0,0
jp22_3.6_31.png,train,0,0,0,0,0,100.0,0
jp22_3.6_32.png,train,0,0,0,0,0,100.0,0
jp22_3.6_33.png,train,0,0,0,0,0,100.0,0
jp22_3.6_34.png,train,0,0,0,0,0,100.0,0
jp22_3.6_35.png,train,0,0,0,0,0,100.0,0
jp22_3.6_36.png,train,0,0,0,0,0,100.0,0
jp22_3.6_37.png,train,0,0,0,0,0,100.0,0
jp22_3.6_38.png,train,0,0,0,0,0,100.0,0
jp22_3.6_39.png,train,0,0,0,0,0,100.0,0
jp22_3.6_4.png,train,0,0,0,0,0,100.0,0
jp22_3.6_40.png,train,0,0,0,0,0,100.0,0
jp22_3.6_41.png,train,0,0,0,0,0,100.0,0
jp22_3.6_42.png,train,0,0,0,0,0,100.0,0
jp22_3.6_43.png,train,0,0,0,0,0,100.0,0
jp22_3.6_44.png,train,0,0,0,0,0,100.0,0
jp22_3.6_45.png,train,0,0,0,0,0,100.0,0
jp22_3.6_46.png,train,0,0,0,0,0,100.0,0
jp22_3.6_47.png,train,0,0,0,0,0,100.0,0
jp22_3.6_48.png,train,0,0,0,0,0,100.0,0
jp22_3.6_49.png,train,0,0,0,0,0,100.0,0
jp22_3.6_5.png,train,0,0,0,0,0,100.0,0
jp22_3.6_50.png,train,0,0,0,0,0,100.0,0
jp22_3.6_51.png,train,0,0,0,0,0,100.0,0
jp22_3.6_52.png,train,0,0,0,0,0,100.0,0
jp22_3.6_53.png,train,0,0,0,0,0,100.0,0
jp22_3.6_54.png,train,0,0,0,0,0,100.0,0
jp22_3.6_55.png,train,0,0,0,0,0,100.0,0
jp22_3.6_56.png,train,0,0,0,0,0,100.0,0
jp22_3.6_57.png,train,0,0,0,0,0,100.0,0
jp22_3.6_58.png,train,0,0,0,0,0,100.0,0
jp22_3.6_59.png,train,0,0,0,0,0,100.0,0
jp22_3.6_6.png,train,0,0,0,0,0,100.0,0
jp22_3.6_60.png,train,0,0,0,0,0,100.0,0
jp22_3.6_61.png,train,0,0,0,0,0,100.0,0
jp22_3.6_62.png,train,0,0,0,0,0,100.0,0
jp22_3.6_63.png,train,0,0,0,0,0,100.0,0
jp22_3.6_64.png,train,0,0,0,0,0,100.0,0
jp22_3.6_65.png,train,0,0,0,0,0,100.0,0
jp22_3.6_66.png,train,0,0,0,0,0,100.0,0
jp22_3.6_67.png,train,0,0,0,0,0,100.0,0
jp22_3.6_68.png,train,0,0,0,0,0,100.0,0
jp22_3.6_69.png,train,0,0,0,0,0,100.0,0
jp22_3.6_7.png,train,0,0,0,0,0,100.0,0
jp22_3.6_70.png,train,0,0,0,0,0,100.0,0
jp22_3.6_71.png,train,0,0,0,0,0,100.0,0
jp22_3.6_72.png,train,0,0,0,0,0,100.0,0
jp22_3.6_73.png,train,0,0,0,0,0,100.0,0
jp22_3.6_74.png,train,0,0,0,0,0,100.0,0
jp22_3.6_75.png,train,0,0,0,0,0,100.0,0
jp22_3.6_76.png,train,0,0,0,0,0,100.0,0
jp22_3.6_77.png,train,0,0,0,0,0,100.0,0
jp22_3.6_78.png,train,0,0,0,0,0,100.0,0
jp22_3.6_79.png,train,0,0,0,0,0,100.0,0
jp22_3.6_8.png,train,0,0,0,0,0,100.0,0
jp22_3.6_80.png,train,0,0,0,0,0,100.0,0
jp22_3.6_81.png,train,0,0,0,0,0,100.0,0
jp22_3.6_9.png,train,0,0,0,0,0,100.0,0
jp22_3.9_1.png,train,0,0,0,0,0,100.0,0
jp22_3.9_10.png,train,0,0,0,0,0,100.0,0
jp22_3.9_11.png,train,0,0,0,0,0,100.0,0
jp22_3.9_12.png,train,0,0,0,0,0,100.0,0
jp22_3.9_13.png,train,0,0,0,0,0,100.0,0
jp22_3.9_14.png,train,0,0,0,0,0,100.0,0
jp22_3.9_15.png,train,0,0,0,0,0,100.0,0
jp22_3.9_16.png,train,0,0,0,0,0,100.0,0
jp22_3.9_17.png,train,0,0,0,0,0,100.0,0
jp22_3.9_18.png,train,0,0,0,0,0,100.0,0
jp22_3.9_19.png,train,0,0,0,0,0,100.0,0
jp22_3.9_2.png,train,0,0,0,0,0,100.0,0
jp22_3.9_20.png,train,0,0,0,0,0,100.0,0
jp22_3.9_21.png,train,0,0,0,0,0,100.0,0
jp22_3.9_22.png,train,0,0,0,0,0,100.0,0
jp22_3.9_23.png,train,0,0,0,0,0,100.0,0
jp22_3.9_24.png,train,0,0,0,0,0,100.0,0
jp22_3.9_25.png,train,0,0,0,0,0,100.0,0
jp22_3.9_26.png,train,0,0,0,0,0,100.0,0
jp22_3.9_27.png,train,0,0,0,0,0,100.0,0
jp22_3.9_28.png,train,0,0,0,0,0,100.0,0
jp22_3.9_29.png,train,0,0,0,0,0,100.0,0
jp22_3.9_3.png,train,0,0,0,0,0,100.0,0
jp22_3.9_30.png,train,0,0,0,0,0,100.0,0
jp22_3.9_31.png,train,0,0,0,0,0,100.0,0
jp22_3.9_32.png,train,0,0,0,0,0,100.0,0
jp22_3.9_33.png,train,0,0,0,0,0,100.0,0
jp22_3.9_34.png,train,0,0,0,0,0,100.0,0
jp22_3.9_35.png,train,0,0,0,0,0,100.0,0
jp22_3.9_36.png,train,0,0,0,0,0,100.0,0
jp22_3.9_37.png,train,0,0,0,0,0,100.0,0
jp22_3.9_38.png,train,0,0,0,0,0,100.0,0
jp22_3.9_39.png,train,0,0,0,0,0,100.0,0
jp22_3.9_4.png,train,0,0,0,0,0,100.0,0
jp22_3.9_40.png,train,0,0,0,0,0,100.0,0
jp22_3.9_41.png,train,0,0,0,0,0,100.0,0
jp22_3.9_42.png,train,0,0,0,0,0,100.0,0
jp22_3.9_43.png,train,0,0,0,0,0,100.0,0
jp22_3.9_44.png,train,0,0,0,0,0,100.0,0
jp22_3.9_45.png,train,0,0,0,0,0,100.0,0
jp22_3.9_46.png,train,0,0,0,0,0,100.0,0
jp22_3.9_47.png,train,0,0,0,0,0,100.0,0
jp22_3.9_48.png,train,0,0,0,0,0,100.0,0
jp22_3.9_49.png,train,0,0,0,0,0,100.0,0
jp22_3.9_5.png,train,0,0,0,0,0,100.0,0
jp22_3.9_50.png,train,0,0,0,0,0,100.0,0
jp22_3.9_51.png,train,0,0,0,0,0,100.0,0
jp22_3.9_52.png,train,0,0,0,0,0,100.0,0
jp22_3.9_53.png,train,0,0,0,0,0,100.0,0
jp22_3.9_54.png,train,0,0,0,0,0,100.0,0
jp22_3.9_55.png,train,0,0,0,0,0,100.0,0
jp22_3.9_56.png,train,0,0,0,0,0,100.0,0
jp22_3.9_57.png,train,0,0,0,0,0,100.0,0
jp22_3.9_58.png,train,0,0,0,0,0,100.0,0
jp22_3.9_59.png,train,0,0,0,0,0,100.0,0
jp22_3.9_6.png,train,0,0,0,0,0,100.0,0
jp22_3.9_60.png,train,0,0,0,0,0,100.0,0
jp22_3.9_61.png,train,0,0,0,0,0,100.0,0
jp22_3.9_62.png,train,0,0,0,0,0,100.0,0
jp22_3.9_63.png,train,0,0,0,0,0,100.0,0
jp22_3.9_64.png,train,0,0,0,0,0,100.0,0
jp22_3.9_65.png,train,0,0,0,0,0,100.0,0
jp22_3.9_66.png,train,0,0,0,0,0,100.0,0
jp22_3.9_67.png,train,0,0,0,0,0,100.0,0
jp22_3.9_68.png,train,0,0,0,0,0,100.0,0
jp22_3.9_69.png,train,0,0,0,0,0,100.0,0
jp22_3.9_7.png,train,0,0,0,0,0,100.0,0
jp22_3.9_70.png,train,0,0,0,0,0,100.0,0
jp22_3.9_71.png,train,0,0,0,0,0,100.0,0
jp22_3.9_72.png,train,0,0,0,0,0,100.0,0
jp22_3.9_73.png,train,0,0,0,0,0,100.0,0
jp22_3.9_74.png,train,0,0,0,0,0,100.0,0
jp22_3.9_75.png,train,0,0,0,0,0,100.0,0
jp22_3.9_76.png,train,0,0,0,0,0,100.0,0
jp22_3.9_77.png,train,0,0,0,0,0,100.0,0
jp22_3.9_78.png,train,0,0,0,0,0,100.0,0
jp22_3.9_79.png,train,0,0,0,0,0,100.0,0
jp22_3.9_8.png,train,0,0,0,0,0,100.0,0
jp22_3.9_80.png,train,0,0,0,0,0,100.0,0
jp22_3.9_81.png,train,0,0,0,0,0,100.0,0
jp22_3.9_9.png,train,0,0,0,0,0,100.0,0
jp22_4.0_1.png,train,0,0,0,0,0,100.0,0
jp22_4.0_10.png,train,0,0,0,0,0,100.0,0
jp22_4.0_11.png,train,0,0,0,0,0,100.0,0
jp22_4.0_12.png,train,0,0,0,0,0,100.0,0
jp22_4.0_13.png,train,0,0,0,0,0,100.0,0
jp22_4.0_14.png,train,0,0,0,0,0,100.0,0
jp22_4.0_15.png,train,0,0,0,0,0,100.0,0
jp22_4.0_16.png,train,0,0,0,0,0,100.0,0
jp22_4.0_17.png,train,0,0,0,0,0,100.0,0
jp22_4.0_18.png,train,0,0,0,0,0,100.0,0
jp22_4.0_19.png,train,0,0,0,0,0,100.0,0
jp22_4.0_2.png,train,0,0,0,0,0,100.0,0
jp22_4.0_20.png,train,0,0,0,0,0,100.0,0
jp22_4.0_21.png,train,0,0,0,0,0,100.0,0
jp22_4.0_22.png,train,0,0,0,0,0,100.0,0
jp22_4.0_23.png,train,0,0,0,0,0,100.0,0
jp22_4.0_24.png,train,0,0,0,0,0,100.0,0
jp22_4.0_25.png,train,0,0,0,0,0,100.0,0
jp22_4.0_26.png,train,0,0,0,0,0,100.0,0
jp22_4.0_27.png,train,0,0,0,0,0,100.0,0
jp22_4.0_28.png,train,0,0,0,0,0,100.0,0
jp22_4.0_29.png,train,0,0,0,0,0,100.0,0
jp22_4.0_3.png,train,0,0,0,0,0,100.0,0
jp22_4.0_30.png,train,0,0,0,0,0,100.0,0
jp22_4.0_31.png,train,0,0,0,0,0,100.0,0
jp22_4.0_32.png,train,0,0,0,0,0,100.0,0
jp22_4.0_33.png,train,0,0,0,0,0,100.0,0
jp22_4.0_34.png,train,0,0,0,0,0,100.0,0
jp22_4.0_35.png,train,0,0,0,0,0,100.0,0
jp22_4.0_36.png,train,0,0,0,0,0,100.0,0
jp22_4.0_37.png,train,0,0,0,0,0,100.0,0
jp22_4.0_38.png,train,0,0,0,0,0,100.0,0
jp22_4.0_39.png,train,0,0,0,0,0,100.0,0
jp22_4.0_4.png,train,0,0,0,0,0,100.0,0
jp22_4.0_40.png,train,0,0,0,0,0,100.0,0
jp22_4.0_41.png,train,0,0,0,0,0,100.0,0
jp22_4.0_42.png,train,0,0,0,0,0,100.0,0
jp22_4.0_43.png,train,0,0,0,0,0,100.0,0
jp22_4.0_44.png,train,0,0,0,0,0,100.0,0
jp22_4.0_45.png,train,0,0,0,0,0,100.0,0
jp22_4.0_46.png,train,0,0,0,0,0,100.0,0
jp22_4.0_47.png,train,0,0,0,0,0,100.0,0
jp22_4.0_48.png,train,0,0,0,0,0,100.0,0
jp22_4.0_49.png,train,0,0,0,0,0,100.0,0
jp22_4.0_5.png,train,0,0,0,0,0,100.0,0
jp22_4.0_50.png,train,0,0,0,0,0,100.0,0
jp22_4.0_51.png,train,0,0,0,0,0,100.0,0
jp22_4.0_52.png,train,0,0,0,0,0,100.0,0
jp22_4.0_53.png,train,0,0,0,0,0,100.0,0
jp22_4.0_54.png,train,0,0,0,0,0,100.0,0
jp22_4.0_55.png,train,0,0,0,0,0,100.0,0
jp22_4.0_56.png,train,0,0,0,0,0,100.0,0
jp22_4.0_57.png,train,0,0,0,0,0,100.0,0
jp22_4.0_58.png,train,0,0,0,0,0,100.0,0
jp22_4.0_59.png,train,0,0,0,0,0,100.0,0
jp22_4.0_6.png,train,0,0,0,0,0,100.0,0
jp22_4.0_60.png,train,0,0,0,0,0,100.0,0
jp22_4.0_61.png,train,0,0,0,0,0,100.0,0
jp22_4.0_62.png,train,0,0,0,0,0,100.0,0
jp22_4.0_63.png,train,0,0,0,0,0,100.0,0
jp22_4.0_64.png,train,0,0,0,0,0,100.0,0
jp22_4.0_65.png,train,0,0,0,0,0,100.0,0
jp22_4.0_66.png,train,0,0,0,0,0,100.0,0
jp22_4.0_67.png,train,0,0,0,0,0,100.0,0
jp22_4.0_68.png,train,0,0,0,0,0,100.0,0
jp22_4.0_69.png,train,0,0,0,0,0,100.0,0
jp22_4.0_7.png,train,0,0,0,0,0,100.0,0
jp22_4.0_70.png,train,0,0,0,0,0,100.0,0
jp22_4.0_71.png,train,0,0,0,0,0,100.0,0
jp22_4.0_72.png,train,0,0,0,0,0,100.0,0
jp22_4.0_73.png,train,0,0,0,0,0,100.0,0
jp22_4.0_74.png,train,0,0,0,0,0,100.0,0
jp22_4.0_75.png,train,0,0,0,0,0,100.0,0
jp22_4.0_76.png,train,0,0,0,0,0,100.0,0
jp22_4.0_77.png,train,0,0,0,0,0,100.0,0
jp22_4.0_78.png,train,0,0,0,0,0,100.0,0
jp22_4.0_79.png,train,0,0,0,0,0,100.0,0
jp22_4.0_8.png,train,0,0,0,0,0,100.0,0
jp22_4.0_80.png,train,0,0,0,0,0,100.0,0
jp22_4.0_81.png,train,0,0,0,0,0,100.0,0
jp22_4.0_9.png,train,0,0,0,0,0,100.0,0
jp22_4.1_1.png,train,0,0,0,0,0,100.0,0
jp22_4.1_10.png,train,0,0,0,0,0,100.0,0
jp22_4.1_11.png,train,0,0,0,0,0,100.0,0
jp22_4.1_12.png,train,0,0,0,0,0,100.0,0
jp22_4.1_13.png,train,0,0,0,0,0,100.0,0
jp22_4.1_14.png,train,0,0,0,0,0,100.0,0
jp22_4.1_15.png,train,0,0,0,0,0,100.0,0
jp22_4.1_16.png,train,0,0,0,0,0,100.0,0
jp22_4.1_17.png,train,0,0,0,0,0,100.0,0
jp22_4.1_18.png,train,0,0,0,0,0,100.0,0
jp22_4.1_19.png,train,0,0,0,0,0,100.0,0
jp22_4.1_2.png,train,0,0,0,0,0,100.0,0
jp22_4.1_20.png,train,0,0,0,0,0,100.0,0
jp22_4.1_21.png,train,0,0,0,0,0,100.0,0
jp22_4.1_22.png,train,0,0,0,0,0,100.0,0
jp22_4.1_23.png,train,0,0,0,0,0,100.0,0
jp22_4.1_24.png,train,0,0,0,0,0,100.0,0
jp22_4.1_25.png,train,0,0,0,0,0,100.0,0
jp22_4.1_26.png,train,0,0,0,0,0,100.0,0
jp22_4.1_27.png,train,0,0,0,0,0,100.0,0
jp22_4.1_28.png,train,0,0,0,0,0,100.0,0
jp22_4.1_29.png,train,0,0,0,0,0,100.0,0
jp22_4.1_3.png,train,0,0,0,0,0,100.0,0
jp22_4.1_30.png,train,0,0,0,0,0,100.0,0
jp22_4.1_31.png,train,0,0,0,0,0,100.0,0
jp22_4.1_32.png,train,0,0,0,0,0,100.0,0
jp22_4.1_33.png,train,0,0,0,0,0,100.0,0
jp22_4.1_34.png,train,0,0,0,0,0,100.0,0
jp22_4.1_35.png,train,0,0,0,0,0,100.0,0
jp22_4.1_36.png,train,0,0,0,0,0,100.0,0
jp22_4.1_37.png,train,0,0,0,0,0,100.0,0
jp22_4.1_38.png,train,0,0,0,0,0,100.0,0
jp22_4.1_39.png,train,0,0,0,0,0,100.0,0
jp22_4.1_4.png,train,0,0,0,0,0,100.0,0
jp22_4.1_40.png,train,0,0,0,0,0,100.0,0
jp22_4.1_41.png,train,0,0,0,0,0,100.0,0
jp22_4.1_42.png,train,0,0,0,0,0,100.0,0
jp22_4.1_43.png,train,0,0,0,0,0,100.0,0
jp22_4.1_44.png,train,0,0,0,0,0,100.0,0
jp22_4.1_45.png,train,0,0,0,0,0,100.0,0
jp22_4.1_46.png,train,0,0,0,0,0,100.0,0
jp22_4.1_47.png,train,0,0,0,0,0,100.0,0
jp22_4.1_48.png,train,0,0,0,0,0,100.0,0
jp22_4.1_49.png,train,0,0,0,0,0,100.0,0
jp22_4.1_5.png,train,0,0,0,0,0,100.0,0
jp22_4.1_50.png,train,0,0,0,0,0,100.0,0
jp22_4.1_51.png,train,0,0,0,0,0,100.0,0
jp22_4.1_52.png,train,0,0,0,0,0,100.0,0
jp22_4.1_53.png,train,0,0,0,0,0,100.0,0
jp22_4.1_54.png,train,0,0,0,0,0,100.0,0
jp22_4.1_55.png,train,0,0,0,0,0,100.0,0
jp22_4.1_56.png,train,0,0,0,0,0,100.0,0
jp22_4.1_57.png,train,0,0,0,0,0,100.0,0
jp22_4.1_58.png,train,0,0,0,0,0,100.0,0
jp22_4.1_59.png,train,0,0,0,0,0,100.0,0
jp22_4.1_6.png,train,0,0,0,0,0,100.0,0
jp22_4.1_60.png,train,0,0,0,0,0,100.0,0
jp22_4.1_61.png,train,0,0,0,0,0,100.0,0
jp22_4.1_62.png,train,0,0,0,0,0,100.0,0
jp22_4.1_63.png,train,0,0,0,0,0,100.0,0
jp22_4.1_64.png,train,0,0,0,0,0,100.0,0
jp22_4.1_65.png,train,0,0,0,0,0,100.0,0
jp22_4.1_66.png,train,0,0,0,0,0,100.0,0
jp22_4.1_67.png,train,0,0,0,0,0,100.0,0
jp22_4.1_68.png,train,0,0,0,0,0,100.0,0
jp22_4.1_69.png,train,0,0,0,0,0,100.0,0
jp22_4.1_7.png,train,0,0,0,0,0,100.0,0
jp22_4.1_70.png,train,0,0,0,0,0,100.0,0
jp22_4.1_71.png,train,0,0,0,0,0,100.0,0
jp22_4.1_72.png,train,0,0,0,0,0,100.0,0
jp22_4.1_73.png,train,0,0,0,0,0,100.0,0
jp22_4.1_74.png,train,0,0,0,0,0,100.0,0
jp22_4.1_75.png,train,0,0,0,0,0,100.0,0
jp22_4.1_76.png,train,0,0,0,0,0,100.0,0
jp22_4.1_77.png,train,0,0,0,0,0,100.0,0
jp22_4.1_78.png,train,0,0,0,0,0,100.0,0
jp22_4.1_79.png,train,0,0,0,0,0,100.0,0
jp22_4.1_8.png,train,0,0,0,0,0,100.0,0
jp22_4.1_80.png,train,0,0,0,0,0,100.0,0
jp22_4.1_81.png,train,0,0,0,0,0,100.0,0
jp22_4.1_9.png,train,0,0,0,0,0,100.0,0
jp22_4.3_1.png,train,0,0,0,0,0,100.0,0
jp22_4.3_10.png,train,0,0,0,0,0,100.0,0
jp22_4.3_11.png,train,0,0,0,0,0,100.0,0
jp22_4.3_12.png,train,0,0,0,0,0,100.0,0
jp22_4.3_13.png,train,0,0,0,0,0,100.0,0
jp22_4.3_14.png,train,0,0,0,0,0,100.0,0
jp22_4.3_15.png,train,0,0,0,0,0,100.0,0
jp22_4.3_16.png,train,0,0,0,0,0,100.0,0
jp22_4.3_17.png,train,0,0,0,0,0,100.0,0
jp22_4.3_18.png,train,0,0,0,0,0,100.0,0
jp22_4.3_19.png,train,0,0,0,0,0,100.0,0
jp22_4.3_2.png,train,0,0,0,0,0,100.0,0
jp22_4.3_20.png,train,0,0,0,0,0,100.0,0
jp22_4.3_21.png,train,0,0,0,0,0,100.0,0
jp22_4.3_22.png,train,0,0,0,0,0,100.0,0
jp22_4.3_23.png,train,0,0,0,0,0,100.0,0
jp22_4.3_24.png,train,0,0,0,0,0,100.0,0
jp22_4.3_25.png,train,0,0,0,0,0,100.0,0
jp22_4.3_26.png,train,0,0,0,0,0,100.0,0
jp22_4.3_27.png,train,0,0,0,0,0,100.0,0
jp22_4.3_28.png,train,0,0,0,0,0,100.0,0
jp22_4.3_29.png,train,0,0,0,0,0,100.0,0
jp22_4.3_3.png,train,0,0,0,0,0,100.0,0
jp22_4.3_30.png,train,0,0,0,0,0,100.0,0
jp22_4.3_31.png,train,0,0,0,0,0,100.0,0
jp22_4.3_32.png,train,0,0,0,0,0,100.0,0
jp22_4.3_33.png,train,0,0,0,0,0,100.0,0
jp22_4.3_34.png,train,0,0,0,0,0,100.0,0
jp22_4.3_35.png,train,0,0,0,0,0,100.0,0
jp22_4.3_36.png,train,0,0,0,0,0,100.0,0
jp22_4.3_37.png,train,0,0,0,0,0,100.0,0
jp22_4.3_38.png,train,0,0,0,0,0,100.0,0
jp22_4.3_39.png,train,0,0,0,0,0,100.0,0
jp22_4.3_4.png,train,0,0,0,0,0,100.0,0
jp22_4.3_40.png,train,0,0,0,0,0,100.0,0
jp22_4.3_41.png,train,0,0,0,0,0,100.0,0
jp22_4.3_42.png,train,0,0,0,0,0,100.0,0
jp22_4.3_43.png,train,0,0,0,0,0,100.0,0
jp22_4.3_44.png,train,0,0,0,0,0,100.0,0
jp22_4.3_45.png,train,0,0,0,0,0,100.0,0
jp22_4.3_46.png,train,0,0,0,0,0,100.0,0
jp22_4.3_47.png,train,0,0,0,0,0,100.0,0
jp22_4.3_48.png,train,0,0,0,0,0,100.0,0
jp22_4.3_49.png,train,0,0,0,0,0,100.0,0
jp22_4.3_5.png,train,0,0,0,0,0,100.0,0
jp22_4.3_50.png,train,0,0,0,0,0,100.0,0
jp22_4.3_51.png,train,0,0,0,0,0,100.0,0
jp22_4.3_52.png,train,0,0,0,0,0,100.0,0
jp22_4.3_53.png,train,0,0,0,0,0,100.0,0
jp22_4.3_54.png,train,0,0,0,0,0,100.0,0
jp22_4.3_55.png,train,0,0,0,0,0,100.0,0
jp22_4.3_56.png,train,0,0,0,0,0,100.0,0
jp22_4.3_57.png,train,0,0,0,0,0,100.0,0
jp22_4.3_58.png,train,0,0,0,0,0,100.0,0
jp22_4.3_59.png,train,0,0,0,0,0,100.0,0
jp22_4.3_6.png,train,0,0,0,0,0,100.0,0
jp22_4.3_60.png,train,0,0,0,0,0,100.0,0
jp22_4.3_61.png,train,0,0,0,0,0,100.0,0
jp22_4.3_62.png,train,0,0,0,0,0,100.0,0
jp22_4.3_63.png,train,0,0,0,0,0,100.0,0
jp22_4.3_64.png,train,0,0,0,0,0,100.0,0
jp22_4.3_65.png,train,0,0,0,0,0,100.0,0
jp22_4.3_66.png,train,0,0,0,0,0,100.0,0
jp22_4.3_67.png,train,0,0,0,0,0,100.0,0
jp22_4.3_68.png,train,0,0,0,0,0,100.0,0
jp22_4.3_69.png,train,0,0,0,0,0,100.0,0
jp22_4.3_7.png,train,0,0,0,0,0,100.0,0
jp22_4.3_70.png,train,0,0,0,0,0,100.0,0
jp22_4.3_71.png,train,0,0,0,0,0,100.0,0
jp22_4.3_72.png,train,0,0,0,0,0,100.0,0
jp22_4.3_73.png,train,0,0,0,0,0,100.0,0
jp22_4.3_74.png,train,0,0,0,0,0,100.0,0
jp22_4.3_75.png,train,0,0,0,0,0,100.0,0
jp22_4.3_76.png,train,0,0,0,0,0,100.0,0
jp22_4.3_77.png,train,0,0,0,0,0,100.0,0
jp22_4.3_78.png,train,0,0,0,0,0,100.0,0
jp22_4.3_79.png,train,0,0,0,0,0,100.0,0
jp22_4.3_8.png,train,0,0,0,0,0,100.0,0
jp22_4.3_80.png,train,0,0,0,0,0,100.0,0
jp22_4.3_81.png,train,0,0,0,0,0,100.0,0
jp22_4.3_9.png,train,0,0,0,0,0,100.0,0
jp22_4.4_1.png,train,0,0,0,0,0,100.0,0
jp22_4.4_10.png,train,0,0,0,0,0,100.0,0
jp22_4.4_11.png,train,0,0,0,0,0,100.0,0
jp22_4.4_12.png,train,0,0,0,0,0,100.0,0
jp22_4.4_13.png,train,0,0,0,0,0,100.0,0
jp22_4.4_14.png,train,0,0,0,0,0,100.0,0
jp22_4.4_15.png,train,0,0,0,0,0,100.0,0
jp22_4.4_16.png,train,0,0,0,0,0,100.0,0
jp22_4.4_17.png,train,0,0,0,0,0,100.0,0
jp22_4.4_18.png,train,0,0,0,0,0,100.0,0
jp22_4.4_19.png,train,0,0,0,0,0,100.0,0
jp22_4.4_2.png,train,0,0,0,0,0,100.0,0
jp22_4.4_20.png,train,0,0,0,0,0,100.0,0
jp22_4.4_21.png,train,0,0,0,0,0,100.0,0
jp22_4.4_22.png,train,0,0,0,0,0,100.0,0
jp22_4.4_23.png,train,0,0,0,0,0,100.0,0
jp22_4.4_24.png,train,0,0,0,0,0,100.0,0
jp22_4.4_25.png,train,0,0,0,0,0,100.0,0
jp22_4.4_26.png,train,0,0,0,0,0,100.0,0
jp22_4.4_27.png,train,0,0,0,0,0,100.0,0
jp22_4.4_28.png,train,0,0,0,0,0,100.0,0
jp22_4.4_29.png,train,0,0,0,0,0,100.0,0
jp22_4.4_3.png,train,0,0,0,0,0,100.0,0
jp22_4.4_30.png,train,0,0,0,0,0,100.0,0
jp22_4.4_31.png,train,0,0,0,0,0,100.0,0
jp22_4.4_32.png,train,0,0,0,0,0,100.0,0
jp22_4.4_33.png,train,0,0,0,0,0,100.0,0
jp22_4.4_34.png,train,0,0,0,0,0,100.0,0
jp22_4.4_35.png,train,0,0,0,0,0,100.0,0
jp22_4.4_36.png,train,0,0,0,0,0,100.0,0
jp22_4.4_37.png,train,0,0,0,0,0,100.0,0
jp22_4.4_38.png,train,0,0,0,0,0,100.0,0
jp22_4.4_39.png,train,0,0,0,0,0,100.0,0
jp22_4.4_4.png,train,0,0,0,0,0,100.0,0
jp22_4.4_40.png,train,0,0,0,0,0,100.0,0
jp22_4.4_41.png,train,0,0,0,0,0,100.0,0
jp22_4.4_42.png,train,0,0,0,0,0,100.0,0
jp22_4.4_43.png,train,0,0,0,0,0,100.0,0
jp22_4.4_44.png,train,0,0,0,0,0,100.0,0
jp22_4.4_45.png,train,0,0,0,0,0,100.0,0
jp22_4.4_46.png,train,0,0,0,0,0,100.0,0
jp22_4.4_47.png,train,0,0,0,0,0,100.0,0
jp22_4.4_48.png,train,0,0,0,0,0,100.0,0
jp22_4.4_49.png,train,0,0,0,0,0,100.0,0
jp22_4.4_5.png,train,0,0,0,0,0,100.0,0
jp22_4.4_50.png,train,0,0,0,0,0,100.0,0
jp22_4.4_51.png,train,0,0,0,0,0,100.0,0
jp22_4.4_52.png,train,0,0,0,0,0,100.0,0
jp22_4.4_53.png,train,0,0,0,0,0,100.0,0
jp22_4.4_54.png,train,0,0,0,0,0,100.0,0
jp22_4.4_55.png,train,0,0,0,0,0,100.0,0
jp22_4.4_56.png,train,0,0,0,0,0,100.0,0
jp22_4.4_57.png,train,0,0,0,0,0,100.0,0
jp22_4.4_58.png,train,0,0,0,0,0,100.0,0
jp22_4.4_59.png,train,0,0,0,0,0,100.0,0
jp22_4.4_6.png,train,0,0,0,0,0,100.0,0
jp22_4.4_60.png,train,0,0,0,0,0,100.0,0
jp22_4.4_61.png,train,0,0,0,0,0,100.0,0
jp22_4.4_62.png,train,0,0,0,0,0,100.0,0
jp22_4.4_63.png,train,0,0,0,0,0,100.0,0
jp22_4.4_64.png,train,0,0,0,0,0,100.0,0
jp22_4.4_65.png,train,0,0,0,0,0,100.0,0
jp22_4.4_66.png,train,0,0,0,0,0,100.0,0
jp22_4.4_67.png,train,0,0,0,0,0,100.0,0
jp22_4.4_68.png,train,0,0,0,0,0,100.0,0
jp22_4.4_69.png,train,0,0,0,0,0,100.0,0
jp22_4.4_7.png,train,0,0,0,0,0,100.0,0
jp22_4.4_70.png,train,0,0,0,0,0,100.0,0
jp22_4.4_71.png,train,0,0,0,0,0,100.0,0
jp22_4.4_72.png,train,0,0,0,0,0,100.0,0
jp22_4.4_73.png,train,0,0,0,0,0,100.0,0
jp22_4.4_74.png,train,0,0,0,0,0,100.0,0
jp22_4.4_75.png,train,0,0,0,0,0,100.0,0
jp22_4.4_76.png,train,0,0,0,0,0,100.0,0
jp22_4.4_77.png,train,0,0,0,0,0,100.0,0
jp22_4.4_78.png,train,0,0,0,0,0,100.0,0
jp22_4.4_79.png,train,0,0,0,0,0,100.0,0
jp22_4.4_8.png,train,0,0,0,0,0,100.0,0
jp22_4.4_80.png,train,0,0,0,0,0,100.0,0
jp22_4.4_81.png,train,0,0,0,0,0,100.0,0
jp22_4.4_9.png,train,0,0,0,0,0,100.0,0
tile_1.0_1.png,train,69.35416666666666,8.756944444444445,2.4027777777777777,19.01388888888889,0.4722222222222222,0,0
tile_1.0_10.png,train,41.88194444444445,18.895833333333336,7.354166666666667,11.083333333333334,20.78472222222222,0,0
tile_1.0_11.png,train,27.34027777777778,52.93055555555556,15.25,1.9583333333333335,2.520833333333333,0,0
tile_1.0_12.png,train,7.048611111111111,78.38194444444444,14.159722222222223,0.40972222222222227,0,0,0
tile_1.0_13.png,train,8.36111111111111,61.45138888888889,17.194444444444446,12.993055555555555,0,0,0
tile_1.0_14.png,train,41.354166666666664,31.67361111111111,10.951388888888888,16.020833333333336,0,0,0
tile_1.0_15.png,train,78.25694444444444,12.291666666666666,0.006944444444444444,9.444444444444445,0,0,0
tile_1.0_16.png,train,93.99305555555556,0,0,6.006944444444445,0,0,0
tile_1.0_17.png,train,100.0,0,0,0,0,0,0
tile_1.0_18.png,train,100.0,0,0,0,0,0,0
tile_1.0_19.png,train,1.3402777777777777,42.27777777777778,9.57638888888889,21.243055555555557,25.5625,0,0
tile_1.0_2.png,train,76.48611111111111,14.222222222222221,8.479166666666666,0.8125,0,0,0
tile_1.0_20.png,train,0.7847222222222222,68.95833333333333,11.243055555555555,11.4375,7.576388888888889,0,0
tile_1.0_21.png,train,18.506944444444446,66.77777777777779,3.979166666666667,10.319444444444445,0.4166666666666667,0,0
tile_1.0_22.png,train,49.541666666666664,35.048611111111114,5.104166666666667,10.305555555555555,0,0,0
tile_1.0_23.png,train,81.22222222222221,10.097222222222223,2.9583333333333335,5.722222222222222,0,0,0
tile_1.0_24.png,train,95.86805555555556,0.5069444444444444,0,3.6249999999999996,0,0,0
tile_1.0_25.png,train,96.375,0,0,3.6249999999999996,0,0,0
tile_1.0_26.png,train,100.0,0,0,0,0,0,0
tile_1.0_27.png,train,100.0,0,0,0,0,0,0
tile_1.0_28.png,train,6.034722222222221,46.78472222222222,4.625,30.659722222222225,11.88888888888889,0,0.006944444444444444
tile_1.0_29.png,train,28.51388888888889,37.638888888888886,4.472222222222221,20.284722222222225,9.090277777777779,0,0
tile_1.0_3.png,train,37.3125,47.52777777777778,15.159722222222221,0,0,0,0
tile_1.0_30.png,train,65.09722222222221,20.875,0.4861111111111111,12.930555555555557,0.6111111111111112,0,0
tile_1.0_31.png,train,92.25694444444444,2.722222222222222,0.4861111111111111,4.534722222222222,0,0,0
tile_1.0_32.png,train,99.63888888888889,0,0,0.3611111111111111,0,0,0
tile_1.0_33.png,train,100.0,0,0,0,0,0,0
tile_1.0_34.png,train,100.0,0,0,0,0,0,0
tile_1.0_35.png,train,100.0,0,0,0,0,0,0
tile_1.0_36.png,train,100.0,0,0,0,0,0,0
tile_1.0_37.png,train,26.111111111111114,34.45138888888889,0,32.00694444444444,7.423611111111112,0,0.006944444444444444
tile_1.0_38.png,train,72.89583333333334,7.388888888888889,0,15.680555555555555,4.034722222222222,0,0
tile_1.0_39.png,train,96.78472222222221,0,0,3.0208333333333335,0.19444444444444445,0,0
tile_1.0_4.png,train,6.534722222222222,66.42361111111111,19.819444444444446,7.222222222222221,0,0,0
tile_1.0_40.png,train,100.0,0,0,0,0,0,0
tile_1.0_41.png,train,100.0,0,0,0,0,0,0
tile_1.0_42.png,train,100.0,0,0,0,0,0,0
tile_1.0_43.png,train,100.0,0,0,0,0,0,0
tile_1.0_44.png,train,99.14583333333333,0.8541666666666666,0,0,0,0,0
tile_1.0_45.png,train,82.17361111111111,17.82638888888889,0,0,0,0,0
tile_1.0_46.png,train,23.67361111111111,36.291666666666664,3.916666666666667,25.645833333333336,10.472222222222221,0,0
tile_1.0_47.png,train,67.65277777777777,13.104166666666666,0.5902777777777778,12.23611111111111,6.416666666666666,0,0
tile_1.0_48.png,train,93.97916666666667,0.15972222222222224,0,0.75,5.111111111111112,0,0
tile_1.0_49.png,train,100.0,0,0,0,0,0,0
tile_1.0_5.png,train,9.770833333333332,51.67361111111111,11.784722222222223,26.770833333333332,0,0,0
tile_1.0_50.png,train,100.0,0,0,0,0,0,0
tile_1.0_51.png,train,100.0,0,0,0,0,0,0
tile_1.0_52.png,train,98.38194444444444,0,0,1.6180555555555556,0,0,0
tile_1.0_53.png,train,93.83333333333333,4.548611111111111,0,1.6180555555555556,0,0,0
tile_1.0_54.png,train,56.270833333333336,43.041666666666664,0,0,0.6875,0,0
tile_1.0_55.png,train,3.5972222222222223,67.44444444444444,10.347222222222221,8.92361111111111,9.6875,0,0
tile_1.0_56.png,train,28.444444444444443,56.895833333333336,0.7083333333333333,7.3125,6.638888888888888,0,0
tile_1.0_57.png,train,72.76388888888889,21.15277777777778,0,0.75,5.333333333333334,0,0
tile_1.0_58.png,train,94.20138888888889,2.083333333333333,0,3.7152777777777777,0,0,0
tile_1.0_59.png,train,96.28472222222221,0,0,3.7152777777777777,0,0,0
tile_1.0_6.png,train,37.895833333333336,28.520833333333336,1.0486111111111112,32.53472222222222,0,0,0
tile_1.0_60.png,train,97.9375,0,0,2.0625,0,0,0
tile_1.0_61.png,train,94.57638888888889,1.7430555555555556,0,3.680555555555556,0,0,0
tile_1.0_62.png,train,87.04166666666666,9.944444444444445,0,1.6944444444444446,1.3194444444444444,0,0
tile_1.0_63.png,train,48.90972222222222,38.263888888888886,0,0.0763888888888889,12.75,0,0
tile_1.0_64.png,train,0,66.34722222222223,32.423611111111114,1.2291666666666665,0,0,0
tile_1.0_65.png,train,5.868055555555555,75.9513888888889,17.958333333333336,0,0.2222222222222222,0,0
tile_1.0_66.png,train,38.90972222222222,58.65277777777778,2.2152777777777777,0,0.2222222222222222,0,0
tile_1.0_67.png,train,79.28472222222223,16.958333333333332,0,3.7569444444444446,0,0,0
tile_1.0_68.png,train,96.24305555555556,0,0,3.7569444444444446,0,0,0
tile_1.0_69.png,train,93.70138888888889,0,0,6.298611111111112,0,0,0
tile_1.0_7.png,train,77.99305555555556,8.88888888888889,0,13.118055555555555,0,0,0
tile_1.0_70.png,train,76.04166666666666,3.229166666666667,0,15.840277777777779,4.888888888888889,0,0
tile_1.0_71.png,train,51.4375,18.0625,0.013888888888888888,23.03472222222222,7.451388888888889,0,0
tile_1.0_72.png,train,24.8125,29.618055555555557,0.013888888888888888,30.270833333333336,15.284722222222221,0,0
tile_1.0_73.png,train,0,54.61805555555556,29.5,15.881944444444446,0,0,0
tile_1.0_74.png,train,0,59.68750000000001,30.270833333333336,10.041666666666666,0,0,0
tile_1.0_75.png,train,19.458333333333332,56.71527777777777,11.29861111111111,9.118055555555555,3.4097222222222223,0,0
tile_1.0_76.png,train,49.48611111111111,26.041666666666668,0,14.243055555555555,10.229166666666668,0,0
tile_1.0_77.png,train,74.83333333333333,0,0,16.36111111111111,8.805555555555555,0,0
tile_1.0_78.png,train,81.57638888888889,0,0,16.4375,1.9861111111111112,0,0
tile_1.0_79.png,train,51.701388888888886,7.430555555555555,0.006944444444444444,31.493055555555554,9.368055555555555,0,0
tile_1.0_8.png,train,99.86805555555556,0,0,0.13194444444444445,0,0,0
tile_1.0_80.png,train,14.930555555555555,35.13194444444444,5.083333333333333,33.9375,10.916666666666666,0,0
tile_1.0_81.png,train,0,38.31944444444444,5.368055555555555,52.73611111111111,3.5277777777777777,0,0.04861111111111111
tile_1.0_9.png,train,90.27777777777779,0,0,0,9.722222222222223,0,0
tile_1.10_1.png,train,91.00694444444444,1.9930555555555556,0,7.000000000000001,0,0,0
tile_1.10_10.png,train,90.59027777777777,0,0,9.409722222222221,0,0,0
tile_1.10_11.png,train,74.25,0,0,19.5625,6.1875,0,0
tile_1.10_12.png,train,34.291666666666664,0.6875,2.2152777777777777,17.04861111111111,45.75694444444444,0,0
tile_1.10_13.png,train,0.6319444444444444,14.180555555555555,15.875,7.6875,61.625,0,0
tile_1.10_14.png,train,0,45.229166666666664,24.180555555555554,6.819444444444445,23.729166666666668,0,0.04166666666666667
tile_1.10_15.png,train,0,67.06944444444444,11.29861111111111,19.916666666666664,1.6736111111111112,0,0.04166666666666667
tile_1.10_16.png,train,0,73.72916666666667,0.7777777777777778,25.256944444444446,0,0,0.2361111111111111
tile_1.10_17.png,train,0,57.6875,5.027777777777778,27.13888888888889,9.909722222222223,0,0.2361111111111111
tile_1.10_18.png,train,0,36.861111111111114,5.027777777777778,31.07638888888889,27.034722222222225,0,0
tile_1.10_19.png,train,97.125,0,0,2.875,0,0,0
tile_1.10_2.png,train,70.63888888888889,3.763888888888889,7.201388888888889,16.70138888888889,1.6944444444444446,0,0
tile_1.10_20.png,train,79.77083333333333,0,0,7.895833333333334,12.333333333333334,0,0
tile_1.10_21.png,train,32.645833333333336,4.159722222222222,0,5.159722222222222,58.03472222222222,0,0
tile_1.10_22.png,train,0,42.395833333333336,0.1388888888888889,0.1388888888888889,57.32638888888889,0,0
tile_1.10_23.png,train,0,70.1875,7.034722222222223,10.472222222222221,12.26388888888889,0,0.04166666666666667
tile_1.10_24.png,train,0,62.81944444444445,10.277777777777777,25.763888888888886,0.638888888888889,0,0.5
tile_1.10_25.png,train,0,48.13194444444445,8.555555555555555,37.138888888888886,0,0,6.173611111111111
tile_1.10_26.png,train,0,34.40972222222222,9.083333333333334,50.47222222222222,0.06944444444444445,0,5.965277777777778
tile_1.10_27.png,train,0,45.520833333333336,3.909722222222222,49.48611111111111,0.7708333333333334,0,0.3125
tile_1.10_28.png,train,100.0,0,0,0,0,0,0
tile_1.10_29.png,train,80.11805555555556,0,0,3.7361111111111107,16.145833333333336,0,0
tile_1.10_3.png,train,31.944444444444443,14.916666666666668,18.493055555555554,17.52777777777778,17.118055555555557,0,0
tile_1.10_30.png,train,31.131944444444443,3.4722222222222223,0,3.7361111111111107,61.65972222222222,0,0
tile_1.10_31.png,train,11.98611111111111,38.361111111111114,0,0,49.65277777777778,0,0
tile_1.10_32.png,train,21.041666666666668,66.52083333333333,3.277777777777778,5.020833333333333,4.138888888888889,0,0
tile_1.10_33.png,train,10.069444444444445,64.24305555555556,18.38888888888889,6.465277777777779,0,0,0.8333333333333334
tile_1.10_34.png,train,0,42.16666666666667,31.125000000000004,15.527777777777777,0,0,11.180555555555555
tile_1.10_35.png,train,0,31.381944444444443,16.02777777777778,38.673611111111114,0,0,13.916666666666666
tile_1.10_36.png,train,0,45.68055555555556,0.13194444444444445,49.69444444444445,0,0,4.493055555555555
tile_1.10_37.png,train,100.0,0,0,0,0,0,0
tile_1.10_38.png,train,88.06944444444444,0,0,2.8402777777777777,9.090277777777779,0,0
tile_1.10_39.png,train,60.09722222222222,0,0.013888888888888888,2.8402777777777777,37.048611111111114,0,0
tile_1.10_4.png,train,2.3125,15.958333333333332,25.305555555555554,8.618055555555555,47.80555555555556,0,0
tile_1.10_40.png,train,57.88888888888889,10.13888888888889,0.125,0,31.84722222222222,0,0
tile_1.10_41.png,train,69.09027777777777,21.88888888888889,4.729166666666667,0.4027777777777778,3.888888888888889,0,0
tile_1.10_42.png,train,44.951388888888886,35.15277777777778,19.09027777777778,0.4305555555555556,0,0,0.375
tile_1.10_43.png,train,13.76388888888889,42.34722222222223,29.76388888888889,7.013888888888889,0,0,7.111111111111111
tile_1.10_44.png,train,2.0416666666666665,49.625,15.291666666666668,21.972222222222225,0,0,11.069444444444445
tile_1.10_45.png,train,0,47.479166666666664,9.270833333333334,37.666666666666664,0,0,5.583333333333333
tile_1.10_46.png,train,89.18055555555556,0.6458333333333334,10.17361111111111,0,0,0,0
tile_1.10_47.png,train,92.84722222222223,0.5069444444444444,5.861111111111112,0,0.7847222222222222,0,0
tile_1.10_48.png,train,84.2638888888889,4.3125,6.666666666666667,0,4.756944444444445,0,0
tile_1.10_49.png,train,70.24305555555556,13.847222222222221,6.6875,5.25,3.9722222222222223,0,0
tile_1.10_5.png,train,0,38.74305555555556,17.645833333333332,1.3680555555555556,42.24305555555555,0,0
tile_1.10_50.png,train,59.48611111111111,19.70138888888889,2.1597222222222223,18.652777777777775,0,0,0
tile_1.10_51.png,train,39.61805555555556,36.55555555555556,3.375,20.45138888888889,0,0,0
tile_1.10_52.png,train,17.25,45.5625,6.479166666666666,28.673611111111114,0,0,2.0347222222222223
tile_1.10_53.png,train,2.715277777777778,38.958333333333336,4.736111111111111,50.541666666666664,0,0,3.048611111111111
tile_1.10_54.png,train,0,27.854166666666668,17.82638888888889,52.916666666666664,0,0,1.4027777777777777
tile_1.10_55.png,train,39.18055555555556,48.229166666666664,12.590277777777779,0,0,0,0
tile_1.10_56.png,train,44.861111111111114,39.770833333333336,15.027777777777779,0.34027777777777773,0,0,0
tile_1.10_57.png,train,41.09722222222222,33.89583333333333,23.40277777777778,1.597222222222222,0,0,0.006944444444444444
tile_1.10_58.png,train,25.17361111111111,38.875,14.652777777777779,21.291666666666668,0,0,0.006944444444444444
tile_1.10_59.png,train,11.4375,41.375,0.7013888888888888,46.486111111111114,0,0,0
tile_1.10_6.png,train,0,85.8263888888889,3.6944444444444446,0.6180555555555556,9.86111111111111,0,0
tile_1.10_60.png,train,4.736111111111111,52.645833333333336,0,42.61805555555556,0,0,0
tile_1.10_61.png,train,3.486111111111111,53.73611111111111,0,42.77777777777778,0,0,0
tile_1.10_62.png,train,0.6736111111111112,28.01388888888889,11.57638888888889,59.736111111111114,0,0,0
tile_1.10_63.png,train,0,16.055555555555557,22.25,61.68749999999999,0,0,0.006944444444444444
tile_1.10_64.png,train,0,89.61111111111111,8.98611111111111,0,0,0,1.4027777777777777
tile_1.10_65.png,train,1.2291666666666665,73.72916666666667,23.09027777777778,0.34027777777777773,0.20833333333333334,0,1.4027777777777777
tile_1.10_66.png,train,2.0625,52.56944444444444,32.423611111111114,11.875,1.0625,0,0.006944444444444444
tile_1.10_67.png,train,0.8333333333333334,35.00694444444444,17.65277777777778,45.645833333333336,0.8541666666666666,0,0.006944444444444444
tile_1.10_68.png,train,0,37.798611111111114,1.2430555555555556,60.958333333333336,0,0,0
tile_1.10_69.png,train,0,46.89583333333333,0,53.104166666666664,0,0,0
tile_1.10_7.png,train,0,92.875,0.0625,6.895833333333333,0,0,0.16666666666666669
tile_1.10_70.png,train,0,41.326388888888886,7.444444444444444,51.22916666666667,0,0,0
tile_1.10_71.png,train,0,27.923611111111114,27.77777777777778,44.298611111111114,0,0,0
tile_1.10_72.png,train,0,45.88194444444444,22.618055555555554,31.493055555555554,0,0,0.006944444444444444
tile_1.10_73.png,train,0,91.20833333333334,6.569444444444445,0.020833333333333336,0,0,2.201388888888889
tile_1.10_74.png,train,0,66.76388888888889,13.92361111111111,12.319444444444445,4.541666666666667,0,2.4513888888888893
tile_1.10_75.png,train,0,36.666666666666664,15.67361111111111,39.00694444444445,8.402777777777779,0,0.25
tile_1.10_76.png,train,0,26.38888888888889,9.5625,60.18750000000001,3.861111111111111,0,0
tile_1.10_77.png,train,0,37.361111111111114,1.2430555555555556,61.395833333333336,0,0,0
tile_1.10_78.png,train,0,47.423611111111114,0,52.57638888888889,0,0,0
tile_1.10_79.png,train,0,34.15972222222222,24.51388888888889,41.326388888888886,0,0,0
tile_1.10_8.png,train,0,64.20833333333333,1.1319444444444444,13.76388888888889,20.729166666666668,0,0.16666666666666669
tile_1.10_80.png,train,0,34.15972222222222,37.138888888888886,26.458333333333332,0,0,2.2430555555555554
tile_1.10_81.png,train,0,69.46527777777777,12.625,9.791666666666666,0,0,8.118055555555555
tile_1.10_9.png,train,0,25.333333333333336,1.1319444444444444,12.01388888888889,61.520833333333336,0,0
tile_1.11_1.png,train,0,49.951388888888886,0,45.6875,4.361111111111112,0,0
tile_1.11_10.png,train,0,42.40277777777778,0,57.59722222222222,0,0,0
tile_1.11_11.png,train,0,13.659722222222223,2.4722222222222223,83.86805555555556,0,0,0
tile_1.11_12.png,train,0,23.90277777777778,9.8125,66.28472222222223,0,0,0
tile_1.11_13.png,train,0,56.38194444444444,9.659722222222221,33.81944444444444,0.1388888888888889,0,0
tile_1.11_14.png,train,0,61.15277777777778,6.930555555555555,26.854166666666668,4.965277777777778,0,0.09722222222222222
tile_1.11_15.png,train,0,53.52083333333333,4.611111111111111,32.49305555555556,7.229166666666667,0,2.1458333333333335
tile_1.11_16.png,train,0,48.13194444444445,0,46.201388888888886,2.4027777777777777,0,3.2638888888888893
tile_1.11_17.png,train,0,25.666666666666664,3.6597222222222223,69.45833333333333,0,0,1.215277777777778
tile_1.11_18.png,train,0,7.701388888888889,16.84027777777778,74.68055555555554,0,0,0.7777777777777778
tile_1.11_19.png,train,0,21.38888888888889,7.423611111111112,71.1875,0,0,0
tile_1.11_2.png,train,0,40.63194444444444,0.6875,58.68055555555556,0,0,0
tile_1.11_20.png,train,0,11.70138888888889,14.374999999999998,73.92361111111111,0,0,0
tile_1.11_21.png,train,0,54.50000000000001,6.993055555555555,38.50694444444444,0,0,0
tile_1.11_22.png,train,0,77.0625,7.631944444444444,15.305555555555555,0,0,0
tile_1.11_23.png,train,0,52.50694444444445,12.20138888888889,32.00694444444444,0,0,3.2847222222222223
tile_1.11_24.png,train,0,57.125,4.611111111111111,33.28472222222222,0.09722222222222222,0,4.881944444444445
tile_1.11_25.png,train,0,75.45833333333334,0,21.881944444444446,0.09722222222222222,0,2.5625
tile_1.11_26.png,train,0,65.86805555555556,0,33.166666666666664,0,0,0.9652777777777778
tile_1.11_27.png,train,0,36.92361111111111,0.5,60.21527777777778,0,0,2.361111111111111
tile_1.11_28.png,train,0,19.604166666666668,25.98611111111111,54.40972222222222,0,0,0
tile_1.11_29.png,train,0,40.59722222222222,24.71527777777778,34.6875,0,0,0
tile_1.11_3.png,train,0,25.055555555555554,13.159722222222223,61.78472222222222,0,0,0
tile_1.11_30.png,train,0,75.52083333333334,15.479166666666666,9.0,0,0,0
tile_1.11_31.png,train,0,60.354166666666664,19.625,20.020833333333332,0,0,0
tile_1.11_32.png,train,0,38.8125,9.333333333333334,46.263888888888886,0,0,5.590277777777778
tile_1.11_33.png,train,0,57.048611111111114,0,37.24305555555556,0,0,5.708333333333333
tile_1.11_34.png,train,0,80.31944444444444,0,19.5625,0,0,0.11805555555555555
tile_1.11_35.png,train,0,84.25,0,15.75,0,0,0
tile_1.11_36.png,train,0,49.47222222222222,0,47.270833333333336,1.6736111111111112,0,1.5833333333333335
tile_1.11_37.png,train,0,25.63888888888889,41.520833333333336,32.84027777777778,0,0,0
tile_1.11_38.png,train,0,45.59027777777778,24.23611111111111,30.17361111111111,0,0,0
tile_1.11_39.png,train,0,64.36805555555556,25.5,10.131944444444445,0,0,0
tile_1.11_4.png,train,0,29.458333333333332,19.145833333333336,51.25694444444444,0.1388888888888889,0,0
tile_1.11_40.png,train,0,62.61111111111111,23.916666666666668,13.472222222222221,0,0,0
tile_1.11_41.png,train,0,58.31944444444444,3.0277777777777777,36.25,0,0,2.4027777777777777
tile_1.11_42.png,train,0,49.270833333333336,0,46.291666666666664,0,0,4.4375
tile_1.11_43.png,train,0,65.35416666666667,0,31.569444444444443,0,0,3.076388888888889
tile_1.11_44.png,train,0,62.61805555555555,0,35.59722222222222,0,0.7430555555555556,1.0416666666666665
tile_1.11_45.png,train,0,22.3125,0,64.01388888888889,8.916666666666668,4.756944444444445,0
tile_1.11_46.png,train,0,49.01388888888889,26.340277777777775,24.645833333333332,0,0,0
tile_1.11_47.png,train,0,39.54861111111111,21.479166666666664,38.97222222222222,0,0,0
tile_1.11_48.png,train,0,45.40277777777778,27.59722222222222,27.0,0,0,0
tile_1.11_49.png,train,0,81.95138888888889,13.833333333333334,4.215277777777778,0,0,0
tile_1.11_5.png,train,0,57.90277777777778,6.673611111111111,30.409722222222225,5.013888888888888,0,0
tile_1.11_50.png,train,0,92.77777777777779,0,7.222222222222221,0,0,0
tile_1.11_51.png,train,0,65.49305555555556,0,32.47222222222222,0,0,2.0347222222222223
tile_1.11_52.png,train,0,39.4375,0,57.486111111111114,0,0,3.076388888888889
tile_1.11_53.png,train,0,18.78472222222222,0,61.416666666666664,0,18.756944444444446,1.0416666666666665
tile_1.11_54.png,train,0,2.0625,0,42.92361111111111,7.243055555555555,47.770833333333336,0
tile_1.11_55.png,train,0,77.27083333333333,3.381944444444444,19.34722222222222,0,0,0
tile_1.11_56.png,train,0,53.61111111111111,9.368055555555555,37.02083333333333,0,0,0
tile_1.11_57.png,train,0,42.80555555555556,15.54861111111111,41.64583333333333,0,0,0
tile_1.11_58.png,train,0,64.73611111111111,6.381944444444445,28.881944444444446,0,0,0
tile_1.11_59.png,train,0,84.33333333333334,0.006944444444444444,15.659722222222221,0,0,0
tile_1.11_6.png,train,0,49.53472222222222,0.020833333333333336,42.75,7.180555555555555,0,0.513888888888889
tile_1.11_60.png,train,0,74.52083333333334,0,25.42361111111111,0,0,0.05555555555555555
tile_1.11_61.png,train,0,27.694444444444443,0,72.25,0,0,0.05555555555555555
tile_1.11_62.png,train,0,1.1944444444444444,0,59.20833333333333,0,39.59722222222222,0
tile_1.11_63.png,train,0,0,0,10.402777777777777,0,89.59722222222221,0
tile_1.11_64.png,train,0,76.25694444444444,0,23.743055555555557,0,0,0
tile_1.11_65.png,train,0,56.423611111111114,0,43.57638888888889,0,0,0
tile_1.11_66.png,train,0,53.02777777777777,3.1805555555555554,43.791666666666664,0,0,0
tile_1.11_67.png,train,0,49.916666666666664,3.1875,46.89583333333333,0,0,0
tile_1.11_68.png,train,0,40.88888888888889,0.006944444444444444,59.10416666666667,0,0,0
tile_1.11_69.png,train,0,39.55555555555556,0,60.44444444444444,0,0,0
tile_1.11_7.png,train,0,15.5,9.083333333333334,72.34722222222221,2.3055555555555554,0,0.7638888888888888
tile_1.11_70.png,train,0,35.55555555555556,0,64.44444444444444,0,0,0
tile_1.11_71.png,train,0,25.104166666666668,0,46.875,0,28.020833333333332,0
tile_1.11_72.png,train,0,5.729166666666666,0,27.305555555555554,0,66.96527777777777,0
tile_1.11_73.png,train,0,68.72916666666666,0,29.51388888888889,1.7569444444444442,0,0
tile_1.11_74.png,train,0,56.32638888888889,0,42.138888888888886,1.5347222222222223,0,0
tile_1.11_75.png,train,0,67.74305555555556,0,32.25694444444444,0,0,0
tile_1.11_76.png,train,0,61.5,0,38.5,0,0,0
tile_1.11_77.png,train,0,34.11111111111111,0,65.88888888888889,0,0,0
tile_1.11_78.png,train,0,13.236111111111112,0,86.76388888888889,0,0,0
tile_1.11_79.png,train,0,26.5,8.395833333333332,65.10416666666666,0,0,0
tile_1.11_8.png,train,0,0.2152777777777778,23.38888888888889,76.14583333333333,0,0,0.25
tile_1.11_80.png,train,0,38.208333333333336,10.472222222222221,44.88194444444444,0,6.4375,0
tile_1.11_81.png,train,0,19.03472222222222,2.076388888888889,58.50694444444444,0,20.381944444444443,0
tile_1.11_9.png,train,0,11.569444444444445,34.625,53.79166666666667,0,0,0.013888888888888888
tile_1.12_1.png,train,0,39.263888888888886,38.84722222222222,21.88888888888889,0,0,0
tile_1.12_10.png,train,0,6.722222222222222,39.93055555555556,47.84722222222222,5.5,0,0
tile_1.12_11.png,train,0,3.7777777777777777,26.15277777777778,60.736111111111114,9.333333333333334,0,0
tile_1.12_12.png,train,0,40.65277777777778,5.618055555555555,49.48611111111111,4.243055555555555,0,0
tile_1.12_13.png,train,0,86.875,2.0625,10.75,0.3125,0,0
tile_1.12_14.png,train,0,89.84722222222223,3.6736111111111107,6.479166666666666,0,0,0
tile_1.12_15.png,train,0,42.333333333333336,12.67361111111111,44.99305555555556,0,0,0
tile_1.12_16.png,train,0,3.201388888888889,9.0,87.79861111111111,0,0,0
tile_1.12_17.png,train,0,22.84027777777778,2.0347222222222223,72.21527777777777,2.826388888888889,0,0.08333333333333334
tile_1.12_18.png,train,0,48.42361111111111,8.666666666666668,39.923611111111114,2.826388888888889,0,0.15972222222222224
tile_1.12_19.png,train,0,4.673611111111111,25.13888888888889,58.47222222222223,11.715277777777777,0,0
tile_1.12_2.png,train,0,19.625,52.96527777777777,27.20138888888889,0.20833333333333334,0,0
tile_1.12_20.png,train,0,0.16666666666666669,26.645833333333336,55.47222222222222,17.71527777777778,0,0
tile_1.12_21.png,train,0,25.506944444444446,15.583333333333332,38.861111111111114,20.04861111111111,0,0
tile_1.12_22.png,train,0,70.21527777777777,1.625,19.291666666666664,8.868055555555555,0,0
tile_1.12_23.png,train,0,73.69444444444444,9.006944444444445,16.15972222222222,1.1180555555555554,0,0.020833333333333336
tile_1.12_24.png,train,0,48.333333333333336,16.305555555555557,35.34027777777778,0,0,0.020833333333333336
tile_1.12_25.png,train,0,28.555555555555557,7.298611111111112,64.14583333333333,0,0,0
tile_1.12_26.png,train,0,48.638888888888886,0.5763888888888888,50.701388888888886,0,0,0.08333333333333334
tile_1.12_27.png,train,0,63.638888888888886,12.13888888888889,24.055555555555554,0,0,0.16666666666666669
tile_1.12_28.png,train,0,6.104166666666667,6.597222222222222,58.12500000000001,29.173611111111107,0,0
tile_1.12_29.png,train,0,0.16666666666666669,21.34027777777778,39.09027777777778,39.40277777777778,0,0
tile_1.12_3.png,train,0,51.85416666666667,25.145833333333336,22.791666666666664,0.20833333333333334,0,0
tile_1.12_30.png,train,0,7.083333333333333,32.083333333333336,27.5625,33.270833333333336,0,0
tile_1.12_31.png,train,0,28.09027777777778,23.77777777777778,29.729166666666668,18.395833333333332,0,0.006944444444444444
tile_1.12_32.png,train,0,54.11111111111111,12.70138888888889,25.763888888888886,7.395833333333333,0,0.027777777777777776
tile_1.12_33.png,train,0,71.25,6.006944444444445,22.67361111111111,0,0,0.06944444444444445
tile_1.12_34.png,train,0,69.86805555555556,0.14583333333333334,29.9375,0,0,0.04861111111111111
tile_1.12_35.png,train,0,73.07638888888889,0,26.92361111111111,0,0,0
tile_1.12_36.png,train,0,81.1875,5.027777777777778,13.770833333333332,0,0,0.013888888888888888
tile_1.12_37.png,train,0,1.4305555555555556,0,44.15972222222222,51.13194444444444,3.277777777777778,0
tile_1.12_38.png,train,0,0,2.0347222222222223,42.326388888888886,54.715277777777786,0.9236111111111112,0
tile_1.12_39.png,train,0,0,17.541666666666668,47.99305555555556,34.40277777777778,0.0625,0
tile_1.12_4.png,train,0,85.23611111111111,6.3125,8.45138888888889,0,0,0
tile_1.12_40.png,train,0,1.2986111111111112,30.194444444444446,53.45833333333333,15.041666666666668,0,0.006944444444444444
tile_1.12_41.png,train,0,24.305555555555554,27.291666666666664,42.104166666666664,6.277777777777778,0,0.020833333333333336
tile_1.12_42.png,train,0,51.61805555555555,12.708333333333332,35.61111111111111,0,0,0.0625
tile_1.12_43.png,train,0,73.38194444444444,0.10416666666666667,26.46527777777778,0,0,0.04861111111111111
tile_1.12_44.png,train,0,62.673611111111114,0,37.32638888888889,0,0,0
tile_1.12_45.png,train,0,43.55555555555555,0.09722222222222222,56.34027777777778,0,0,0.006944444444444444
tile_1.12_46.png,train,0,0,0,18.597222222222225,28.173611111111114,53.22916666666667,0
tile_1.12_47.png,train,0,0,0,26.791666666666668,23.90277777777778,49.30555555555556,0
tile_1.12_48.png,train,0,0,0.19444444444444445,49.375,17.145833333333332,33.28472222222222,0
tile_1.12_49.png,train,0,11.88888888888889,8.041666666666666,65.02777777777777,5.201388888888888,9.840277777777779,0
tile_1.12_5.png,train,0,73.55555555555556,0.6597222222222222,25.78472222222222,0,0,0
tile_1.12_50.png,train,0,22.04861111111111,24.27777777777778,53.659722222222214,0,0,0.013888888888888888
tile_1.12_51.png,train,0,19.84722222222222,30.194444444444446,49.94444444444445,0,0,0.013888888888888888
tile_1.12_52.png,train,0,31.8125,16.09027777777778,52.097222222222214,0,0,0
tile_1.12_53.png,train,0,35.34722222222222,2.326388888888889,62.326388888888886,0,0,0
tile_1.12_54.png,train,0,28.423611111111114,0,71.57638888888889,0,0,0
tile_1.12_55.png,train,0,0,0,0.04861111111111111,0,99.95138888888889,0
tile_1.12_56.png,train,0,0,0,1.6180555555555556,0,98.38194444444444,0
tile_1.12_57.png,train,0,1.3402777777777777,0,32.708333333333336,0,65.95138888888889,0
tile_1.12_58.png,train,0,28.694444444444443,0,53.73611111111111,0,17.569444444444443,0
tile_1.12_59.png,train,0,54.79861111111111,4.354166666666667,40.84722222222222,0,0,0
tile_1.12_6.png,train,0,31.854166666666668,1.8472222222222223,66.29861111111111,0,0,0
tile_1.12_60.png,train,0,31.222222222222225,20.26388888888889,48.51388888888889,0,0,0
tile_1.12_61.png,train,0,11.32638888888889,32.951388888888886,55.722222222222214,0,0,0
tile_1.12_62.png,train,0,22.791666666666664,24.79861111111111,52.40972222222222,0,0,0
tile_1.12_63.png,train,0,30.916666666666664,8.118055555555555,60.965277777777786,0,0,0
tile_1.12_64.png,train,0,0.006944444444444444,0,25.3125,0,74.68055555555554,0
tile_1.12_65.png,train,0,1.4791666666666667,0,26.437500000000004,0,72.08333333333333,0
tile_1.12_66.png,train,0,5.111111111111112,0,52.541666666666664,0,42.34722222222223,0
tile_1.12_67.png,train,0,36.15277777777778,0,55.80555555555555,0,8.041666666666666,0
tile_1.12_68.png,train,0,61.69444444444444,0,38.30555555555556,0,0,0
tile_1.12_69.png,train,0,40.326388888888886,11.645833333333332,48.02777777777778,0,0,0
tile_1.12_7.png,train,0,17.069444444444446,1.8472222222222223,81.08333333333333,0,0,0
tile_1.12_70.png,train,0,41.80555555555556,27.666666666666668,30.527777777777775,0,0,0
tile_1.12_71.png,train,0,47.736111111111114,35.104166666666664,17.159722222222225,0,0,0
tile_1.12_72.png,train,0,23.041666666666664,25.40972222222222,43.298611111111114,8.25,0,0
tile_1.12_73.png,train,0,41.458333333333336,0,33.86111111111111,0,24.680555555555557,0
tile_1.12_74.png,train,0,44.52083333333333,0,33.395833333333336,0,22.083333333333332,0
tile_1.12_75.png,train,0,40.90277777777778,0,49.47916666666667,0,9.618055555555555,0
tile_1.12_76.png,train,0,50.09027777777778,0,49.59722222222222,0,0.3125,0
tile_1.12_77.png,train,0,44.32638888888889,2.520833333333333,49.77777777777778,3.375,0,0
tile_1.12_78.png,train,0,40.64583333333333,15.07638888888889,40.89583333333333,3.381944444444444,0,0
tile_1.12_79.png,train,0,77.20833333333333,14.548611111111112,8.23611111111111,0.006944444444444444,0,0
tile_1.12_8.png,train,0,40.44444444444444,1.4583333333333333,55.270833333333336,2.826388888888889,0,0
tile_1.12_80.png,train,0,86.68055555555556,13.319444444444445,0,0,0,0
tile_1.12_81.png,train,0,55.75694444444444,17.291666666666668,13.98611111111111,12.965277777777779,0,0
tile_1.12_9.png,train,0,68.08333333333333,1.4583333333333333,27.631944444444446,2.826388888888889,0,0
tile_1.14_1.png,train,0,11.930555555555555,0,71.59027777777777,16.479166666666668,0,0
tile_1.14_10.png,train,0,11.694444444444445,0,84.03472222222223,4.270833333333333,0,0
tile_1.14_11.png,train,0,6.125,0,88.9513888888889,4.923611111111112,0,0
tile_1.14_12.png,train,0,0,0,84.00694444444444,15.993055555555555,0,0
tile_1.14_13.png,train,0,1.465277777777778,1.9166666666666665,82.33333333333334,14.284722222222221,0,0
tile_1.14_14.png,train,0,16.25,1.9166666666666665,75.60416666666666,6.229166666666667,0,0
tile_1.14_15.png,train,0,40.00694444444444,0,44.423611111111114,15.569444444444445,0,0
tile_1.14_16.png,train,0,58.354166666666664,0,23.57638888888889,18.069444444444443,0,0
tile_1.14_17.png,train,0,59.56944444444444,0,14.270833333333332,26.15972222222222,0,0
tile_1.14_18.png,train,0,48.541666666666664,0,21.604166666666664,29.854166666666664,0,0
tile_1.14_19.png,train,0,16.270833333333336,0,67.15277777777777,16.57638888888889,0,0
tile_1.14_2.png,train,0,2.6458333333333335,0,79.13194444444444,18.22222222222222,0,0
tile_1.14_20.png,train,0,13.541666666666666,5.652777777777778,73.05555555555556,7.75,0,0
tile_1.14_21.png,train,0,14.499999999999998,13.208333333333332,68.47222222222223,3.8194444444444446,0,0
tile_1.14_22.png,train,0,16.875,12.256944444444445,69.63194444444444,1.2361111111111112,0,0
tile_1.14_23.png,train,0,21.13888888888889,4.701388888888889,71.99305555555556,2.166666666666667,0,0
tile_1.14_24.png,train,0,54.02083333333333,0,39.6875,6.291666666666666,0,0
tile_1.14_25.png,train,0,63.263888888888886,0,26.895833333333336,9.840277777777779,0,0
tile_1.14_26.png,train,0,50.201388888888886,0,29.194444444444446,20.604166666666668,0,0
tile_1.14_27.png,train,0,35.979166666666664,0,38.201388888888886,25.819444444444446,0,0
tile_1.14_28.png,train,0,11.895833333333334,0.020833333333333336,52.486111111111114,35.59722222222222,0,0
tile_1.14_29.png,train,0,17.95138888888889,13.409722222222223,50.61111111111111,18.02777777777778,0,0
tile_1.14_3.png,train,0,0,0,67.00694444444444,32.99305555555556,0,0
tile_1.14_30.png,train,0,45.22222222222222,20.944444444444443,25.791666666666668,8.041666666666666,0,0
tile_1.14_31.png,train,0,49.47916666666667,10.340277777777777,40.18055555555556,0,0,0
tile_1.14_32.png,train,0,40.90972222222222,9.25,49.666666666666664,0.1736111111111111,0,0
tile_1.14_33.png,train,0,62.625,7.736111111111112,28.618055555555554,1.0208333333333333,0,0
tile_1.14_34.png,train,0,35.40277777777778,1.2708333333333333,40.24305555555556,23.083333333333332,0,0
tile_1.14_35.png,train,0,5.861111111111112,0,34.50694444444444,59.63194444444444,0,0
tile_1.14_36.png,train,0,2.9027777777777777,0,34.88888888888889,62.20833333333333,0,0
tile_1.14_37.png,train,0,6.284722222222222,7.513888888888889,31.666666666666664,54.53472222222222,0,0
tile_1.14_38.png,train,0,32.25,17.041666666666664,31.6875,19.020833333333336,0,0
tile_1.14_39.png,train,0,72.72222222222223,9.527777777777779,10.3125,7.4375,0,0
tile_1.14_4.png,train,0,3.270833333333333,0,44.88194444444444,51.84722222222222,0,0
tile_1.14_40.png,train,0,69.65277777777777,0,30.34722222222222,0,0,0
tile_1.14_41.png,train,0,55.041666666666664,16.993055555555557,27.965277777777775,0,0,0
tile_1.14_42.png,train,0,61.645833333333336,18.26388888888889,13.5,6.590277777777779,0,0
tile_1.14_43.png,train,0,29.909722222222225,1.2708333333333333,34.04861111111111,34.770833333333336,0,0
tile_1.14_44.png,train,0,0,0,22.15972222222222,77.84027777777777,0,0
tile_1.14_45.png,train,0,0,0,13.0,87.0,0,0
tile_1.14_46.png,train,0,23.881944444444443,13.354166666666668,11.20138888888889,51.5625,0,0
tile_1.14_47.png,train,0,68.27083333333334,11.569444444444445,11.569444444444445,8.590277777777777,0,0
tile_1.14_48.png,train,0,75.79166666666667,1.7916666666666667,20.70138888888889,1.7152777777777777,0,0
tile_1.14_49.png,train,0,53.02777777777777,0.09027777777777778,46.88194444444444,0,0,0
tile_1.14_5.png,train,0,21.666666666666668,0,49.51388888888889,28.819444444444443,0,0
tile_1.14_50.png,train,0,45.34027777777778,15.57638888888889,39.08333333333333,0,0,0
tile_1.14_51.png,train,0,45.00694444444445,15.48611111111111,21.791666666666668,17.71527777777778,0,0
tile_1.14_52.png,train,0,21.291666666666668,0,39.013888888888886,39.69444444444444,0,0
tile_1.14_53.png,train,0,0,0,30.388888888888886,69.61111111111111,0,0
tile_1.14_54.png,train,0,0,0,15.659722222222221,84.34027777777777,0,0
tile_1.14_55.png,train,0,26.381944444444443,14.277777777777779,26.048611111111107,33.29166666666667,0,0
tile_1.14_56.png,train,0,68.38888888888889,2.2847222222222223,27.250000000000004,2.076388888888889,0,0
tile_1.14_57.png,train,0,72.08333333333333,0,27.916666666666668,0,0,0
tile_1.14_58.png,train,0,49.6875,7.069444444444445,43.24305555555556,0,0,0
tile_1.14_59.png,train,0,52.45833333333333,12.027777777777777,35.513888888888886,0,0,0
tile_1.14_6.png,train,0,42.833333333333336,0,41.770833333333336,15.395833333333334,0,0
tile_1.14_60.png,train,0,47.40972222222222,4.958333333333333,28.993055555555557,18.63888888888889,0,0
tile_1.14_61.png,train,0,14.5625,0,47.875,37.5625,0,0
tile_1.14_62.png,train,0,0,0,44.451388888888886,55.548611111111114,0,0
tile_1.14_63.png,train,0,0,0,28.493055555555557,71.50694444444444,0,0
tile_1.14_64.png,train,0,15.979166666666666,17.5,47.236111111111114,19.28472222222222,0,0
tile_1.14_65.png,train,0,39.013888888888886,3.854166666666667,53.68055555555556,3.4513888888888884,0,0
tile_1.14_66.png,train,0,54.09027777777777,1.6875,44.22222222222222,0,0,0
tile_1.14_67.png,train,0,48.75694444444444,15.277777777777779,35.96527777777778,0,0,0
tile_1.14_68.png,train,0,71.68055555555556,14.430555555555555,13.88888888888889,0,0,0
tile_1.14_69.png,train,0,59.97222222222223,0,31.61111111111111,8.416666666666666,0,0
tile_1.14_7.png,train,0,57.111111111111114,0,26.722222222222225,16.166666666666664,0,0
tile_1.14_70.png,train,0,13.180555555555557,0,67.53472222222221,19.28472222222222,0,0
tile_1.14_71.png,train,0,0,0,68.5,31.5,0,0
tile_1.14_72.png,train,0,0,0,54.388888888888886,45.611111111111114,0,0
tile_1.14_73.png,train,0,24.041666666666668,19.493055555555554,50.34027777777778,6.125,0,0
tile_1.14_74.png,train,0,43.201388888888886,14.006944444444445,40.97222222222222,1.8194444444444444,0,0
tile_1.14_75.png,train,0,38.27777777777778,14.583333333333334,47.13888888888889,0,0,0
tile_1.14_76.png,train,0,32.07638888888889,15.770833333333334,52.15277777777778,0,0,0
tile_1.14_77.png,train,0,65.375,8.291666666666666,26.333333333333332,0,0,0
tile_1.14_78.png,train,0,47.270833333333336,0,49.75,2.979166666666667,0,0
tile_1.14_79.png,train,0,6.909722222222222,0,81.65277777777777,11.4375,0,0
tile_1.14_8.png,train,0,61.916666666666664,0,11.159722222222221,26.92361111111111,0,0
tile_1.14_80.png,train,0,0,0,76.89583333333333,23.104166666666668,0,0
tile_1.14_81.png,train,0,0,0,75.375,24.625,0,0
tile_1.14_9.png,train,0,37.611111111111114,0,24.104166666666664,38.28472222222222,0,0
tile_1.15_1.png,train,0,10.270833333333334,0,62.25694444444444,27.47222222222222,0,0
tile_1.15_10.png,train,0,20.59722222222222,0,72.24305555555556,7.159722222222223,0,0
tile_1.15_11.png,train,0,12.4375,0,74.53472222222223,13.027777777777777,0,0
tile_1.15_12.png,train,0,18.0,0,55.13888888888889,26.861111111111114,0,0
tile_1.15_13.png,train,0,17.180555555555554,0,50.05555555555555,32.763888888888886,0,0
tile_1.15_14.png,train,0,30.09027777777778,0,43.96527777777778,25.944444444444443,0,0
tile_1.15_15.png,train,0,42.25,0,43.94444444444445,13.805555555555554,0,0
tile_1.15_16.png,train,0,37.65277777777778,3.486111111111111,50.861111111111114,7.444444444444444,0.5555555555555556,0
tile_1.15_17.png,train,0,14.277777777777779,7.979166666666666,57.06944444444444,3.923611111111111,16.75,0
tile_1.15_18.png,train,0,27.45138888888889,20.145833333333332,34.63888888888889,0,17.76388888888889,0
tile_1.15_19.png,train,0,10.402777777777777,0,63.66666666666667,25.930555555555557,0,0
tile_1.15_2.png,train,0,3.916666666666667,0,48.90972222222222,47.173611111111114,0,0
tile_1.15_20.png,train,0,23.944444444444443,0,53.93750000000001,22.118055555555554,0,0
tile_1.15_21.png,train,0,45.763888888888886,0,38.09722222222222,16.13888888888889,0,0
tile_1.15_22.png,train,0,47.013888888888886,0,32.75694444444445,20.229166666666668,0,0
tile_1.15_23.png,train,0,57.32638888888889,0,25.95138888888889,16.72222222222222,0,0
tile_1.15_24.png,train,0,71.11805555555556,0,14.13888888888889,14.743055555555557,0,0
tile_1.15_25.png,train,0,62.541666666666664,4.6875,14.805555555555555,17.96527777777778,0,0
tile_1.15_26.png,train,0,23.78472222222222,7.972222222222222,45.04166666666667,10.916666666666666,12.284722222222221,0
tile_1.15_27.png,train,0,20.95138888888889,6.826388888888888,48.94444444444444,8.25,15.027777777777779,0
tile_1.15_28.png,train,0,2.3194444444444446,0,55.645833333333336,42.03472222222222,0,0
tile_1.15_29.png,train,0,26.979166666666664,0,20.90277777777778,52.11805555555556,0,0
tile_1.15_3.png,train,0,3.6666666666666665,0,22.583333333333332,73.75,0,0
tile_1.15_30.png,train,0,56.84722222222223,0,4.236111111111112,38.916666666666664,0,0
tile_1.15_31.png,train,0,45.77777777777778,0,8.631944444444445,45.59027777777778,0,0
tile_1.15_32.png,train,0,27.23611111111111,0,20.583333333333336,52.18055555555555,0,0
tile_1.15_33.png,train,0,28.868055555555554,0,17.65972222222222,53.47222222222222,0,0
tile_1.15_34.png,train,0,25.194444444444446,2.298611111111111,10.23611111111111,62.27083333333333,0,0
tile_1.15_35.png,train,0,9.8125,12.527777777777777,27.65972222222222,47.333333333333336,2.666666666666667,0
tile_1.15_36.png,train,0,12.097222222222221,17.67361111111111,38.208333333333336,28.180555555555554,3.8402777777777777,0
tile_1.15_37.png,train,0,21.71527777777778,0,39.013888888888886,39.270833333333336,0,0
tile_1.15_38.png,train,0,36.18055555555556,0,14.597222222222223,49.22222222222222,0,0
tile_1.15_39.png,train,0,53.625,0,3.152777777777778,43.22222222222222,0,0
tile_1.15_4.png,train,0,0,0,18.40277777777778,81.59722222222221,0,0
tile_1.15_40.png,train,0,31.145833333333332,0,10.11111111111111,58.74305555555556,0,0
tile_1.15_41.png,train,0,1.7500000000000002,0,18.020833333333332,80.22916666666666,0,0
tile_1.15_42.png,train,0,0,0,24.59722222222222,75.40277777777777,0,0
tile_1.15_43.png,train,0,0,0,21.979166666666668,78.02083333333333,0,0
tile_1.15_44.png,train,0,0,18.97222222222222,22.21527777777778,58.8125,0,0
tile_1.15_45.png,train,0,8.868055555555555,28.54861111111111,17.52777777777778,45.05555555555556,0,0
tile_1.15_46.png,train,0,37.61805555555556,0,18.78472222222222,43.59722222222222,0,0
tile_1.15_47.png,train,0,36.75,0,12.3125,50.9375,0,0
tile_1.15_48.png,train,0,30.63888888888889,0,3.5486111111111116,65.8125,0,0
tile_1.15_49.png,train,0,15.20138888888889,0,2.131944444444444,82.66666666666667,0,0
tile_1.15_5.png,train,0,0,0,25.159722222222225,74.84027777777777,0,0
tile_1.15_50.png,train,0,1.7500000000000002,0,4.034722222222222,94.21527777777777,0,0
tile_1.15_51.png,train,0,0,0,17.375,82.625,0,0
tile_1.15_52.png,train,0,1.0138888888888888,0.736111111111111,26.354166666666668,71.89583333333334,0,0
tile_1.15_53.png,train,0,1.1388888888888888,24.40972222222222,29.28472222222222,45.09722222222222,0,0.06944444444444445
tile_1.15_54.png,train,0,0.34027777777777773,25.805555555555554,23.583333333333336,50.201388888888886,0,0.06944444444444445
tile_1.15_55.png,train,0,20.305555555555554,0,25.618055555555557,54.07638888888889,0,0
tile_1.15_56.png,train,0,13.430555555555557,0,22.77777777777778,63.79166666666667,0,0
tile_1.15_57.png,train,0,3.7361111111111107,0,6.319444444444445,89.94444444444444,0,0
tile_1.15_58.png,train,0,0,0,0,100.0,0,0
tile_1.15_59.png,train,0,0,0,0,100.0,0,0
tile_1.15_6.png,train,0,0,0,46.61111111111111,53.388888888888886,0,0
tile_1.15_60.png,train,0,0.2847222222222222,0.7847222222222222,3.9930555555555554,94.9375,0,0
tile_1.15_61.png,train,0,10.777777777777779,6.680555555555556,19.041666666666668,62.97222222222222,0,0.5277777777777778
tile_1.15_62.png,train,0,28.833333333333332,18.61111111111111,26.20138888888889,25.124999999999996,0,1.2291666666666665
tile_1.15_63.png,train,0,34.09722222222222,12.715277777777779,25.52777777777778,26.958333333333336,0,0.7013888888888888
tile_1.15_64.png,train,0,2.1597222222222223,0,51.09027777777778,46.75,0,0
tile_1.15_65.png,train,0,0,0,38.73611111111111,61.263888888888886,0,0
tile_1.15_66.png,train,0,0,0,7.201388888888889,92.7986111111111,0,0
tile_1.15_67.png,train,0,0,0,0,100.0,0,0
tile_1.15_68.png,train,0,0,1.1180555555555554,0,98.88194444444444,0,0
tile_1.15_69.png,train,0,0.5208333333333333,12.930555555555557,7.9375,78.30555555555556,0,0.3055555555555556
tile_1.15_7.png,train,0,0.3055555555555556,1.097222222222222,73.80555555555556,22.479166666666668,2.3125,0
tile_1.15_70.png,train,0,20.305555555555554,18.777777777777775,28.895833333333332,30.229166666666668,0,1.7916666666666667
tile_1.15_71.png,train,0,51.19444444444444,8.0,33.93055555555556,4.756944444444445,0,2.118055555555556
tile_1.15_72.png,train,0,55.833333333333336,1.0347222222222223,38.28472222222222,4.215277777777778,0,0.6319444444444444
tile_1.15_73.png,train,0,0,0,70.89583333333334,29.104166666666664,0,0
tile_1.15_74.png,train,0,0,0,46.84027777777778,53.15972222222223,0,0
tile_1.15_75.png,train,0,0,0,14.756944444444445,85.24305555555556,0,0
tile_1.15_76.png,train,0,0,0.08333333333333334,0,99.91666666666667,0,0
tile_1.15_77.png,train,0,3.4305555555555554,12.291666666666666,5.333333333333334,78.75,0,0.19444444444444445
tile_1.15_78.png,train,0,9.5,26.013888888888886,27.51388888888889,34.875,0,2.0972222222222223
tile_1.15_79.png,train,0,26.854166666666668,20.520833333333332,43.388888888888886,6.041666666666667,0,3.194444444444444
tile_1.15_8.png,train,0,1.7638888888888888,14.13888888888889,68.21527777777779,4.277777777777778,11.604166666666666,0
tile_1.15_80.png,train,0,40.69444444444444,7.166666666666667,48.45833333333333,2.3333333333333335,0,1.3472222222222223
tile_1.15_81.png,train,0,44.63194444444444,0.45138888888888884,52.52777777777777,2.3333333333333335,0,0.05555555555555555
tile_1.15_9.png,train,0,32.90277777777778,26.52777777777778,31.277777777777775,0,9.291666666666666,0
tile_1.18_1.png,train,0,0,44.15277777777778,40.729166666666664,15.083333333333334,0,0.034722222222222224
tile_1.18_10.png,train,0,3.902777777777778,31.479166666666668,64.61805555555556,0,0,0
tile_1.18_11.png,train,0,8.25,12.694444444444445,79.05555555555556,0,0,0
tile_1.18_12.png,train,0,20.041666666666664,24.875,55.08333333333333,0,0,0
tile_1.18_13.png,train,0,26.298611111111107,56.854166666666664,16.84722222222222,0,0,0
tile_1.18_14.png,train,0,17.07638888888889,82.7013888888889,0.2222222222222222,0,0,0
tile_1.18_15.png,train,0,18.354166666666664,81.64583333333333,0,0,0,0
tile_1.18_16.png,train,0,23.868055555555557,75.93055555555556,0.2013888888888889,0,0,0
tile_1.18_17.png,train,0,11.854166666666668,81.07638888888889,4.305555555555555,2.763888888888889,0,0
tile_1.18_18.png,train,0,0,74.11111111111111,23.125,2.763888888888889,0,0
tile_1.18_19.png,train,0,31.374999999999996,18.604166666666664,45.451388888888886,4.569444444444445,0,0
tile_1.18_2.png,train,0,1.6111111111111112,35.43055555555556,41.70138888888889,21.256944444444446,0,0
tile_1.18_20.png,train,0,23.729166666666668,0,70.65972222222221,5.611111111111111,0,0
tile_1.18_21.png,train,0,31.069444444444443,22.36111111111111,45.52777777777778,1.0416666666666665,0,0
tile_1.18_22.png,train,0,26.97222222222222,64.97916666666667,8.04861111111111,0,0,0
tile_1.18_23.png,train,0,24.972222222222225,75.02777777777779,0,0,0,0
tile_1.18_24.png,train,0,39.29861111111111,60.701388888888886,0,0,0,0
tile_1.18_25.png,train,0,52.590277777777786,47.40972222222222,0,0,0,0
tile_1.18_26.png,train,0,46.263888888888886,53.73611111111111,0,0,0,0
tile_1.18_27.png,train,0,17.194444444444446,73.84027777777777,0.1527777777777778,8.8125,0,0
tile_1.18_28.png,train,0,51.27083333333333,1.7916666666666667,34.38194444444444,12.555555555555555,0,0
tile_1.18_29.png,train,0,21.458333333333332,0.10416666666666667,57.013888888888886,21.42361111111111,0,0
tile_1.18_3.png,train,0,5.979166666666667,39.013888888888886,34.1875,20.819444444444443,0,0
tile_1.18_30.png,train,0,33.44444444444444,24.40277777777778,33.28472222222222,8.868055555555555,0,0
tile_1.18_31.png,train,0,40.45138888888889,54.423611111111114,5.125,0,0,0
tile_1.18_32.png,train,0,39.958333333333336,60.04166666666667,0,0,0,0
tile_1.18_33.png,train,0,34.3125,65.6875,0,0,0,0
tile_1.18_34.png,train,0,46.52777777777778,53.47222222222222,0,0,0,0
tile_1.18_35.png,train,0,67.75,32.25,0,0,0,0
tile_1.18_36.png,train,0,59.62499999999999,31.444444444444446,0,8.930555555555555,0,0
tile_1.18_37.png,train,0,46.875,1.8888888888888888,40.84722222222222,10.38888888888889,0,0
tile_1.18_38.png,train,0,24.381944444444446,5.625,50.875,19.118055555555554,0,0
tile_1.18_39.png,train,0,34.486111111111114,27.993055555555557,28.791666666666664,8.729166666666668,0,0
tile_1.18_4.png,train,0,15.104166666666666,50.604166666666664,23.229166666666668,11.0625,0,0
tile_1.18_40.png,train,0,54.79861111111111,44.729166666666664,0.4722222222222222,0,0,0
tile_1.18_41.png,train,0,33.3125,53.86805555555556,12.819444444444445,0,0,0
tile_1.18_42.png,train,0,9.375,63.798611111111114,26.826388888888893,0,0,0
tile_1.18_43.png,train,0,24.993055555555554,57.958333333333336,17.01388888888889,0.034722222222222224,0,0
tile_1.18_44.png,train,0,60.53472222222223,36.42361111111111,3.006944444444444,0.034722222222222224,0,0
tile_1.18_45.png,train,0,75.125,18.645833333333332,6.111111111111111,0.11805555555555555,0,0
tile_1.18_46.png,train,0,50.55555555555556,6.326388888888888,40.71527777777778,2.4027777777777777,0,0
tile_1.18_47.png,train,0,48.67361111111111,10.25,37.77083333333333,3.3055555555555554,0,0
tile_1.18_48.png,train,0,41.770833333333336,28.965277777777775,28.36111111111111,0.9027777777777777,0,0
tile_1.18_49.png,train,0,58.729166666666664,41.270833333333336,0,0,0,0
tile_1.18_5.png,train,0,15.319444444444445,67.27777777777779,17.381944444444443,0.020833333333333336,0,0
tile_1.18_50.png,train,0,31.333333333333336,34.479166666666664,34.1875,0,0,0
tile_1.18_51.png,train,0,0.5902777777777778,26.21527777777778,67.0763888888889,6.118055555555555,0,0
tile_1.18_52.png,train,0,7.187499999999999,28.53472222222222,37.25694444444444,27.020833333333332,0,0
tile_1.18_53.png,train,0,35.15972222222222,33.02777777777778,5.777777777777778,26.03472222222222,0,0
tile_1.18_54.png,train,0,42.020833333333336,24.48611111111111,28.36111111111111,5.131944444444445,0,0
tile_1.18_55.png,train,0,60.69444444444444,8.215277777777779,31.090277777777775,0,0,0
tile_1.18_56.png,train,0,64.71527777777779,10.166666666666666,25.0,0.11805555555555555,0,0
tile_1.18_57.png,train,0,58.5,24.65277777777778,16.729166666666668,0.11805555555555555,0,0
tile_1.18_58.png,train,0,63.95833333333333,36.041666666666664,0,0,0,0
tile_1.18_59.png,train,0,30.909722222222225,25.930555555555557,43.048611111111114,0.1111111111111111,0,0
tile_1.18_6.png,train,0,4.583333333333333,76.59722222222223,18.819444444444443,0,0,0
tile_1.18_60.png,train,0,0.0625,7.409722222222221,65.98611111111111,26.541666666666668,0,0
tile_1.18_61.png,train,0,1.0069444444444444,5.638888888888889,35.770833333333336,57.58333333333333,0,0
tile_1.18_62.png,train,0,8.909722222222221,22.34027777777778,32.458333333333336,36.291666666666664,0,0
tile_1.18_63.png,train,0,9.326388888888888,20.069444444444446,65.46527777777777,5.138888888888888,0,0
tile_1.18_64.png,train,0,48.06944444444444,3.854166666666667,26.041666666666668,22.03472222222222,0,0
tile_1.18_65.png,train,0,54.68055555555556,20.54861111111111,12.708333333333332,12.0625,0,0
tile_1.18_66.png,train,0,48.798611111111114,44.78472222222222,5.486111111111111,0.9305555555555555,0,0
tile_1.18_67.png,train,0,44.55555555555556,55.44444444444444,0,0,0,0
tile_1.18_68.png,train,0,18.868055555555554,39.458333333333336,24.53472222222222,17.13888888888889,0,0
tile_1.18_69.png,train,0,2.0,12.562499999999998,28.59027777777778,56.84722222222223,0,0
tile_1.18_7.png,train,0,0,68.11111111111111,31.88888888888889,0,0,0
tile_1.18_70.png,train,0,11.88888888888889,15.909722222222221,22.208333333333332,49.99305555555556,0,0
tile_1.18_71.png,train,0,9.88888888888889,18.63888888888889,61.18055555555556,10.291666666666668,0,0
tile_1.18_72.png,train,0,0,6.965277777777777,93.02777777777777,0.006944444444444444,0,0
tile_1.18_73.png,train,0,26.13888888888889,1.3263888888888888,42.951388888888886,29.583333333333332,0,0
tile_1.18_74.png,train,0,29.28472222222222,38.79166666666667,15.07638888888889,16.84722222222222,0,0
tile_1.18_75.png,train,0,19.333333333333332,79.85416666666667,0,0.8125,0,0
tile_1.18_76.png,train,0,13.208333333333332,86.79166666666667,0,0,0,0
tile_1.18_77.png,train,0,5.597222222222222,63.11111111111111,2.8541666666666665,28.4375,0,0
tile_1.18_78.png,train,0,9.569444444444445,26.13888888888889,2.8541666666666665,61.4375,0,0
tile_1.18_79.png,train,0,22.72222222222222,20.145833333333332,24.131944444444446,33.0,0,0
tile_1.18_8.png,train,0,0,47.673611111111114,47.583333333333336,4.743055555555555,0,0
tile_1.18_80.png,train,0,13.152777777777777,12.902777777777777,73.94444444444444,0,0,0
tile_1.18_81.png,train,0,0,0.1875,99.8125,0,0,0
tile_1.18_9.png,train,0,0,24.26388888888889,70.99305555555556,4.743055555555555,0,0
tile_1.19_1.png,train,0,0,0.1388888888888889,48.09722222222222,0,51.763888888888886,0
tile_1.19_10.png,train,0,3.215277777777778,20.9375,56.451388888888886,0,19.368055555555554,0.027777777777777776
tile_1.19_11.png,train,0,3.215277777777778,4.833333333333333,26.652777777777775,0,65.27083333333333,0.027777777777777776
tile_1.19_12.png,train,0,0,2.166666666666667,1.0486111111111112,0,96.78472222222221,0
tile_1.19_13.png,train,0,0,0,0,0,100.0,0
tile_1.19_14.png,train,0,0,0,0,0,100.0,0
tile_1.19_15.png,train,0,0,0,0,0,100.0,0
tile_1.19_16.png,train,0,0,0,0,0,100.0,0
tile_1.19_17.png,train,0,0,0,0,0,100.0,0
tile_1.19_18.png,train,0,0,0,0,0,100.0,0
tile_1.19_19.png,train,0,3.6041666666666665,70.40972222222223,23.506944444444443,0,2.4513888888888893,0.027777777777777776
tile_1.19_2.png,train,0,0,0,8.965277777777777,0,91.03472222222221,0
tile_1.19_20.png,train,0,3.6041666666666665,50.534722222222214,17.6875,0,28.145833333333332,0.027777777777777776
tile_1.19_21.png,train,0,0,25.729166666666664,1.0486111111111112,0,73.22222222222223,0
tile_1.19_22.png,train,0,0,2.4722222222222223,0,0,97.52777777777779,0
tile_1.19_23.png,train,0,0,0,0,0,100.0,0
tile_1.19_24.png,train,0,0,0,0,0,100.0,0
tile_1.19_25.png,train,0,0,0,0,0,100.0,0
tile_1.19_26.png,train,0,0,0,0,0,100.0,0
tile_1.19_27.png,train,0,0,0,0,0,100.0,0
tile_1.19_28.png,train,0,0.3888888888888889,75.65972222222223,23.95138888888889,0,0,0
tile_1.19_29.png,train,0,0.3888888888888889,84.25,10.36111111111111,1.090277777777778,3.909722222222222,0
tile_1.19_3.png,train,0,0,0,0,0,100.0,0
tile_1.19_30.png,train,0,0,50.69444444444444,0,13.902777777777779,35.40277777777778,0
tile_1.19_31.png,train,0,0,5.694444444444445,0,12.88888888888889,81.41666666666667,0
tile_1.19_32.png,train,0,0,0,0,0.0763888888888889,99.92361111111111,0
tile_1.19_33.png,train,0,0,0,0,0,100.0,0
tile_1.19_34.png,train,0,0,0,0,0,100.0,0
tile_1.19_35.png,train,0,0,0,0,0,100.0,0
tile_1.19_36.png,train,0,0,0,0,0,100.0,0
tile_1.19_37.png,train,0,0,27.243055555555557,72.75694444444444,0,0,0
tile_1.19_38.png,train,0,0,60.50694444444444,38.40277777777778,1.090277777777778,0,0
tile_1.19_39.png,train,0,0,58.840277777777786,7.847222222222222,24.34722222222222,8.965277777777777,0
tile_1.19_4.png,train,0,0,0,0,0,100.0,0
tile_1.19_40.png,train,0,0,13.88888888888889,13.375,29.881944444444446,42.854166666666664,0
tile_1.19_41.png,train,0,0,0,9.48611111111111,6.625,83.88888888888889,0
tile_1.19_42.png,train,0,0,0,0,0,100.0,0
tile_1.19_43.png,train,0,0,0,0,0,100.0,0
tile_1.19_44.png,train,0,0,0,0,0,100.0,0
tile_1.19_45.png,train,0,0,0,0,0,100.0,0
tile_1.19_46.png,train,0,0.013888888888888888,1.1944444444444444,98.79166666666667,0,0,0
tile_1.19_47.png,train,0,1.7569444444444442,25.59722222222222,72.64583333333333,0,0,0
tile_1.19_48.png,train,0,1.7430555555555556,56.423611111111114,29.465277777777775,12.368055555555555,0,0
tile_1.19_49.png,train,0,0,32.65277777777777,21.04861111111111,36.888888888888886,9.409722222222221,0
tile_1.19_5.png,train,0,0,0,0,0,100.0,0
tile_1.19_50.png,train,0,0,0.9097222222222222,20.708333333333336,25.083333333333336,53.298611111111114,0
tile_1.19_51.png,train,0,0,0,5.548611111111111,0.5625,93.88888888888889,0
tile_1.19_52.png,train,0,0,0,0,0,100.0,0
tile_1.19_53.png,train,0,0,0,0,0,100.0,0
tile_1.19_54.png,train,0,0,0,0,0,100.0,0
tile_1.19_55.png,train,0,3.868055555555556,0,96.13194444444444,0,0,0
tile_1.19_56.png,train,0,3.145833333333333,3.638888888888889,93.21527777777779,0,0,0
tile_1.19_57.png,train,0,3.125,35.39583333333333,59.55555555555555,1.923611111111111,0,0
tile_1.19_58.png,train,0,0,43.0,23.284722222222225,33.270833333333336,0.4444444444444444,0
tile_1.19_59.png,train,0,0,11.243055555555555,27.437499999999996,40.96527777777778,20.354166666666668,0
tile_1.19_6.png,train,0,0,0,0,0,100.0,0
tile_1.19_60.png,train,0,0,0,24.256944444444446,9.618055555555555,66.125,0
tile_1.19_61.png,train,0,0,0,3.784722222222222,0,96.21527777777777,0
tile_1.19_62.png,train,0,0,0,0,0,100.0,0
tile_1.19_63.png,train,0,0,0,0,0,100.0,0
tile_1.19_64.png,train,0,17.159722222222225,0,82.84027777777779,0,0,0
tile_1.19_65.png,train,0,1.6666666666666667,0,98.33333333333333,0,0,0
tile_1.19_66.png,train,0,1.4027777777777777,11.9375,85.79861111111111,0.8611111111111112,0,0
tile_1.19_67.png,train,0,0,40.75694444444444,42.84722222222222,16.395833333333336,0,0
tile_1.19_68.png,train,0,0,29.173611111111107,39.861111111111114,29.944444444444446,1.0208333333333333,0
tile_1.19_69.png,train,0,0,0.35416666666666663,56.104166666666664,14.479166666666668,29.062500000000004,0
tile_1.19_7.png,train,0,0,0,0,0,100.0,0
tile_1.19_70.png,train,0,0,0,21.88888888888889,0.06944444444444445,78.04166666666667,0
tile_1.19_71.png,train,0,0,0,0,0,100.0,0
tile_1.19_72.png,train,0,0,0,0,0,100.0,0
tile_1.19_73.png,train,0,25.381944444444443,0,74.61805555555556,0,0,0
tile_1.19_74.png,train,0,0.2777777777777778,0,96.84722222222221,2.875,0,0
tile_1.19_75.png,train,0,0.020833333333333336,1.2569444444444444,86.95833333333334,11.76388888888889,0,0
tile_1.19_76.png,train,0,0,34.979166666666664,50.541666666666664,14.479166666666668,0,0
tile_1.19_77.png,train,0,0,38.3125,50.201388888888886,11.48611111111111,0,0
tile_1.19_78.png,train,0,0,4.590277777777778,80.13194444444444,8.0,7.277777777777778,0
tile_1.19_79.png,train,0,0,0,40.90277777777778,7.027777777777777,52.06944444444444,0
tile_1.19_8.png,train,0,0,0,0,0,100.0,0
tile_1.19_80.png,train,0,0,0,0.2847222222222222,4.923611111111112,94.79166666666666,0
tile_1.19_81.png,train,0,0,0,0,0,100.0,0
tile_1.19_9.png,train,0,0,0,0,0,100.0,0
tile_1.1_1.png,train,8.902777777777777,0,11.083333333333334,8.131944444444445,71.88194444444444,0,0
tile_1.1_10.png,train,39.43055555555556,0,0,10.340277777777777,50.22916666666667,0,0
tile_1.1_11.png,train,6.166666666666667,0,0,13.458333333333334,80.375,0,0
tile_1.1_12.png,train,0,0,0,8.36111111111111,91.63888888888889,0,0
tile_1.1_13.png,train,0,0,0,3.340277777777778,96.65972222222223,0,0
tile_1.1_14.png,train,0,0,0,14.847222222222223,85.15277777777777,0,0
tile_1.1_15.png,train,0,0.6597222222222222,0,50.423611111111114,48.91666666666667,0,0
tile_1.1_16.png,train,0,26.437500000000004,0,44.98611111111111,28.576388888888886,0,0
tile_1.1_17.png,train,0,52.951388888888886,1.4583333333333333,28.26388888888889,17.32638888888889,0,0
tile_1.1_18.png,train,0,27.743055555555557,18.180555555555557,46.513888888888886,7.5625,0,0
tile_1.1_19.png,train,71.95833333333333,1.3472222222222223,0,2.347222222222222,24.34722222222222,0,0
tile_1.1_2.png,train,0,0,10.680555555555555,9.756944444444445,79.5625,0,0
tile_1.1_20.png,train,22.59722222222222,1.3541666666666667,0,18.78472222222222,57.26388888888889,0,0
tile_1.1_21.png,train,0,0.006944444444444444,0,27.17361111111111,72.81944444444444,0,0
tile_1.1_22.png,train,0,0,0,15.340277777777779,84.65972222222223,0,0
tile_1.1_23.png,train,0,0,0,24.555555555555557,75.44444444444444,0,0
tile_1.1_24.png,train,0,13.458333333333334,0,51.96527777777777,34.576388888888886,0,0
tile_1.1_25.png,train,0,56.423611111111114,1.5625,33.826388888888886,8.1875,0,0
tile_1.1_26.png,train,0,62.68055555555555,18.055555555555554,15.597222222222223,3.6666666666666665,0,0
tile_1.1_27.png,train,0,20.01388888888889,36.8125,31.194444444444446,11.979166666666668,0,0
tile_1.1_28.png,train,72.76388888888889,10.097222222222223,8.604166666666666,0.736111111111111,7.798611111111112,0,0
tile_1.1_29.png,train,22.76388888888889,25.479166666666668,9.534722222222221,18.40972222222222,23.8125,0,0
tile_1.1_3.png,train,0,0,0.2013888888888889,6.861111111111111,92.9375,0,0
tile_1.1_30.png,train,0,16.430555555555557,1.2638888888888888,39.666666666666664,42.638888888888886,0,0
tile_1.1_31.png,train,0,1.0486111111111112,4.25,27.52777777777778,67.17361111111111,0,0
tile_1.1_32.png,train,0,3.048611111111111,8.784722222222221,28.36111111111111,59.80555555555556,0,0
tile_1.1_33.png,train,0,39.96527777777778,4.868055555555555,35.736111111111114,19.430555555555557,0,0
tile_1.1_34.png,train,0,64.89583333333333,10.791666666666666,24.138888888888886,0.1736111111111111,0,0
tile_1.1_35.png,train,0,35.6875,38.3125,26.0,0,0,0
tile_1.1_36.png,train,0,10.965277777777779,35.173611111111114,42.270833333333336,11.590277777777777,0,0
tile_1.1_37.png,train,47.06944444444445,36.99305555555556,13.159722222222223,2.201388888888889,0.5763888888888888,0,0
tile_1.1_38.png,train,6.347222222222222,53.75694444444444,28.423611111111114,8.118055555555555,3.3541666666666665,0,0
tile_1.1_39.png,train,0,34.34722222222222,25.374999999999996,19.34027777777778,17.13888888888889,0,3.7986111111111107
tile_1.1_4.png,train,0,0,0,3.340277777777778,96.65972222222223,0,0
tile_1.1_40.png,train,0,10.76388888888889,33.33333333333333,14.86111111111111,35.61805555555556,0,5.423611111111111
tile_1.1_41.png,train,0,9.805555555555557,47.86805555555556,14.222222222222221,26.479166666666664,0,1.625
tile_1.1_42.png,train,0,37.81944444444444,32.916666666666664,18.131944444444446,11.131944444444445,0,0
tile_1.1_43.png,train,0,34.19444444444444,36.125,23.756944444444443,5.923611111111112,0,0
tile_1.1_44.png,train,0,29.729166666666668,45.611111111111114,24.645833333333332,0.013888888888888888,0,0
tile_1.1_45.png,train,0,50.63194444444444,20.215277777777775,28.208333333333336,0.9444444444444444,0,0
tile_1.1_46.png,train,15.736111111111112,54.46527777777778,13.881944444444445,15.916666666666668,0,0,0
tile_1.1_47.png,train,0.013888888888888888,54.25694444444444,28.4375,17.291666666666668,0,0,0
tile_1.1_48.png,train,0,46.11805555555556,33.84722222222222,13.131944444444443,2.0069444444444446,0,4.895833333333333
tile_1.1_49.png,train,0,32.513888888888886,46.22222222222222,11.63888888888889,3.1041666666666665,0,6.520833333333333
tile_1.1_5.png,train,0,0,0,11.722222222222223,88.27777777777777,0,0
tile_1.1_50.png,train,0,19.36111111111111,60.53472222222223,17.26388888888889,1.215277777777778,0,1.625
tile_1.1_51.png,train,0,18.708333333333332,49.09722222222222,26.25,5.944444444444445,0,0
tile_1.1_52.png,train,0,17.069444444444446,48.46527777777778,27.993055555555557,6.472222222222222,0,0
tile_1.1_53.png,train,0,50.28472222222222,35.8125,13.256944444444443,0.6458333333333334,0,0
tile_1.1_54.png,train,0,75.73611111111111,20.020833333333332,4.243055555555555,0,0,0
tile_1.1_55.png,train,0,46.520833333333336,32.63888888888889,20.84027777777778,0,0,0
tile_1.1_56.png,train,0,38.25694444444444,28.638888888888893,33.10416666666667,0,0,0
tile_1.1_57.png,train,0,59.10416666666667,16.03472222222222,23.76388888888889,0,0,1.097222222222222
tile_1.1_58.png,train,0,67.11111111111111,18.98611111111111,12.805555555555555,0,0,1.097222222222222
tile_1.1_59.png,train,0,38.1875,35.076388888888886,26.73611111111111,0,0,0
tile_1.1_6.png,train,0,0,0,42.604166666666664,57.395833333333336,0,0
tile_1.1_60.png,train,0,11.0,48.375,40.5,0.125,0,0
tile_1.1_61.png,train,0,25.506944444444446,35.55555555555556,32.02777777777778,6.909722222222222,0,0
tile_1.1_62.png,train,0,70.50694444444444,12.17361111111111,10.534722222222221,6.784722222222222,0,0
tile_1.1_63.png,train,0,79.04166666666667,15.354166666666666,5.597222222222222,0,0,0.006944444444444444
tile_1.1_64.png,train,0,44.298611111111114,31.555555555555554,24.145833333333332,0,0,0
tile_1.1_65.png,train,0,36.791666666666664,34.36111111111111,28.847222222222225,0,0,0
tile_1.1_66.png,train,0,49.18055555555556,25.98611111111111,24.833333333333332,0,0,0
tile_1.1_67.png,train,0,63.520833333333336,17.604166666666668,18.875,0,0,0
tile_1.1_68.png,train,0,38.61805555555556,34.576388888888886,26.083333333333332,0,0,0.7222222222222222
tile_1.1_69.png,train,0,15.006944444444445,39.88888888888889,43.9375,0.125,0,1.0416666666666665
tile_1.1_7.png,train,0,7.215277777777778,0,53.53472222222222,39.25,0,0
tile_1.1_70.png,train,0,25.958333333333332,15.76388888888889,49.111111111111114,8.847222222222221,0,0.3194444444444445
tile_1.1_71.png,train,0,63.44444444444445,2.013888888888889,21.847222222222225,12.694444444444445,0,0
tile_1.1_72.png,train,0,89.01388888888889,3.0625,3.944444444444444,3.9722222222222223,0,0.006944444444444444
tile_1.1_73.png,train,0,36.826388888888886,23.305555555555554,39.86805555555556,0,0,0
tile_1.1_74.png,train,0,43.22222222222222,37.298611111111114,19.479166666666668,0,0,0
tile_1.1_75.png,train,0,48.25694444444444,36.53472222222222,15.208333333333332,0,0,0
tile_1.1_76.png,train,0,32.90277777777778,36.96527777777778,30.131944444444443,0,0,0
tile_1.1_77.png,train,0,17.215277777777775,34.798611111111114,47.263888888888886,0,0,0.7222222222222222
tile_1.1_78.png,train,0,18.97222222222222,19.645833333333336,60.34027777777777,0,0,1.0416666666666665
tile_1.1_79.png,train,0,18.47222222222222,25.048611111111114,53.59027777777777,2.569444444444444,0,0.3194444444444445
tile_1.1_8.png,train,0,17.65277777777778,0,46.74305555555556,35.604166666666664,0,0
tile_1.1_80.png,train,0,43.45833333333333,21.53472222222222,28.465277777777775,6.541666666666666,0,0
tile_1.1_81.png,train,0,83.58333333333333,2.5833333333333335,9.86111111111111,3.9722222222222223,0,0
tile_1.1_9.png,train,0,30.97222222222222,4.055555555555555,44.25694444444444,20.71527777777778,0,0
tile_1.20_1.png,train,0,19.680555555555557,17.125,54.083333333333336,9.11111111111111,0,0
tile_1.20_10.png,train,0,7.166666666666667,18.458333333333332,74.375,0,0,0
tile_1.20_11.png,train,0,25.243055555555554,15.777777777777777,58.90277777777778,0,0,0.0763888888888889
tile_1.20_12.png,train,0,45.88194444444444,9.652777777777779,43.90972222222223,0,0,0.5555555555555556
tile_1.20_13.png,train,0,32.15972222222222,15.25,52.11111111111111,0,0,0.47916666666666663
tile_1.20_14.png,train,0,38.361111111111114,32.88194444444444,28.756944444444443,0,0,0
tile_1.20_15.png,train,0,64.70833333333333,29.166666666666668,6.125,0,0,0
tile_1.20_16.png,train,0,44.04166666666667,32.173611111111114,23.78472222222222,0,0,0
tile_1.20_17.png,train,0,38.104166666666664,25.868055555555557,36.02777777777778,0,0,0
tile_1.20_18.png,train,0,56.59722222222222,0,43.40277777777778,0,0,0
tile_1.20_19.png,train,0,0.798611111111111,5.604166666666666,93.59722222222221,0,0,0
tile_1.20_2.png,train,0,31.006944444444446,13.777777777777779,55.13888888888889,0,0,0.0763888888888889
tile_1.20_20.png,train,0,27.375,5.409722222222222,67.21527777777779,0,0,0
tile_1.20_21.png,train,0,52.798611111111114,0,47.20138888888889,0,0,0
tile_1.20_22.png,train,0,36.15277777777778,10.541666666666668,53.30555555555555,0,0,0
tile_1.20_23.png,train,0,41.11805555555556,27.750000000000004,31.0625,0.06944444444444445,0,0
tile_1.20_24.png,train,0,59.25,22.576388888888886,17.708333333333336,0.46527777777777773,0,0
tile_1.20_25.png,train,0,34.63194444444444,20.069444444444446,44.90277777777778,0.39583333333333337,0,0
tile_1.20_26.png,train,0,42.86805555555556,14.70138888888889,42.43055555555556,0,0,0
tile_1.20_27.png,train,0,63.201388888888886,0,36.798611111111114,0,0,0
tile_1.20_28.png,train,23.61111111111111,1.3263888888888888,8.756944444444445,66.30555555555556,0,0,0
tile_1.20_29.png,train,7.965277777777778,28.694444444444443,8.756944444444445,54.58333333333333,0,0,0
tile_1.20_3.png,train,0,40.22222222222222,9.652777777777779,49.56944444444444,0,0,0.5555555555555556
tile_1.20_30.png,train,0,56.208333333333336,0,43.791666666666664,0,0,0
tile_1.20_31.png,train,0,35.67361111111111,13.881944444444445,50.44444444444445,0,0,0
tile_1.20_32.png,train,0,40.78472222222223,13.881944444444445,42.90277777777778,2.166666666666667,0,0.2638888888888889
tile_1.20_33.png,train,0,57.47222222222222,3.4583333333333335,35.68055555555556,3.125,0,0.2638888888888889
tile_1.20_34.png,train,0,32.979166666666664,18.083333333333336,47.979166666666664,0.9583333333333333,0,0
tile_1.20_35.png,train,0,52.97222222222222,14.625,32.40277777777778,0,0,0
tile_1.20_36.png,train,0,66.5,0,33.5,0,0,0
tile_1.20_37.png,train,53.19444444444444,10.395833333333334,12.222222222222221,23.98611111111111,0,0,0.2013888888888889
tile_1.20_38.png,train,17.82638888888889,35.20138888888889,12.222222222222221,34.75,0,0,0
tile_1.20_39.png,train,0,65.33333333333333,0.006944444444444444,34.65972222222222,0,0,0
tile_1.20_4.png,train,0,29.11111111111111,13.180555555555557,57.229166666666664,0,0,0.47916666666666663
tile_1.20_40.png,train,0,48.45833333333333,16.6875,34.24305555555556,0,0,0.6111111111111112
tile_1.20_41.png,train,0,37.61805555555556,16.680555555555557,42.49305555555555,2.0972222222222223,0,1.1111111111111112
tile_1.20_42.png,train,0,41.90972222222222,5.840277777777778,46.84722222222222,4.819444444444445,0,0.5833333333333334
tile_1.20_43.png,train,0,29.694444444444446,34.263888888888886,33.236111111111114,2.722222222222222,0,0.08333333333333334
tile_1.20_44.png,train,0,47.45138888888889,36.104166666666664,16.444444444444446,0,0,0
tile_1.20_45.png,train,0,48.236111111111114,8.819444444444445,42.72916666666667,0,0,0.2152777777777778
tile_1.20_46.png,train,29.78472222222222,44.375,6.979166666666667,18.65972222222222,0,0,0.2013888888888889
tile_1.20_47.png,train,10.0625,37.1875,14.298611111111112,37.46527777777778,0,0,0.986111111111111
tile_1.20_48.png,train,0,55.00000000000001,15.041666666666668,28.97222222222222,0,0,0.986111111111111
tile_1.20_49.png,train,0,52.86805555555556,24.21527777777778,22.305555555555557,0,0,0.6111111111111112
tile_1.20_5.png,train,0,49.548611111111114,13.76388888888889,36.6875,0,0,0
tile_1.20_50.png,train,0,50.99305555555556,21.395833333333332,26.763888888888886,0,0,0.8472222222222223
tile_1.20_51.png,train,0,50.11805555555555,18.083333333333336,29.319444444444443,2.1597222222222223,0,0.3194444444444445
tile_1.20_52.png,train,0,38.53472222222222,43.74305555555556,15.479166666666666,2.1597222222222223,0,0.08333333333333334
tile_1.20_53.png,train,0,46.60416666666667,45.84027777777778,7.555555555555555,0,0,0
tile_1.20_54.png,train,0,45.916666666666664,25.38888888888889,28.395833333333332,0,0,0.2986111111111111
tile_1.20_55.png,train,0.2013888888888889,68.31944444444444,0.4930555555555555,30.736111111111107,0,0,0.25
tile_1.20_56.png,train,0.2013888888888889,44.138888888888886,7.8125,46.61111111111111,0,0,1.2361111111111112
tile_1.20_57.png,train,0,58.736111111111114,19.166666666666668,21.11111111111111,0,0,0.986111111111111
tile_1.20_58.png,train,0,61.520833333333336,29.291666666666664,9.1875,0,0,0
tile_1.20_59.png,train,0,63.88194444444445,28.423611111111114,7.694444444444444,0,0,0
tile_1.20_6.png,train,0,89.77083333333333,7.833333333333334,2.3958333333333335,0,0,0
tile_1.20_60.png,train,0,62.5,31.01388888888889,6.486111111111111,0,0,0
tile_1.20_61.png,train,0,43.34722222222222,46.625,10.027777777777777,0,0,0
tile_1.20_62.png,train,0,43.583333333333336,39.25694444444445,16.75,0,0,0.40972222222222227
tile_1.20_63.png,train,0,64.48611111111111,21.63888888888889,13.284722222222223,0,0,0.5902777777777778
tile_1.20_64.png,train,0,48.78472222222222,1.8263888888888888,42.13194444444445,7.000000000000001,0,0.2569444444444445
tile_1.20_65.png,train,0,44.46527777777778,0.5763888888888888,51.88194444444445,2.8194444444444446,0,0.2569444444444445
tile_1.20_66.png,train,0,69.54861111111111,6.013888888888888,24.4375,0,0,0
tile_1.20_67.png,train,0,70.90972222222223,21.305555555555557,7.784722222222222,0,0,0
tile_1.20_68.png,train,0,77.54861111111111,22.45138888888889,0,0,0,0
tile_1.20_69.png,train,0,64.04166666666666,35.95833333333333,0,0,0,0
tile_1.20_7.png,train,0,58.40277777777778,35.64583333333333,5.951388888888888,0,0,0
tile_1.20_70.png,train,0,40.59722222222222,44.65277777777778,14.75,0,0,0
tile_1.20_71.png,train,0,52.69444444444444,20.8125,26.0625,0,0,0.4305555555555556
tile_1.20_72.png,train,0,68.26388888888889,5.069444444444445,25.763888888888886,0,0,0.9027777777777777
tile_1.20_73.png,train,0,36.888888888888886,3.618055555555556,52.0,7.000000000000001,0,0.4930555555555555
tile_1.20_74.png,train,0,51.56944444444444,1.1388888888888888,43.97916666666667,2.8194444444444446,0,0.4930555555555555
tile_1.20_75.png,train,0,62.0625,6.729166666666667,30.75,0,0,0.4583333333333333
tile_1.20_76.png,train,0,63.15277777777778,16.555555555555557,20.291666666666668,0,0,0
tile_1.20_77.png,train,0,81.95833333333333,18.041666666666668,0,0,0,0
tile_1.20_78.png,train,0,59.46527777777778,40.53472222222222,0,0,0,0
tile_1.20_79.png,train,0,45.48611111111111,46.63888888888889,7.875,0,0,0
tile_1.20_8.png,train,0,50.83333333333333,33.97222222222222,15.194444444444443,0,0,0
tile_1.20_80.png,train,0,72.81944444444444,15.930555555555555,11.229166666666666,0,0,0.020833333333333336
tile_1.20_81.png,train,0,75.4375,2.166666666666667,22.0,0,0,0.39583333333333337
tile_1.20_9.png,train,0,78.13194444444444,0.3472222222222222,21.520833333333332,0,0,0
tile_1.21_1.png,train,0,34.71527777777778,0,62.27777777777778,3.006944444444444,0,0
tile_1.21_10.png,train,0,15.069444444444443,0,82.90277777777779,2.0277777777777777,0,0
tile_1.21_11.png,train,0,23.27777777777778,0,67.3125,9.409722222222221,0,0
tile_1.21_12.png,train,0,41.625,0,50.99305555555556,7.381944444444444,0,0
tile_1.21_13.png,train,0,56.08333333333333,0,43.916666666666664,0,0,0
tile_1.21_14.png,train,0,66.52083333333333,0,33.479166666666664,0,0,0
tile_1.21_15.png,train,0,79.23611111111111,0,20.76388888888889,0,0,0
tile_1.21_16.png,train,0,72.97916666666666,0,27.020833333333332,0,0,0
tile_1.21_17.png,train,0,48.16666666666667,0,51.83333333333333,0,0,0
tile_1.21_18.png,train,0,38.34722222222222,0,61.65277777777778,0,0,0
tile_1.21_19.png,train,0,36.38194444444444,0,62.27083333333333,1.3472222222222223,0,0
tile_1.21_2.png,train,0,16.416666666666664,0,72.01388888888889,11.569444444444445,0,0
tile_1.21_20.png,train,0,42.51388888888889,0,53.22222222222223,4.263888888888888,0,0
tile_1.21_21.png,train,0,44.23611111111111,0,52.84722222222222,2.9166666666666665,0,0
tile_1.21_22.png,train,0,46.59722222222222,0,53.40277777777778,0,0,0
tile_1.21_23.png,train,0,47.86111111111111,0,52.13888888888889,0,0,0
tile_1.21_24.png,train,0,55.875,0,44.125,0,0,0
tile_1.21_25.png,train,0,62.86805555555556,0,37.13194444444444,0,0,0
tile_1.21_26.png,train,0,58.11805555555556,0,41.88194444444445,0,0,0
tile_1.21_27.png,train,0,43.0625,0,56.9375,0,0,0
tile_1.21_28.png,train,0,65.70138888888889,0,33.00694444444445,1.2916666666666667,0,0
tile_1.21_29.png,train,0,54.29166666666667,0,44.138888888888886,1.5694444444444444,0,0
tile_1.21_3.png,train,0,40.61805555555556,0,50.81944444444444,8.5625,0,0
tile_1.21_30.png,train,0,48.30555555555556,0,51.416666666666664,0.2777777777777778,0,0
tile_1.21_31.png,train,0,47.61805555555556,0,52.38194444444444,0,0,0
tile_1.21_32.png,train,0,38.423611111111114,0,61.576388888888886,0,0,0
tile_1.21_33.png,train,0,33.263888888888886,0,66.73611111111111,0,0,0
tile_1.21_34.png,train,0,37.5,0,62.5,0,0,0
tile_1.21_35.png,train,0,42.95833333333333,0,57.04166666666667,0,0,0
tile_1.21_36.png,train,0,32.666666666666664,0,67.33333333333333,0,0,0
tile_1.21_37.png,train,0,54.895833333333336,0,38.145833333333336,6.958333333333333,0,0
tile_1.21_38.png,train,0,43.11805555555556,0,46.46527777777778,10.416666666666668,0,0
tile_1.21_39.png,train,0,48.375,0,48.16666666666667,3.4583333333333335,0,0
tile_1.21_4.png,train,0,56.15972222222222,0,43.84027777777778,0,0,0
tile_1.21_40.png,train,0,51.861111111111114,0,48.138888888888886,0,0,0
tile_1.21_41.png,train,0,47.583333333333336,0,52.416666666666664,0,0,0
tile_1.21_42.png,train,0,42.99305555555556,0,57.00694444444444,0,0,0
tile_1.21_43.png,train,0,41.326388888888886,0,58.673611111111114,0,0,0
tile_1.21_44.png,train,0,42.63194444444444,0,57.36805555555555,0,0,0
tile_1.21_45.png,train,0,39.520833333333336,0,60.479166666666664,0,0,0
tile_1.21_46.png,train,0,43.145833333333336,0,50.69444444444444,6.159722222222222,0,0
tile_1.21_47.png,train,0,36.854166666666664,2.7083333333333335,51.09722222222223,9.340277777777779,0,0
tile_1.21_48.png,train,0,36.048611111111114,7.111111111111111,50.83333333333333,6.006944444444445,0,0
tile_1.21_49.png,train,0,33.33333333333333,6.166666666666667,57.673611111111114,2.826388888888889,0,0
tile_1.21_5.png,train,0,66.10416666666666,0,33.89583333333333,0,0,0
tile_1.21_50.png,train,0,35.326388888888886,1.7638888888888888,62.90972222222222,0,0,0
tile_1.21_51.png,train,0,55.06944444444445,0,44.93055555555556,0,0,0
tile_1.21_52.png,train,0,70.86111111111111,0,29.138888888888886,0,0,0
tile_1.21_53.png,train,0,59.00694444444444,0,40.99305555555556,0,0,0
tile_1.21_54.png,train,0,44.40972222222222,0,55.59027777777777,0,0,0
tile_1.21_55.png,train,0,42.083333333333336,0,37.31944444444444,20.59722222222222,0,0
tile_1.21_56.png,train,0,38.73611111111111,2.7083333333333335,44.90972222222222,13.645833333333332,0,0
tile_1.21_57.png,train,0,42.770833333333336,7.111111111111111,47.291666666666664,2.826388888888889,0,0
tile_1.21_58.png,train,0,43.61805555555556,6.708333333333333,46.84722222222222,2.826388888888889,0,0
tile_1.21_59.png,train,0,39.63888888888889,2.930555555555556,57.43055555555555,0,0,0
tile_1.21_6.png,train,0,72.4861111111111,0,27.51388888888889,0,0,0
tile_1.21_60.png,train,0,50.888888888888886,0.625,48.486111111111114,0,0,0
tile_1.21_61.png,train,0,67.4375,0,32.5625,0,0,0
tile_1.21_62.png,train,0,49.375,0,50.625,0,0,0
tile_1.21_63.png,train,0,38.638888888888886,0,61.361111111111114,0,0,0
tile_1.21_64.png,train,0,35.43055555555556,2.5416666666666665,40.0,21.722222222222225,0,0.3055555555555556
tile_1.21_65.png,train,0,36.791666666666664,2.736111111111111,45.79861111111111,14.506944444444445,0,0.16666666666666669
tile_1.21_66.png,train,0,59.48611111111111,0.19444444444444445,40.31944444444445,0,0,0
tile_1.21_67.png,train,0,62.472222222222214,0.5416666666666667,36.98611111111111,0,0,0
tile_1.21_68.png,train,0,53.87499999999999,1.1666666666666667,44.958333333333336,0,0,0
tile_1.21_69.png,train,0,43.333333333333336,0.625,56.041666666666664,0,0,0
tile_1.21_7.png,train,0,50.30555555555556,0,49.69444444444445,0,0,0
tile_1.21_70.png,train,0,42.20833333333333,0,57.791666666666664,0,0,0
tile_1.21_71.png,train,0,40.5625,0,59.395833333333336,0,0,0.04166666666666667
tile_1.21_72.png,train,0,48.048611111111114,0,51.888888888888886,0,0,0.0625
tile_1.21_73.png,train,0,59.88888888888889,2.895833333333333,34.5625,1.6180555555555556,0,1.0347222222222223
tile_1.21_74.png,train,0,50.56944444444444,4.4375,43.00694444444444,1.3541666666666667,0,0.6319444444444444
tile_1.21_75.png,train,0,49.0625,1.6736111111111112,49.26388888888889,0,0,0
tile_1.21_76.png,train,0,43.798611111111114,0.13194444444444445,56.06944444444445,0,0,0
tile_1.21_77.png,train,0,60.298611111111114,0,39.701388888888886,0,0,0
tile_1.21_78.png,train,0,61.09722222222223,0,38.90277777777777,0,0,0
tile_1.21_79.png,train,0,35.854166666666664,3.201388888888889,60.94444444444444,0,0,0
tile_1.21_8.png,train,0,23.395833333333332,0,76.60416666666666,0,0,0
tile_1.21_80.png,train,0,41.61805555555556,6.791666666666667,51.54861111111111,0,0,0.04166666666666667
tile_1.21_81.png,train,0,54.73611111111111,3.5902777777777777,41.56944444444444,0,0,0.10416666666666667
tile_1.21_9.png,train,0,14.57638888888889,0,85.42361111111111,0,0,0
tile_1.22_1.png,train,0,36.375,4.972222222222222,54.659722222222214,3.9930555555555554,0,0
tile_1.22_10.png,train,0,22.01388888888889,6.229166666666667,71.75694444444444,0,0,0
tile_1.22_11.png,train,0,23.409722222222225,17.84722222222222,58.74305555555556,0,0,0
tile_1.22_12.png,train,0,18.02777777777778,18.9375,63.034722222222214,0,0,0
tile_1.22_13.png,train,0,25.763888888888886,9.833333333333332,59.70833333333333,4.694444444444444,0,0
tile_1.22_14.png,train,0,29.069444444444443,9.76388888888889,51.88194444444445,9.284722222222221,0,0
tile_1.22_15.png,train,0,41.92361111111111,16.118055555555554,36.736111111111114,5.222222222222222,0,0
tile_1.22_16.png,train,0,68.1388888888889,9.625,16.916666666666664,5.319444444444445,0,0
tile_1.22_17.png,train,0,44.29166666666667,8.32638888888889,17.805555555555554,29.57638888888889,0,0
tile_1.22_18.png,train,0,9.416666666666666,29.430555555555554,24.07638888888889,36.5625,0.513888888888889,0
tile_1.22_19.png,train,0,53.05555555555556,1.2569444444444444,45.6875,0,0,0
tile_1.22_2.png,train,0,47.45138888888889,10.666666666666668,37.02777777777778,4.854166666666666,0,0
tile_1.22_20.png,train,0,35.36111111111111,10.104166666666666,54.46527777777778,0.06944444444444445,0,0
tile_1.22_21.png,train,0,18.15972222222222,19.48611111111111,61.30555555555556,1.0486111111111112,0,0
tile_1.22_22.png,train,0,22.958333333333332,15.0,57.076388888888886,4.965277777777778,0,0
tile_1.22_23.png,train,0,22.291666666666668,9.645833333333332,58.12500000000001,9.9375,0,0
tile_1.22_24.png,train,0,23.493055555555557,9.305555555555555,56.43055555555555,10.770833333333334,0,0
tile_1.22_25.png,train,0,34.291666666666664,10.32638888888889,30.17361111111111,25.208333333333332,0,0
tile_1.22_26.png,train,0,17.5625,25.57638888888889,15.777777777777777,41.083333333333336,0,0
tile_1.22_27.png,train,0,6.708333333333333,42.27777777777778,26.375,24.125,0.513888888888889,0
tile_1.22_28.png,train,0,53.29166666666667,0,46.708333333333336,0,0,0
tile_1.22_29.png,train,0,49.42361111111111,0,47.326388888888886,3.25,0,0
tile_1.22_3.png,train,0,49.65277777777778,5.861111111111112,42.67361111111111,1.8124999999999998,0,0
tile_1.22_30.png,train,0,43.083333333333336,13.555555555555557,35.833333333333336,7.527777777777778,0,0
tile_1.22_31.png,train,0,56.34722222222223,15.23611111111111,24.138888888888886,4.277777777777778,0,0
tile_1.22_32.png,train,0,65.45833333333333,6.576388888888888,25.96527777777778,2.0,0,0
tile_1.22_33.png,train,0,40.08333333333333,8.916666666666668,44.8125,6.1875,0,0
tile_1.22_34.png,train,0,23.069444444444446,22.09722222222222,34.94444444444444,19.88888888888889,0,0
tile_1.22_35.png,train,0,10.48611111111111,49.1875,21.1875,19.09027777777778,0.04861111111111111,0
tile_1.22_36.png,train,0,19.46527777777778,44.84722222222222,32.25,3.3888888888888893,0.04861111111111111,0
tile_1.22_37.png,train,0,45.53472222222222,0,54.46527777777778,0,0,0
tile_1.22_38.png,train,0,53.43055555555556,0,43.388888888888886,3.1805555555555554,0,0
tile_1.22_39.png,train,0,52.34027777777778,20.82638888888889,20.354166666666668,6.479166666666666,0,0
tile_1.22_4.png,train,0,42.611111111111114,0,56.06250000000001,1.3263888888888888,0,0
tile_1.22_40.png,train,0,69.34027777777779,22.631944444444443,4.729166666666667,3.298611111111111,0,0
tile_1.22_41.png,train,0,86.36805555555556,2.0347222222222223,11.17361111111111,0,0,0.42361111111111116
tile_1.22_42.png,train,0,67.0,2.0902777777777777,30.486111111111114,0,0,0.42361111111111116
tile_1.22_43.png,train,0,37.80555555555555,24.40277777777778,37.79166666666667,0,0,0
tile_1.22_44.png,train,0,17.8125,50.07638888888889,27.444444444444443,4.618055555555555,0.04861111111111111,0
tile_1.22_45.png,train,0,21.854166666666668,37.25694444444444,23.78472222222222,17.055555555555554,0.04861111111111111,0
tile_1.22_46.png,train,0,37.125,3.680555555555556,59.19444444444445,0,0,0
tile_1.22_47.png,train,0,38.479166666666664,0.3888888888888889,59.333333333333336,1.7986111111111112,0,0
tile_1.22_48.png,train,0,33.36805555555556,26.555555555555554,38.27777777777778,1.7986111111111112,0,0
tile_1.22_49.png,train,0,54.61111111111111,29.638888888888886,15.75,0,0,0
tile_1.22_5.png,train,0,28.1875,7.3125,53.5625,10.9375,0,0
tile_1.22_50.png,train,0,70.90972222222223,11.395833333333332,16.61111111111111,0,0,1.0833333333333335
tile_1.22_51.png,train,0,50.56944444444444,18.36111111111111,29.895833333333332,0,0.06944444444444445,1.1041666666666667
tile_1.22_52.png,train,0,20.97222222222222,31.84722222222222,47.09027777777778,0,0.06944444444444445,0.020833333333333336
tile_1.22_53.png,train,0,9.909722222222223,30.854166666666664,47.423611111111114,11.8125,0,0
tile_1.22_54.png,train,0,24.902777777777775,16.42361111111111,34.34722222222222,24.32638888888889,0,0
tile_1.22_55.png,train,0,34.24305555555556,4.375,61.38194444444445,0,0,0
tile_1.22_56.png,train,0,29.569444444444443,0.9444444444444444,67.6875,1.7986111111111112,0,0
tile_1.22_57.png,train,0,32.645833333333336,23.26388888888889,42.291666666666664,1.7986111111111112,0,0
tile_1.22_58.png,train,9.48611111111111,50.89583333333333,25.729166666666664,13.88888888888889,0,0,0
tile_1.22_59.png,train,13.541666666666666,60.12499999999999,17.48611111111111,7.187499999999999,0,0,1.659722222222222
tile_1.22_6.png,train,0,32.861111111111114,23.70138888888889,30.805555555555557,12.631944444444446,0,0
tile_1.22_60.png,train,4.055555555555555,32.875,32.15972222222222,27.854166666666668,0,1.375,1.6805555555555556
tile_1.22_61.png,train,0,3.965277777777778,31.42361111111111,58.729166666666664,4.486111111111111,1.375,0.020833333333333336
tile_1.22_62.png,train,0,3.4097222222222223,14.090277777777777,64.40972222222221,18.09027777777778,0,0
tile_1.22_63.png,train,0,37.611111111111114,0,45.30555555555556,17.083333333333332,0,0
tile_1.22_64.png,train,0,50.61805555555555,0.6944444444444444,48.6875,0,0,0
tile_1.22_65.png,train,0,45.15277777777777,0.5555555555555556,54.29166666666667,0,0,0
tile_1.22_66.png,train,2.638888888888889,47.333333333333336,7.465277777777778,36.72916666666667,5.798611111111112,0,0.034722222222222224
tile_1.22_67.png,train,36.3125,42.97916666666667,8.652777777777777,6.222222222222222,5.798611111111112,0,0.034722222222222224
tile_1.22_68.png,train,54.423611111111114,27.618055555555554,8.125,8.833333333333334,0,0,1.0
tile_1.22_69.png,train,28.520833333333336,15.472222222222223,18.6875,35.00694444444444,0.006944444444444444,1.3055555555555556,1.0
tile_1.22_7.png,train,0,64.9375,19.8125,12.402777777777779,2.8472222222222223,0,0
tile_1.22_70.png,train,7.770833333333334,9.131944444444445,15.506944444444445,60.74305555555556,5.541666666666667,1.3055555555555556,0
tile_1.22_71.png,train,0,9.041666666666668,7.472222222222221,68.66666666666667,14.819444444444443,0,0
tile_1.22_72.png,train,0,21.15277777777778,3.965277777777778,56.458333333333336,18.42361111111111,0,0
tile_1.22_73.png,train,0,60.71527777777778,0,33.55555555555556,5.729166666666666,0,0
tile_1.22_74.png,train,3.965277777777778,39.423611111111114,0,55.31944444444444,1.2916666666666667,0,0
tile_1.22_75.png,train,24.166666666666668,25.618055555555557,0,42.96527777777778,6.618055555555556,0,0.6319444444444444
tile_1.22_76.png,train,66.0,15.70138888888889,0,11.04861111111111,6.618055555555556,0,0.6319444444444444
tile_1.22_77.png,train,82.47222222222223,0.8125,0,16.71527777777778,0,0,0
tile_1.22_78.png,train,54.6875,10.04861111111111,4.840277777777778,27.569444444444446,0.006944444444444444,0,2.8472222222222223
tile_1.22_79.png,train,18.01388888888889,33.13888888888889,10.027777777777777,34.91666666666667,1.0555555555555556,0,2.8472222222222223
tile_1.22_8.png,train,0,61.236111111111114,4.520833333333334,26.65972222222222,7.583333333333334,0,0
tile_1.22_80.png,train,0,43.048611111111114,13.131944444444443,39.895833333333336,3.923611111111111,0,0
tile_1.22_81.png,train,0,35.34027777777778,10.868055555555555,45.18055555555556,8.61111111111111,0,0
tile_1.22_9.png,train,0,31.67361111111111,11.493055555555555,38.27777777777778,18.555555555555557,0,0
tile_1.24_1.png,train,0,37.17361111111111,13.201388888888888,47.31944444444444,2.3055555555555554,0,0
tile_1.24_10.png,train,0,14.055555555555554,4.895833333333333,80.27083333333334,0.7777777777777778,0,0
tile_1.24_11.png,train,0,12.041666666666668,9.680555555555555,77.5,0.7777777777777778,0,0
tile_1.24_12.png,train,0,36.84027777777778,6.888888888888889,56.09027777777777,0,0,0.18055555555555555
tile_1.24_13.png,train,0,53.36805555555556,11.534722222222223,34.91666666666667,0,0,0.18055555555555555
tile_1.24_14.png,train,0,62.625,15.652777777777777,21.722222222222225,0,0,0
tile_1.24_15.png,train,0,52.67361111111111,14.479166666666668,32.84722222222222,0,0,0
tile_1.24_16.png,train,0,32.00694444444444,8.618055555555555,59.375,0,0,0
tile_1.24_17.png,train,0,25.687500000000004,0.3611111111111111,73.5486111111111,0.4027777777777778,0,0
tile_1.24_18.png,train,0,10.305555555555555,0,70.45833333333333,19.23611111111111,0,0
tile_1.24_19.png,train,0,31.479166666666668,0.8541666666666666,66.88888888888889,0.7777777777777778,0,0
tile_1.24_2.png,train,0,31.083333333333336,16.09722222222222,52.81944444444444,0,0,0
tile_1.24_20.png,train,0,30.645833333333332,5.854166666666667,62.72222222222222,0.7777777777777778,0,0
tile_1.24_21.png,train,0,41.333333333333336,8.055555555555555,50.61111111111111,0,0,0
tile_1.24_22.png,train,0,49.5625,7.798611111111112,42.638888888888886,0,0,0
tile_1.24_23.png,train,0,55.25694444444444,12.819444444444445,31.92361111111111,0,0,0
tile_1.24_24.png,train,0,62.020833333333336,24.916666666666668,13.0625,0,0,0
tile_1.24_25.png,train,0,40.25,18.166666666666668,35.298611111111114,6.284722222222222,0,0
tile_1.24_26.png,train,0,25.930555555555557,1.3194444444444444,47.604166666666664,25.145833333333336,0,0
tile_1.24_27.png,train,0,12.13888888888889,0,50.39583333333333,37.46527777777778,0,0
tile_1.24_28.png,train,0,52.33333333333333,11.152777777777779,36.51388888888889,0,0,0
tile_1.24_29.png,train,0,44.55555555555556,7.784722222222222,42.486111111111114,5.173611111111111,0,0
tile_1.24_3.png,train,0,38.54166666666667,6.923611111111111,54.35416666666667,0,0,0.18055555555555555
tile_1.24_30.png,train,0,35.875,5.284722222222222,48.51388888888889,10.32638888888889,0,0
tile_1.24_31.png,train,0,41.81944444444444,6.826388888888888,46.201388888888886,5.152777777777778,0,0
tile_1.24_32.png,train,0,39.36805555555555,19.34027777777778,41.291666666666664,0,0,0
tile_1.24_33.png,train,0,53.18055555555555,26.479166666666664,20.340277777777775,0,0,0
tile_1.24_34.png,train,0,39.02777777777778,13.020833333333334,36.395833333333336,11.555555555555555,0,0
tile_1.24_35.png,train,0,7.090277777777778,1.2222222222222223,48.30555555555556,43.38194444444444,0,0
tile_1.24_36.png,train,0,6.395833333333334,0,45.33333333333333,48.270833333333336,0,0
tile_1.24_37.png,train,0,44.04166666666667,28.715277777777775,27.243055555555557,0,0,0
tile_1.24_38.png,train,0,34.88194444444444,22.243055555555554,37.47222222222222,5.402777777777778,0,0
tile_1.24_39.png,train,0,18.86111111111111,2.4375,67.375,11.32638888888889,0,0
tile_1.24_4.png,train,0,43.451388888888886,14.083333333333334,42.28472222222222,0,0,0.18055555555555555
tile_1.24_40.png,train,0,17.993055555555557,1.2361111111111112,74.84722222222221,5.923611111111112,0,0
tile_1.24_41.png,train,0,22.92361111111111,7.847222222222222,65.875,3.3541666666666665,0,0
tile_1.24_42.png,train,0,28.333333333333332,9.055555555555555,59.25694444444445,3.3541666666666665,0,0
tile_1.24_43.png,train,0,20.180555555555554,2.7083333333333335,69.85416666666666,7.256944444444445,0,0
tile_1.24_44.png,train,0,0.2638888888888889,0.2638888888888889,63.01388888888889,36.45833333333333,0,0
tile_1.24_45.png,train,0,9.944444444444445,0,33.53472222222222,56.52083333333333,0,0
tile_1.24_46.png,train,2.625,45.90972222222222,25.11111111111111,26.354166666666668,0,0,0
tile_1.24_47.png,train,6.076388888888888,39.50694444444444,21.895833333333332,32.29166666666667,0.22916666666666666,0,0
tile_1.24_48.png,train,3.4513888888888884,24.541666666666668,4.701388888888889,66.30555555555556,1.0,0,0
tile_1.24_49.png,train,0,18.1875,7.013888888888889,74.02777777777779,0.7708333333333334,0,0
tile_1.24_5.png,train,0,46.36111111111111,16.416666666666664,37.22222222222222,0,0,0
tile_1.24_50.png,train,0,25.38888888888889,4.763888888888889,61.895833333333336,7.951388888888888,0,0
tile_1.24_51.png,train,0,11.29861111111111,0.013888888888888888,77.04166666666666,11.645833333333332,0,0
tile_1.24_52.png,train,0,6.972222222222222,0,87.31944444444444,5.708333333333333,0,0
tile_1.24_53.png,train,0,17.45138888888889,0,59.10416666666667,23.444444444444446,0,0
tile_1.24_54.png,train,0,40.1875,0,16.631944444444443,43.18055555555556,0,0
tile_1.24_55.png,train,21.645833333333332,39.32638888888889,16.3125,22.71527777777778,0,0,0
tile_1.24_56.png,train,46.708333333333336,26.02777777777778,8.215277777777779,19.04861111111111,0,0,0
tile_1.24_57.png,train,29.715277777777775,19.729166666666668,2.326388888888889,47.72222222222222,0.5069444444444444,0,0
tile_1.24_58.png,train,4.631944444444445,26.437500000000004,20.284722222222225,45.736111111111114,2.9097222222222223,0,0
tile_1.24_59.png,train,0,50.75694444444444,18.166666666666668,24.07638888888889,7.000000000000001,0,0
tile_1.24_6.png,train,0,42.99305555555556,7.124999999999999,49.88194444444444,0,0,0
tile_1.24_60.png,train,0,32.96527777777778,0.20833333333333334,57.06944444444444,9.756944444444445,0,0
tile_1.24_61.png,train,0,13.26388888888889,0.18055555555555555,81.36805555555556,5.1875,0,0
tile_1.24_62.png,train,0,42.270833333333336,4.270833333333333,47.84027777777778,5.618055555555555,0,0
tile_1.24_63.png,train,0,65.86111111111111,7.826388888888888,16.1875,10.125,0,0
tile_1.24_64.png,train,27.083333333333332,32.15277777777778,9.652777777777779,27.229166666666664,3.2430555555555554,0,0.638888888888889
tile_1.24_65.png,train,55.1875,22.77777777777778,4.993055555555555,10.902777777777779,3.361111111111111,0,2.7777777777777777
tile_1.24_66.png,train,35.16666666666667,33.611111111111114,0.3125,25.61111111111111,2.763888888888889,0,2.5347222222222223
tile_1.24_67.png,train,6.791666666666667,27.618055555555554,18.479166666666664,33.08333333333333,13.631944444444443,0,0.39583333333333337
tile_1.24_68.png,train,0,36.125,26.993055555555557,25.895833333333336,10.986111111111112,0,0
tile_1.24_69.png,train,0,29.805555555555557,11.895833333333334,56.833333333333336,1.465277777777778,0,0
tile_1.24_7.png,train,0,28.756944444444443,0.7638888888888888,67.41666666666667,3.0625,0,0
tile_1.24_70.png,train,0,18.131944444444446,11.458333333333332,68.58333333333333,1.465277777777778,0,0.3611111111111111
tile_1.24_71.png,train,0,36.76388888888889,23.70138888888889,39.145833333333336,0,0,0.3888888888888889
tile_1.24_72.png,train,0,48.88194444444444,21.98611111111111,25.5,2.013888888888889,0,1.6180555555555556
tile_1.24_73.png,train,8.0625,31.59722222222222,1.8819444444444444,53.1875,4.631944444444445,0,0.638888888888889
tile_1.24_74.png,train,14.555555555555555,32.854166666666664,4.4375,41.53472222222222,3.8402777777777777,0,2.7777777777777777
tile_1.24_75.png,train,8.902777777777777,48.40277777777778,6.368055555555556,31.055555555555554,2.736111111111111,0,2.5347222222222223
tile_1.24_76.png,train,2.1597222222222223,42.61805555555556,7.201388888888889,35.173611111111114,12.395833333333334,0,0.45138888888888884
tile_1.24_77.png,train,0,27.916666666666668,21.07638888888889,40.54861111111111,10.256944444444445,0,0.2013888888888889
tile_1.24_78.png,train,0,27.819444444444446,19.125,51.22916666666667,0,0,1.8263888888888888
tile_1.24_79.png,train,0,33.56944444444444,21.75,42.47222222222222,0,0,2.2083333333333335
tile_1.24_8.png,train,0,7.465277777777778,0,82.70833333333333,9.82638888888889,0,0
tile_1.24_80.png,train,0,24.930555555555557,40.89583333333333,33.61805555555556,0,0,0.5555555555555556
tile_1.24_81.png,train,0,27.104166666666668,25.15277777777778,40.69444444444444,0,0,7.048611111111111
tile_1.24_9.png,train,0,0.2986111111111111,0,79.34027777777779,20.36111111111111,0,0
tile_1.26_1.png,train,59.402777777777786,4.5,0,14.506944444444445,7.694444444444444,13.895833333333332,0
tile_1.26_10.png,train,28.291666666666664,42.45833333333333,0,7.000000000000001,6.208333333333333,16.041666666666668,0
tile_1.26_11.png,train,38.729166666666664,26.805555555555554,0,5.895833333333334,12.256944444444445,16.3125,0
tile_1.26_12.png,train,67.1875,3.361111111111111,0,7.479166666666667,11.618055555555555,10.354166666666668,0
tile_1.26_13.png,train,87.82638888888889,0,0,6.590277777777779,2.076388888888889,3.5069444444444446,0
tile_1.26_14.png,train,100.0,0,0,0,0,0,0
tile_1.26_15.png,train,79.5,7.861111111111112,0,0,12.63888888888889,0,0
tile_1.26_16.png,train,58.229166666666664,26.13888888888889,0,2.9930555555555554,12.63888888888889,0,0
tile_1.26_17.png,train,69.39583333333333,18.819444444444443,0,11.784722222222223,0,0,0
tile_1.26_18.png,train,87.34722222222221,0.5416666666666667,0,12.11111111111111,0,0,0
tile_1.26_19.png,train,27.104166666666668,68.30555555555556,0,0.951388888888889,1.4930555555555556,2.1458333333333335,0
tile_1.26_2.png,train,37.951388888888886,4.256944444444445,0,6.194444444444445,30.625000000000004,20.97222222222222,0
tile_1.26_20.png,train,67.4375,28.631944444444446,0,3.930555555555556,0,0,0
tile_1.26_21.png,train,87.34027777777777,3.361111111111111,0,9.298611111111112,0,0,0
tile_1.26_22.png,train,93.68055555555556,0,0,6.319444444444445,0,0,0
tile_1.26_23.png,train,100.0,0,0,0,0,0,0
tile_1.26_24.png,train,78.90972222222223,8.625,0,0,12.465277777777779,0,0
tile_1.26_25.png,train,59.48611111111111,19.38888888888889,0,8.659722222222223,12.465277777777779,0,0
tile_1.26_26.png,train,54.80555555555555,15.027777777777779,0,30.166666666666668,0,0,0
tile_1.26_27.png,train,72.06944444444444,4.263888888888888,0,23.666666666666668,0,0,0
tile_1.26_28.png,train,41.21527777777778,50.38888888888889,0,0.951388888888889,7.444444444444444,0,0
tile_1.26_29.png,train,87.97916666666666,6.145833333333333,0,3.041666666666667,2.833333333333333,0,0
tile_1.26_3.png,train,38.708333333333336,0,0,8.875,32.97222222222223,19.444444444444446,0
tile_1.26_30.png,train,90.38888888888889,0,0,9.61111111111111,0,0,0
tile_1.26_31.png,train,91.73611111111111,0,0,8.26388888888889,0,0,0
tile_1.26_32.png,train,98.35416666666667,0,0,1.6458333333333333,0,0,0
tile_1.26_33.png,train,97.9375,1.125,0,0.9027777777777777,0.034722222222222224,0,0
tile_1.26_34.png,train,91.86111111111111,2.4166666666666665,0,5.6875,0.034722222222222224,0,0
tile_1.26_35.png,train,59.076388888888886,9.395833333333334,0,31.52777777777778,0,0,0
tile_1.26_36.png,train,51.09027777777778,14.86111111111111,0,34.04861111111111,0,0,0
tile_1.26_37.png,train,39.923611111111114,22.70138888888889,0,0,37.375,0,0
tile_1.26_38.png,train,89.49305555555556,0.0625,0,0,10.444444444444445,0,0
tile_1.26_39.png,train,94.5625,0,0,5.4375,0,0,0
tile_1.26_4.png,train,68.11111111111111,0,0,17.0,6.951388888888889,7.9375,0
tile_1.26_40.png,train,93.71527777777777,0,0,6.284722222222222,0,0,0
tile_1.26_41.png,train,90.04861111111111,0,0,9.95138888888889,0,0,0
tile_1.26_42.png,train,90.89583333333333,0,0,9.104166666666668,0,0,0
tile_1.26_43.png,train,93.65972222222221,0,0,6.340277777777778,0,0,0
tile_1.26_44.png,train,65.05555555555556,16.34027777777778,0,18.604166666666664,0,0,0
tile_1.26_45.png,train,40.625,26.28472222222222,7.472222222222221,25.618055555555557,0,0,0
tile_1.26_46.png,train,32.32638888888889,12.104166666666668,0,0,55.56944444444445,0,0
tile_1.26_47.png,train,81.72916666666666,0,0,0,18.270833333333332,0,0
tile_1.26_48.png,train,97.72916666666667,0,0,2.2708333333333335,0,0,0
tile_1.26_49.png,train,97.625,0,0,2.375,0,0,0
tile_1.26_5.png,train,79.35416666666667,0,0,20.645833333333332,0,0,0
tile_1.26_50.png,train,91.69444444444444,0,0,8.305555555555555,0,0,0
tile_1.26_51.png,train,91.7986111111111,0,0,8.20138888888889,0,0,0
tile_1.26_52.png,train,92.48611111111111,0,0,7.513888888888889,0,0,0
tile_1.26_53.png,train,61.375,20.284722222222225,0,18.34027777777778,0,0,0
tile_1.26_54.png,train,33.013888888888886,23.47222222222222,23.78472222222222,19.729166666666668,0,0,0
tile_1.26_55.png,train,43.125,9.444444444444445,0,0,47.43055555555556,0,0
tile_1.26_56.png,train,89.24305555555556,0,0,0.09722222222222222,10.659722222222221,0,0
tile_1.26_57.png,train,96.47222222222223,0,0,3.5277777777777777,0,0,0
tile_1.26_58.png,train,84.95833333333334,0,0,3.4305555555555554,11.61111111111111,0,0
tile_1.26_59.png,train,67.72916666666666,0,0,0,32.27083333333333,0,0
tile_1.26_6.png,train,75.3125,0.3611111111111111,0,24.118055555555557,0.20833333333333334,0,0
tile_1.26_60.png,train,77.1875,0,0,0.2569444444444445,22.555555555555557,0,0
tile_1.26_61.png,train,94.83333333333334,0,0,3.270833333333333,1.8958333333333335,0,0
tile_1.26_62.png,train,75.34027777777777,8.32638888888889,0.3888888888888889,15.944444444444445,0,0,0
tile_1.26_63.png,train,35.104166666666664,8.32638888888889,30.76388888888889,23.534722222222225,2.2708333333333335,0,0
tile_1.26_64.png,train,55.333333333333336,0,7.680555555555555,0.25,36.736111111111114,0,0
tile_1.26_65.png,train,96.55555555555554,0,0.5833333333333334,2.861111111111111,0,0,0
tile_1.26_66.png,train,94.11805555555556,0,0,5.881944444444445,0,0,0
tile_1.26_67.png,train,82.08333333333333,1.6805555555555556,0,3.270833333333333,12.965277777777779,0,0
tile_1.26_68.png,train,56.611111111111114,8.95138888888889,0,0,34.4375,0,0
tile_1.26_69.png,train,60.909722222222214,15.187500000000002,0,0.3472222222222222,23.555555555555554,0,0
tile_1.26_7.png,train,69.48611111111111,10.54861111111111,0,19.756944444444443,0.20833333333333334,0,0
tile_1.26_70.png,train,75.54166666666666,13.666666666666666,0,8.625,2.166666666666667,0,0
tile_1.26_71.png,train,64.92361111111111,5.75,9.11111111111111,20.131944444444443,0.08333333333333334,0,0
tile_1.26_72.png,train,29.26388888888889,10.972222222222221,36.8125,20.680555555555554,2.2708333333333335,0,0
tile_1.26_73.png,train,27.9375,28.854166666666664,15.76388888888889,12.5,14.944444444444443,0,0
tile_1.26_74.png,train,67.43055555555556,11.229166666666666,1.2916666666666667,20.04861111111111,0,0,0
tile_1.26_75.png,train,78.97222222222223,0,0,21.02777777777778,0,0,0
tile_1.26_76.png,train,59.66666666666667,9.23611111111111,0,25.854166666666668,5.243055555555555,0,0
tile_1.26_77.png,train,40.0625,29.29861111111111,0,17.61111111111111,13.027777777777777,0,0
tile_1.26_78.png,train,33.72222222222222,31.305555555555554,0,20.71527777777778,14.256944444444445,0,0
tile_1.26_79.png,train,29.51388888888889,19.5625,0,39.666666666666664,11.256944444444445,0,0
tile_1.26_8.png,train,76.60416666666666,10.36111111111111,0,13.034722222222223,0,0,0
tile_1.26_80.png,train,21.47222222222222,9.847222222222223,27.77777777777778,34.15972222222222,6.743055555555555,0,0
tile_1.26_81.png,train,8.76388888888889,37.23611111111111,41.41666666666667,10.625,1.9583333333333335,0,0
tile_1.26_9.png,train,78.57638888888889,9.75,0,11.67361111111111,0,0,0
tile_1.27_1.png,train,6.229166666666667,17.84027777777778,34.81944444444444,40.9375,0.125,0,0.04861111111111111
tile_1.27_10.png,train,16.75,10.479166666666668,32.09722222222222,40.27777777777778,0.3472222222222222,0,0.04861111111111111
tile_1.27_11.png,train,0,13.694444444444445,54.3125,26.756944444444446,5.083333333333333,0,0.1527777777777778
tile_1.27_12.png,train,0,59.46527777777778,30.59027777777778,5.055555555555555,4.736111111111111,0,0.1527777777777778
tile_1.27_13.png,train,0,98.15972222222223,1.840277777777778,0,0,0,0
tile_1.27_14.png,train,0,84.09027777777777,9.4375,6.472222222222222,0,0,0
tile_1.27_15.png,train,0,61.59027777777778,17.756944444444443,20.65277777777778,0,0,0
tile_1.27_16.png,train,0,44.75,28.319444444444446,26.930555555555557,0,0,0
tile_1.27_17.png,train,0,31.32638888888889,25.722222222222225,42.951388888888886,0,0,0
tile_1.27_18.png,train,0,26.444444444444443,6.055555555555555,62.90277777777777,4.597222222222222,0,0
tile_1.27_19.png,train,18.22222222222222,17.72222222222222,30.9375,32.895833333333336,0.2222222222222222,0,0
tile_1.27_2.png,train,0,6.111111111111111,38.02777777777778,50.84722222222222,4.861111111111112,0,0.1527777777777778
tile_1.27_20.png,train,0.5694444444444444,47.81944444444444,34.04861111111111,17.166666666666668,0.39583333333333337,0,0
tile_1.27_21.png,train,0.6458333333333334,75.99305555555556,23.1875,0,0.1736111111111111,0,0
tile_1.27_22.png,train,0.0763888888888889,85.20138888888889,14.722222222222223,0,0,0,0
tile_1.27_23.png,train,0,65.41666666666667,27.902777777777775,6.680555555555556,0,0,0
tile_1.27_24.png,train,0,50.40277777777777,29.993055555555554,19.604166666666668,0,0,0
tile_1.27_25.png,train,0.15972222222222224,32.54166666666667,41.388888888888886,25.90972222222222,0,0,0
tile_1.27_26.png,train,0.15972222222222224,8.76388888888889,43.30555555555556,47.770833333333336,0,0,0
tile_1.27_27.png,train,0,24.256944444444446,16.38888888888889,56.97222222222222,2.3819444444444446,0,0
tile_1.27_28.png,train,7.701388888888889,39.08333333333333,36.96527777777778,16.25,0,0,0
tile_1.27_29.png,train,5.097222222222222,70.9375,6.215277777777778,17.75,0,0,0
tile_1.27_3.png,train,0,39.5,27.47222222222222,28.138888888888893,4.736111111111111,0,0.1527777777777778
tile_1.27_30.png,train,22.958333333333332,60.15972222222222,8.333333333333332,8.54861111111111,0,0,0
tile_1.27_31.png,train,32.68055555555556,44.888888888888886,20.65972222222222,1.7708333333333333,0,0,0
tile_1.27_32.png,train,24.208333333333336,24.020833333333332,44.69444444444444,7.076388888888889,0,0,0
tile_1.27_33.png,train,23.625,20.07638888888889,46.6875,9.61111111111111,0,0,0
tile_1.27_34.png,train,36.19444444444444,21.29861111111111,39.11805555555555,3.3888888888888893,0,0,0
tile_1.27_35.png,train,30.243055555555554,8.92361111111111,29.736111111111114,31.09722222222222,0,0,0
tile_1.27_36.png,train,9.430555555555555,33.208333333333336,20.868055555555557,36.49305555555556,0,0,0
tile_1.27_37.png,train,2.2847222222222223,42.84027777777778,37.52777777777778,17.34722222222222,0,0,0
tile_1.27_38.png,train,26.15972222222222,55.25694444444444,0.5208333333333333,18.0625,0,0,0
tile_1.27_39.png,train,63.84722222222222,23.979166666666664,0,12.17361111111111,0,0,0
tile_1.27_4.png,train,0,88.5,7.930555555555556,3.5694444444444446,0,0,0
tile_1.27_40.png,train,76.98611111111111,10.375,6.270833333333334,6.368055555555556,0,0,0
tile_1.27_41.png,train,69.18055555555556,4.006944444444445,20.145833333333332,6.666666666666667,0,0,0
tile_1.27_42.png,train,71.40277777777779,4.125,20.61111111111111,3.861111111111111,0,0,0
tile_1.27_43.png,train,86.03472222222223,4.027777777777778,9.347222222222221,0.5902777777777778,0,0,0
tile_1.27_44.png,train,79.875,2.8125,3.194444444444444,14.118055555555555,0,0,0
tile_1.27_45.png,train,40.34027777777778,28.01388888888889,15.604166666666666,16.041666666666668,0,0,0
tile_1.27_46.png,train,13.9375,51.57638888888889,16.104166666666668,18.381944444444446,0,0,0
tile_1.27_47.png,train,48.59722222222223,43.03472222222222,0,8.368055555555555,0,0,0
tile_1.27_48.png,train,81.84722222222223,14.527777777777779,0,3.6249999999999996,0,0,0
tile_1.27_49.png,train,94.38194444444444,1.0208333333333333,0,4.597222222222222,0,0,0
tile_1.27_5.png,train,0,87.71527777777777,7.055555555555555,5.229166666666667,0,0,0
tile_1.27_50.png,train,94.97222222222223,0,0,5.027777777777778,0,0,0
tile_1.27_51.png,train,97.77777777777777,0,0,2.2222222222222223,0,0,0
tile_1.27_52.png,train,100.0,0,0,0,0,0,0
tile_1.27_53.png,train,87.48611111111111,1.1180555555555554,6.263888888888888,5.131944444444445,0,0,0
tile_1.27_54.png,train,43.604166666666664,24.57638888888889,15.527777777777777,16.291666666666664,0,0,0
tile_1.27_55.png,train,32.23611111111111,52.39583333333333,1.5,13.868055555555555,0,0,0
tile_1.27_56.png,train,72.54861111111111,24.48611111111111,0,2.9652777777777777,0,0,0
tile_1.27_57.png,train,86.20138888888889,9.6875,0,4.111111111111112,0,0,0
tile_1.27_58.png,train,95.23611111111111,0,0,4.763888888888889,0,0,0
tile_1.27_59.png,train,99.34722222222221,0,0,0.6527777777777778,0,0,0
tile_1.27_6.png,train,0,73.36111111111111,17.618055555555557,9.020833333333334,0,0,0
tile_1.27_60.png,train,100.0,0,0,0,0,0,0
tile_1.27_61.png,train,100.0,0,0,0,0,0,0
tile_1.27_62.png,train,74.60416666666667,4.506944444444445,9.92361111111111,10.965277777777779,0,0,0
tile_1.27_63.png,train,24.604166666666664,27.9375,14.868055555555557,32.59027777777778,0,0,0
tile_1.27_64.png,train,49.604166666666664,29.40972222222222,1.1666666666666667,19.819444444444446,0,0,0
tile_1.27_65.png,train,91.26388888888889,1.4791666666666667,1.0694444444444444,6.1875,0,0,0
tile_1.27_66.png,train,87.375,0,0,12.625,0,0,0
tile_1.27_67.png,train,85.77083333333333,0,0,14.229166666666668,0,0,0
tile_1.27_68.png,train,97.17361111111111,0,0,2.826388888888889,0,0,0
tile_1.27_69.png,train,100.0,0,0,0,0,0,0
tile_1.27_7.png,train,0,65.84722222222223,23.96527777777778,10.1875,0,0,0
tile_1.27_70.png,train,100.0,0,0,0,0,0,0
tile_1.27_71.png,train,75.48611111111111,9.451388888888888,7.347222222222221,7.715277777777778,0,0,0
tile_1.27_72.png,train,25.48611111111111,25.263888888888893,9.902777777777779,39.34722222222222,0,0,0
tile_1.27_73.png,train,38.916666666666664,17.125,33.423611111111114,10.534722222222221,0,0,0
tile_1.27_74.png,train,77.09722222222221,0.4166666666666667,15.784722222222221,6.701388888888888,0,0,0
tile_1.27_75.png,train,83.60416666666667,0,0,16.395833333333336,0,0,0
tile_1.27_76.png,train,86.13194444444444,0,0,13.868055555555555,0,0,0
tile_1.27_77.png,train,97.8263888888889,0,0,2.173611111111111,0,0,0
tile_1.27_78.png,train,100.0,0,0,0,0,0,0
tile_1.27_79.png,train,100.0,0,0,0,0,0,0
tile_1.27_8.png,train,0,43.451388888888886,13.958333333333334,42.59027777777778,0,0,0
tile_1.27_80.png,train,72.94444444444444,17.680555555555554,7.493055555555555,1.8819444444444444,0,0,0
tile_1.27_81.png,train,22.944444444444446,24.881944444444446,9.284722222222221,42.888888888888886,0,0,0
tile_1.27_9.png,train,0,31.1875,0.5555555555555556,66.04166666666667,2.2152777777777777,0,0
tile_1.28_1.png,train,0,55.541666666666664,0,32.69444444444444,11.76388888888889,0,0
tile_1.28_10.png,train,0,63.583333333333336,7.840277777777778,18.180555555555557,10.395833333333334,0,0
tile_1.28_11.png,train,0,72.74305555555556,3.5208333333333335,12.055555555555555,11.680555555555555,0,0
tile_1.28_12.png,train,0,66.06944444444444,15.756944444444446,10.270833333333334,7.902777777777778,0,0
tile_1.28_13.png,train,0,46.479166666666664,37.52777777777778,4.694444444444444,11.29861111111111,0,0
tile_1.28_14.png,train,0,34.29861111111111,42.916666666666664,8.79861111111111,13.98611111111111,0,0
tile_1.28_15.png,train,0,11.875,21.444444444444443,57.513888888888886,9.166666666666666,0,0
tile_1.28_16.png,train,0,2.173611111111111,0.2986111111111111,97.01388888888889,0.513888888888889,0,0
tile_1.28_17.png,train,0,2.944444444444444,1.0625,95.99305555555556,0,0,0
tile_1.28_18.png,train,0,16.07638888888889,17.791666666666668,66.13194444444444,0,0,0
tile_1.28_19.png,train,0,64.16666666666667,27.402777777777775,2.5416666666666665,5.888888888888888,0,0
tile_1.28_2.png,train,0,49.86805555555556,0,26.92361111111111,23.208333333333332,0,0
tile_1.28_20.png,train,0,72.75,18.958333333333332,3.0555555555555554,5.236111111111111,0,0
tile_1.28_21.png,train,0,71.81944444444444,25.131944444444443,3.048611111111111,0,0,0
tile_1.28_22.png,train,0,53.763888888888886,39.24305555555556,6.993055555555555,0,0,0
tile_1.28_23.png,train,0,30.21527777777778,47.93055555555556,21.854166666666668,0,0,0
tile_1.28_24.png,train,0,10.041666666666666,28.756944444444443,61.201388888888886,0,0,0
tile_1.28_25.png,train,0,6.708333333333333,0.9027777777777777,92.38888888888889,0,0,0
tile_1.28_26.png,train,0,9.784722222222223,0,90.21527777777779,0,0,0
tile_1.28_27.png,train,0,16.15277777777778,7.124999999999999,76.72222222222223,0,0,0
tile_1.28_28.png,train,0,41.50694444444444,45.416666666666664,13.07638888888889,0,0,0
tile_1.28_29.png,train,0,46.451388888888886,39.79861111111111,13.750000000000002,0,0,0
tile_1.28_3.png,train,0,60.0,8.25,10.020833333333332,21.729166666666664,0,0
tile_1.28_30.png,train,0,63.66666666666667,28.97222222222222,7.361111111111112,0,0,0
tile_1.28_31.png,train,0,59.21527777777777,32.951388888888886,6.993055555555555,0,0.8402777777777778,0
tile_1.28_32.png,train,0,38.78472222222222,37.708333333333336,22.666666666666664,0,0.8402777777777778,0
tile_1.28_33.png,train,0,22.444444444444443,24.84027777777778,52.71527777777778,0,0,0
tile_1.28_34.png,train,0,24.569444444444443,3.5208333333333335,71.90972222222223,0,0,0
tile_1.28_35.png,train,0,32.72222222222222,0,67.27777777777779,0,0,0
tile_1.28_36.png,train,0,30.6875,0,69.3125,0,0,0
tile_1.28_37.png,train,0,43.38194444444444,34.0625,22.555555555555557,0,0,0
tile_1.28_38.png,train,0,45.263888888888886,32.388888888888886,22.34722222222222,0,0,0
tile_1.28_39.png,train,0,60.72222222222222,22.180555555555557,17.09722222222222,0,0,0
tile_1.28_4.png,train,0,56.68055555555556,18.70138888888889,4.694444444444444,19.92361111111111,0,0
tile_1.28_40.png,train,0,57.46527777777778,20.895833333333332,14.465277777777777,4.923611111111112,2.25,0
tile_1.28_41.png,train,0,34.208333333333336,24.569444444444443,17.541666666666668,21.430555555555557,2.25,0
tile_1.28_42.png,train,0,21.729166666666664,22.38888888888889,26.84027777777778,29.041666666666664,0,0
tile_1.28_43.png,train,0,35.770833333333336,13.840277777777779,37.708333333333336,12.680555555555555,0,0
tile_1.28_44.png,train,0,50.97222222222222,4.888888888888889,43.99305555555556,0.14583333333333334,0,0
tile_1.28_45.png,train,0,41.34027777777778,7.069444444444445,51.590277777777786,0,0,0
tile_1.28_46.png,train,0,67.93055555555556,18.95138888888889,13.118055555555555,0,0,0
tile_1.28_47.png,train,0,62.90277777777777,8.715277777777777,28.381944444444446,0,0,0
tile_1.28_48.png,train,0,44.59027777777778,17.520833333333332,37.888888888888886,0,0,0
tile_1.28_49.png,train,0,34.486111111111114,18.194444444444443,39.06944444444444,6.840277777777779,1.4097222222222223,0
tile_1.28_5.png,train,0,43.03472222222222,15.25,8.083333333333332,33.63194444444444,0,0
tile_1.28_50.png,train,0,8.38888888888889,10.958333333333334,40.65972222222222,38.58333333333333,1.4097222222222223,0
tile_1.28_51.png,train,0,2.2708333333333335,9.659722222222221,18.791666666666668,69.27777777777779,0,0
tile_1.28_52.png,train,0,16.70138888888889,25.124999999999996,11.645833333333332,46.52777777777778,0,0
tile_1.28_53.png,train,0,36.59027777777778,30.4375,23.979166666666664,8.993055555555555,0,0
tile_1.28_54.png,train,0,35.354166666666664,21.125,42.97916666666667,0.5416666666666667,0,0
tile_1.28_55.png,train,0,76.90277777777777,19.458333333333332,3.638888888888889,0,0,0
tile_1.28_56.png,train,0,69.84027777777779,4.229166666666666,25.930555555555557,0,0,0
tile_1.28_57.png,train,0,50.0625,6.6875,43.25,0,0,0
tile_1.28_58.png,train,0,30.277777777777775,9.833333333333332,57.82638888888889,2.0625,0,0
tile_1.28_59.png,train,0,3.5972222222222223,3.833333333333333,63.61111111111111,28.958333333333336,0,0
tile_1.28_6.png,train,0,13.125,4.798611111111111,42.28472222222222,39.791666666666664,0,0
tile_1.28_60.png,train,0,0,0,40.68055555555555,59.31944444444445,0,0
tile_1.28_61.png,train,0,6.013888888888888,25.708333333333332,23.520833333333332,44.75694444444444,0,0
tile_1.28_62.png,train,0,31.972222222222225,42.97916666666667,12.715277777777779,12.333333333333334,0,0
tile_1.28_63.png,train,0,27.48611111111111,19.979166666666668,42.736111111111114,9.79861111111111,0,0
tile_1.28_64.png,train,0,91.28472222222223,8.715277777777777,0,0,0,0
tile_1.28_65.png,train,0,86.25694444444446,3.5416666666666665,10.20138888888889,0,0,0
tile_1.28_66.png,train,0,69.72222222222221,0,30.277777777777775,0,0,0
tile_1.28_67.png,train,0,33.59027777777778,0,66.26388888888889,0.14583333333333334,0,0
tile_1.28_68.png,train,0,3.6666666666666665,0,65.49305555555556,30.84027777777778,0,0
tile_1.28_69.png,train,0,0,0,50.041666666666664,49.958333333333336,0,0
tile_1.28_7.png,train,0,0,0,84.20138888888889,15.79861111111111,0,0
tile_1.28_70.png,train,0,12.222222222222221,22.416666666666664,42.611111111111114,22.75,0,0
tile_1.28_71.png,train,0,34.8125,31.763888888888893,29.9375,3.486111111111111,0,0
tile_1.28_72.png,train,0,22.680555555555557,9.347222222222221,50.18055555555555,17.791666666666668,0,0
tile_1.28_73.png,train,0,100.0,0,0,0,0,0
tile_1.28_74.png,train,0,98.74305555555556,0,1.2569444444444444,0,0,0
tile_1.28_75.png,train,0,84.1875,0,15.812499999999998,0,0,0
tile_1.28_76.png,train,0,41.25,0,58.75,0,0,0
tile_1.28_77.png,train,0,6.270833333333334,0,71.04861111111111,22.680555555555557,0,0
tile_1.28_78.png,train,0,0.4930555555555555,1.4513888888888888,61.15277777777778,36.90277777777778,0,0
tile_1.28_79.png,train,0,21.98611111111111,21.694444444444443,42.09722222222222,14.222222222222221,0,0
tile_1.28_8.png,train,0,0,1.0625,98.9375,0,0,0
tile_1.28_80.png,train,0,30.743055555555554,24.47222222222222,44.78472222222222,0,0,0
tile_1.28_81.png,train,0,9.368055555555555,4.229166666666666,76.35416666666667,10.04861111111111,0,0
tile_1.28_9.png,train,0,12.736111111111112,16.541666666666664,70.72222222222221,0,0,0
tile_1.29_1.png,train,0,23.75,12.222222222222221,64.02777777777777,0,0,0
tile_1.29_10.png,train,0,29.541666666666664,10.916666666666666,59.54166666666667,0,0,0
tile_1.29_11.png,train,0,30.34722222222222,19.506944444444443,40.06944444444444,10.07638888888889,0,0
tile_1.29_12.png,train,0,10.020833333333332,12.340277777777779,47.9375,29.701388888888893,0,0
tile_1.29_13.png,train,0,14.694444444444443,2.6597222222222223,43.09027777777778,39.55555555555556,0,0
tile_1.29_14.png,train,0,13.569444444444445,41.36805555555556,24.458333333333336,20.604166666666668,0,0
tile_1.29_15.png,train,0,1.5625,54.166666666666664,27.034722222222225,17.23611111111111,0,0
tile_1.29_16.png,train,0,0,13.875000000000002,67.61805555555556,17.055555555555554,1.4513888888888888,0
tile_1.29_17.png,train,0,0,0,94.45833333333333,0.4930555555555555,5.048611111111112,0
tile_1.29_18.png,train,0,0,0,95.78472222222221,0,4.215277777777778,0
tile_1.29_19.png,train,0,23.61111111111111,13.145833333333334,59.854166666666664,3.3888888888888893,0,0
tile_1.29_2.png,train,0,6.6875,5.5625,68.80555555555556,18.944444444444443,0,0
tile_1.29_20.png,train,0,48.06944444444444,18.006944444444446,33.923611111111114,0,0,0
tile_1.29_21.png,train,0,37.49305555555556,10.791666666666666,46.6875,5.027777777777778,0,0
tile_1.29_22.png,train,0,30.21527777777778,5.194444444444445,56.49305555555556,8.097222222222221,0,0
tile_1.29_23.png,train,0,27.680555555555557,26.8125,42.4375,3.0694444444444446,0,0
tile_1.29_24.png,train,0,9.20138888888889,57.75694444444445,25.541666666666668,7.5,0,0
tile_1.29_25.png,train,0,0,34.770833333333336,46.86111111111111,17.73611111111111,0.6319444444444444,0
tile_1.29_26.png,train,0,0,1.1666666666666667,87.03472222222223,10.23611111111111,1.5625,0
tile_1.29_27.png,train,0,0,0,98.95833333333334,0,1.0416666666666665,0
tile_1.29_28.png,train,0,6.076388888888888,5.236111111111111,82.4236111111111,6.263888888888888,0,0
tile_1.29_29.png,train,0,31.430555555555557,4.0625,64.19444444444444,0.3125,0,0
tile_1.29_3.png,train,0,0,2.555555555555556,52.94444444444445,44.5,0,0
tile_1.29_30.png,train,0,37.3125,3.166666666666667,59.520833333333336,0,0,0
tile_1.29_31.png,train,0,18.520833333333332,5.854166666666667,64.09722222222223,11.527777777777779,0,0
tile_1.29_32.png,train,0,25.46527777777778,10.25,52.75694444444444,11.527777777777779,0,0
tile_1.29_33.png,train,0,19.875,45.75,33.32638888888889,1.0486111111111112,0,0
tile_1.29_34.png,train,0,0.9722222222222222,56.423611111111114,28.506944444444443,14.097222222222221,0,0
tile_1.29_35.png,train,0,0,18.708333333333332,57.24305555555556,23.59722222222222,0.45138888888888884,0
tile_1.29_36.png,train,0,0,0.5277777777777778,86.17361111111111,12.569444444444445,0.7291666666666666,0
tile_1.29_37.png,train,0,1.1180555555555554,0,69.10416666666667,29.777777777777775,0,0
tile_1.29_38.png,train,0,10.381944444444445,0,70.3125,19.305555555555557,0,0
tile_1.29_39.png,train,0,24.291666666666668,2.1597222222222223,72.70833333333333,0.8402777777777778,0,0
tile_1.29_4.png,train,0,0,10.097222222222223,38.701388888888886,51.201388888888886,0,0
tile_1.29_40.png,train,0,24.92361111111111,2.2430555555555554,62.27777777777778,10.555555555555555,0,0
tile_1.29_41.png,train,0,25.555555555555554,0.19444444444444445,63.69444444444444,10.555555555555555,0,0
tile_1.29_42.png,train,0,23.45138888888889,18.291666666666668,58.25694444444445,0,0,0
tile_1.29_43.png,train,0,7.791666666666666,58.354166666666664,30.569444444444443,3.2847222222222223,0,0
tile_1.29_44.png,train,0,0,60.62499999999999,22.430555555555557,16.90277777777778,0.04166666666666667,0
tile_1.29_45.png,train,0,0,29.055555555555557,46.86805555555556,23.756944444444443,0.3194444444444445,0
tile_1.29_46.png,train,0,0,0,25.32638888888889,52.61805555555556,22.055555555555557,0
tile_1.29_47.png,train,0,2.3333333333333335,0,32.96527777777778,34.770833333333336,29.930555555555554,0
tile_1.29_48.png,train,0,14.45138888888889,0,57.15972222222222,20.145833333333332,8.243055555555557,0
tile_1.29_49.png,train,0,24.138888888888886,0,68.81944444444444,7.041666666666667,0,0
tile_1.29_5.png,train,0,0,49.82638888888889,16.131944444444443,34.041666666666664,0,0
tile_1.29_50.png,train,0,31.409722222222225,0,68.38888888888889,0.2013888888888889,0,0
tile_1.29_51.png,train,0,31.541666666666668,1.965277777777778,66.49305555555556,0,0,0
tile_1.29_52.png,train,0,26.354166666666668,27.006944444444443,46.63888888888889,0,0,0
tile_1.29_53.png,train,0,14.368055555555555,54.79166666666667,27.770833333333332,3.0694444444444446,0,0
tile_1.29_54.png,train,0,0.2569444444444445,57.375,31.180555555555557,11.1875,0,0
tile_1.29_55.png,train,0,0,0,10.347222222222221,46.53472222222222,43.11805555555556,0
tile_1.29_56.png,train,0,0,0,6.333333333333334,17.791666666666668,75.875,0
tile_1.29_57.png,train,0,7.166666666666667,0,24.645833333333332,33.9375,34.25,0
tile_1.29_58.png,train,0,16.305555555555557,0,58.04166666666667,24.52777777777778,1.125,0
tile_1.29_59.png,train,0,24.15972222222222,0,72.66666666666667,3.173611111111111,0,0
tile_1.29_6.png,train,0,0,42.02777777777777,32.90277777777778,25.069444444444443,0,0
tile_1.29_60.png,train,0,29.555555555555557,5.326388888888889,65.11805555555556,0,0,0
tile_1.29_61.png,train,0,38.59027777777778,14.194444444444446,47.21527777777778,0,0,0
tile_1.29_62.png,train,0,30.34027777777778,19.47222222222222,50.18749999999999,0,0,0
tile_1.29_63.png,train,0,18.47222222222222,38.90972222222222,42.61805555555556,0,0,0
tile_1.29_64.png,train,0,0,0,28.743055555555557,33.708333333333336,37.548611111111114,0
tile_1.29_65.png,train,0,0.8402777777777778,0,4.972222222222222,13.055555555555557,81.13194444444444,0
tile_1.29_66.png,train,0,29.520833333333336,0,2.569444444444444,23.20138888888889,44.708333333333336,0
tile_1.29_67.png,train,0,55.34027777777778,0,22.4375,21.09722222222222,1.125,0
tile_1.29_68.png,train,0,28.756944444444443,0,63.28472222222222,7.958333333333334,0,0
tile_1.29_69.png,train,0,11.29861111111111,12.902777777777777,71.3125,4.486111111111111,0,0
tile_1.29_7.png,train,0,0,2.298611111111111,65.84027777777777,19.34027777777778,12.520833333333334,0
tile_1.29_70.png,train,0,22.104166666666668,34.4375,43.45833333333333,0,0,0
tile_1.29_71.png,train,0,28.215277777777775,23.11111111111111,48.67361111111111,0,0,0
tile_1.29_72.png,train,0,30.270833333333336,13.805555555555554,55.923611111111114,0,0,0
tile_1.29_73.png,train,0,0,0,59.61805555555556,12.944444444444445,27.437499999999996,0
tile_1.29_74.png,train,0,1.6944444444444446,0,16.958333333333332,20.645833333333332,60.701388888888886,0
tile_1.29_75.png,train,0,34.88888888888889,0,0.8541666666666666,30.993055555555554,33.263888888888886,0
tile_1.29_76.png,train,0,62.80555555555556,0,15.430555555555555,21.76388888888889,0,0
tile_1.29_77.png,train,0,31.680555555555557,0,58.05555555555556,10.26388888888889,0,0
tile_1.29_78.png,train,0,2.0694444444444446,10.319444444444445,83.125,4.486111111111111,0,0
tile_1.29_79.png,train,0,10.76388888888889,39.85416666666667,49.38194444444444,0,0,0
tile_1.29_8.png,train,0,0,0,60.30555555555556,2.666666666666667,37.02777777777778,0
tile_1.29_80.png,train,0,31.63888888888889,42.15972222222222,26.20138888888889,0,0,0
tile_1.29_81.png,train,0,27.618055555555554,25.1875,47.19444444444444,0,0,0
tile_1.29_9.png,train,0,0,0,55.59722222222222,0,44.40277777777778,0
tile_1.2_1.png,train,0,0.8402777777777778,40.05555555555556,59.10416666666667,0,0,0
tile_1.2_10.png,train,0,23.590277777777775,17.45138888888889,58.74305555555556,0.2152777777777778,0,0
tile_1.2_11.png,train,0,26.52777777777778,10.229166666666668,63.24305555555556,0,0,0
tile_1.2_12.png,train,0,58.5,7.236111111111112,34.263888888888886,0,0,0
tile_1.2_13.png,train,0,85.9375,0,14.0625,0,0,0
tile_1.2_14.png,train,0,59.736111111111114,0,40.263888888888886,0,0,0
tile_1.2_15.png,train,0,15.388888888888888,8.0,75.97222222222221,0.638888888888889,0,0
tile_1.2_16.png,train,0,0,11.604166666666666,83.23611111111111,5.159722222222222,0,0
tile_1.2_17.png,train,0,0,3.6041666666666665,60.70833333333333,35.6875,0,0
tile_1.2_18.png,train,0,0.8472222222222223,0,59.84027777777777,39.3125,0,0
tile_1.2_19.png,train,0,58.4375,3.7083333333333335,36.291666666666664,1.5625,0,0
tile_1.2_2.png,train,0,27.895833333333332,29.743055555555554,42.36111111111111,0,0,0
tile_1.2_20.png,train,0,50.6875,0.3611111111111111,48.95138888888889,0,0,0
tile_1.2_21.png,train,0,38.30555555555556,4.222222222222222,57.47222222222222,0,0,0
tile_1.2_22.png,train,0,49.73611111111111,5.263888888888888,44.90277777777778,0.09722222222222222,0,0
tile_1.2_23.png,train,0,45.451388888888886,5.145833333333334,48.11805555555556,1.284722222222222,0,0
tile_1.2_24.png,train,0,14.715277777777777,15.965277777777779,63.97222222222222,5.347222222222222,0,0
tile_1.2_25.png,train,0,0,12.222222222222221,80.47916666666667,7.298611111111112,0,0
tile_1.2_26.png,train,0,0,0,85.49305555555556,14.506944444444445,0,0
tile_1.2_27.png,train,0,3.701388888888889,0,84.43055555555556,11.868055555555555,0,0
tile_1.2_28.png,train,0,71.79166666666667,0,21.729166666666664,6.479166666666666,0,0
tile_1.2_29.png,train,0,78.29166666666667,0,21.708333333333332,0,0,0
tile_1.2_3.png,train,0,71.86805555555556,8.756944444444445,19.375,0,0,0
tile_1.2_30.png,train,0,39.826388888888886,4.083333333333333,53.39583333333333,2.6944444444444446,0,0
tile_1.2_31.png,train,0,19.51388888888889,5.972222222222222,66.63194444444444,7.881944444444445,0,0
tile_1.2_32.png,train,0,18.73611111111111,7.979166666666666,63.98611111111111,9.298611111111112,0,0
tile_1.2_33.png,train,0,7.347222222222221,12.569444444444445,64.40972222222221,15.67361111111111,0,0
tile_1.2_34.png,train,0,0,6.479166666666666,74.45833333333334,19.0625,0,0
tile_1.2_35.png,train,0,0,0,89.43055555555556,10.569444444444445,0,0
tile_1.2_36.png,train,0,8.305555555555555,0,83.15972222222221,8.534722222222223,0,0
tile_1.2_37.png,train,0,77.11805555555556,0,17.430555555555554,5.451388888888889,0,0
tile_1.2_38.png,train,0,86.53472222222223,0,13.465277777777779,0,0,0
tile_1.2_39.png,train,0,59.09722222222222,0.2222222222222222,37.30555555555555,3.375,0,0
tile_1.2_4.png,train,0,90.69444444444444,0,9.305555555555555,0,0,0
tile_1.2_40.png,train,0,17.65277777777778,0.9722222222222222,72.90972222222221,8.465277777777777,0,0
tile_1.2_41.png,train,0,0,4.145833333333333,87.84027777777777,8.01388888888889,0,0
tile_1.2_42.png,train,0,0,3.3958333333333335,82.26388888888889,14.340277777777777,0,0
tile_1.2_43.png,train,0,0,0,71.35416666666666,28.645833333333332,0,0
tile_1.2_44.png,train,0,0,0,77.5138888888889,22.48611111111111,0,0
tile_1.2_45.png,train,0,12.70138888888889,0,70.6875,16.61111111111111,0,0
tile_1.2_46.png,train,0,85.09027777777777,0,14.590277777777777,0.3194444444444445,0,0
tile_1.2_47.png,train,0,86.60416666666667,0,13.395833333333334,0,0,0
tile_1.2_48.png,train,0,65.0138888888889,1.4166666666666665,30.805555555555557,2.763888888888889,0,0
tile_1.2_49.png,train,0,18.770833333333332,10.631944444444445,67.83333333333333,2.763888888888889,0,0
tile_1.2_5.png,train,0,62.861111111111114,0,37.138888888888886,0,0,0
tile_1.2_50.png,train,0,5.048611111111112,10.57638888888889,83.0,1.375,0,0
tile_1.2_51.png,train,0,4.909722222222222,2.9027777777777777,70.23611111111111,21.95138888888889,0,0
tile_1.2_52.png,train,0,0.14583333333333334,1.5416666666666667,44.52083333333333,53.79166666666667,0,0
tile_1.2_53.png,train,0,0,0,56.14583333333333,43.854166666666664,0,0
tile_1.2_54.png,train,0,19.993055555555557,0,52.88194444444444,27.125,0,0
tile_1.2_55.png,train,0,85.47222222222223,5.388888888888889,9.13888888888889,0,0,0
tile_1.2_56.png,train,0,86.92361111111111,0.8125,11.86111111111111,0.4027777777777778,0,0
tile_1.2_57.png,train,0,51.99305555555556,9.055555555555555,34.8125,4.138888888888889,0,0
tile_1.2_58.png,train,0,20.868055555555557,20.131944444444443,55.26388888888889,3.7361111111111107,0,0
tile_1.2_59.png,train,0,36.42361111111111,11.38888888888889,49.916666666666664,2.2708333333333335,0,0
tile_1.2_6.png,train,0,16.13888888888889,2.7708333333333335,81.09027777777777,0,0,0
tile_1.2_60.png,train,0,29.694444444444446,5.5,42.75,21.95138888888889,0,0.10416666666666667
tile_1.2_61.png,train,0,6.381944444444445,11.083333333333334,24.444444444444443,57.93055555555555,0,0.15972222222222224
tile_1.2_62.png,train,0,1.3125,5.895833333333334,27.444444444444443,65.29166666666667,0,0.05555555555555555
tile_1.2_63.png,train,0,21.305555555555557,0,24.90972222222222,53.78472222222223,0,0
tile_1.2_64.png,train,0,58.548611111111114,6.020833333333334,35.39583333333333,0,0,0.034722222222222224
tile_1.2_65.png,train,0,56.895833333333336,5.590277777777778,34.24305555555556,3.25,0,0.020833333333333336
tile_1.2_66.png,train,0,32.958333333333336,25.624999999999996,36.51388888888889,4.902777777777779,0,0
tile_1.2_67.png,train,0,21.36111111111111,25.451388888888886,51.534722222222214,1.6527777777777777,0,0
tile_1.2_68.png,train,0,45.354166666666664,4.173611111111112,47.798611111111114,2.673611111111111,0,0
tile_1.2_69.png,train,0,40.39583333333333,3.6458333333333335,50.701388888888886,5.152777777777778,0,0.10416666666666667
tile_1.2_7.png,train,0,0.3819444444444444,13.944444444444445,83.18055555555556,2.493055555555556,0,0
tile_1.2_70.png,train,0,31.15277777777778,12.340277777777779,38.11805555555556,18.229166666666664,0,0.15972222222222224
tile_1.2_71.png,train,0,19.256944444444443,12.88888888888889,20.770833333333332,46.97222222222222,0,0.1111111111111111
tile_1.2_72.png,train,0,10.54861111111111,4.590277777777778,22.46527777777778,62.34027777777777,0,0.05555555555555555
tile_1.2_73.png,train,0,38.00694444444444,0.6319444444444444,61.32638888888889,0,0,0.034722222222222224
tile_1.2_74.png,train,0,11.791666666666668,15.11111111111111,70.22916666666667,2.8472222222222223,0,0.020833333333333336
tile_1.2_75.png,train,0,27.52777777777778,30.388888888888886,38.80555555555556,3.277777777777778,0,0
tile_1.2_76.png,train,0,26.187500000000004,26.437500000000004,43.47916666666667,3.895833333333333,0,0
tile_1.2_77.png,train,0,18.395833333333332,10.729166666666666,61.31944444444445,9.555555555555555,0,0
tile_1.2_78.png,train,0,35.59722222222222,0,58.3125,6.090277777777778,0,0
tile_1.2_79.png,train,0,54.0,2.798611111111111,43.166666666666664,0.034722222222222224,0,0
tile_1.2_8.png,train,0,12.777777777777777,11.17361111111111,49.28472222222222,26.763888888888886,0,0
tile_1.2_80.png,train,0,51.29166666666667,7.124999999999999,27.361111111111114,14.166666666666666,0,0.05555555555555555
tile_1.2_81.png,train,0,33.88888888888889,11.48611111111111,22.51388888888889,31.756944444444446,0,0.35416666666666663
tile_1.2_9.png,train,0,26.361111111111114,0,41.048611111111114,32.59027777777778,0,0
tile_1.3_1.png,train,0,37.56944444444444,0,45.84027777777778,16.59027777777778,0,0
tile_1.3_10.png,train,0,1.8263888888888888,0,79.40972222222223,18.76388888888889,0,0
tile_1.3_11.png,train,0,9.63888888888889,0,76.33333333333333,14.027777777777779,0,0
tile_1.3_12.png,train,0,9.131944444444445,0,73.61111111111111,17.256944444444443,0,0
tile_1.3_13.png,train,0,1.3194444444444444,0,93.59722222222221,5.083333333333333,0,0
tile_1.3_14.png,train,0,0.3194444444444445,0,99.68055555555554,0,0,0
tile_1.3_15.png,train,0,1.4861111111111112,0,97.95138888888889,0.5625,0,0
tile_1.3_16.png,train,0,1.1666666666666667,0,97.54166666666667,1.2916666666666667,0,0
tile_1.3_17.png,train,0,0,0,94.375,5.625,0,0
tile_1.3_18.png,train,0,0,0,81.09027777777777,18.90972222222222,0,0
tile_1.3_19.png,train,0,13.07638888888889,0,52.53472222222222,34.38888888888889,0,0
tile_1.3_2.png,train,0,51.083333333333336,0,33.479166666666664,15.437500000000002,0,0
tile_1.3_20.png,train,0,23.71527777777778,0,50.93055555555556,25.354166666666668,0,0
tile_1.3_21.png,train,0,11.006944444444445,0,63.798611111111114,25.194444444444446,0,0
tile_1.3_22.png,train,0,0.013888888888888888,0,82.86111111111111,17.125,0,0
tile_1.3_23.png,train,0,1.0,0,94.73611111111111,4.263888888888888,0,0
tile_1.3_24.png,train,0,3.951388888888889,0,91.03472222222221,5.013888888888888,0,0
tile_1.3_25.png,train,0,2.951388888888889,0,89.45833333333333,7.590277777777778,0,0
tile_1.3_26.png,train,0,0,0,95.45138888888889,4.548611111111111,0,0
tile_1.3_27.png,train,0,0,0,93.25694444444444,6.743055555555555,0,0
tile_1.3_28.png,train,0,35.270833333333336,0,19.47222222222222,45.25694444444445,0,0
tile_1.3_29.png,train,0,62.75694444444444,0,7.826388888888888,29.416666666666668,0,0
tile_1.3_3.png,train,0,40.54861111111111,0,42.291666666666664,17.159722222222225,0,0
tile_1.3_30.png,train,0,30.694444444444446,0,23.42361111111111,45.88194444444444,0,0
tile_1.3_31.png,train,0,0.7430555555555556,0,39.94444444444444,59.3125,0,0
tile_1.3_32.png,train,0,0.6805555555555555,0,71.59027777777777,27.729166666666664,0,0
tile_1.3_33.png,train,0,2.4652777777777777,0,85.79861111111111,11.73611111111111,0,0
tile_1.3_34.png,train,0,1.7847222222222223,0,85.625,12.590277777777779,0,0
tile_1.3_35.png,train,0,0,0,98.15277777777777,1.8472222222222223,0,0
tile_1.3_36.png,train,0,0,0,99.02777777777779,0.9722222222222222,0,0
tile_1.3_37.png,train,0,43.18055555555556,0,5.465277777777778,51.354166666666664,0,0
tile_1.3_38.png,train,0,72.88194444444444,0,0,27.118055555555554,0,0
tile_1.3_39.png,train,0,37.548611111111114,0,4.465277777777778,57.986111111111114,0,0
tile_1.3_4.png,train,0,12.79861111111111,0,82.20833333333334,4.993055555555555,0,0
tile_1.3_40.png,train,0,2.6527777777777777,0,10.666666666666668,86.68055555555556,0,0
tile_1.3_41.png,train,0,0,0,52.5625,47.4375,0,0
tile_1.3_42.png,train,0,0,0,83.61111111111111,16.38888888888889,0,0
tile_1.3_43.png,train,0,0,0,87.25,12.75,0,0
tile_1.3_44.png,train,0,2.75,0,97.25,0,0,0
tile_1.3_45.png,train,0,7.958333333333334,2.6597222222222223,87.54861111111111,1.8333333333333333,0,0
tile_1.3_46.png,train,0,38.50694444444444,0,5.465277777777778,56.02777777777778,0,0
tile_1.3_47.png,train,0,57.49999999999999,0,0,42.5,0,0
tile_1.3_48.png,train,0,27.368055555555554,0,0,72.63194444444444,0,0
tile_1.3_49.png,train,0,1.923611111111111,0,7.930555555555556,90.14583333333334,0,0
tile_1.3_5.png,train,0,0,0,100.0,0,0,0
tile_1.3_50.png,train,0,0,0,42.145833333333336,57.854166666666664,0,0
tile_1.3_51.png,train,0,0,0,76.65972222222223,23.340277777777775,0,0
tile_1.3_52.png,train,0,0,0,92.44444444444444,7.555555555555555,0,0
tile_1.3_53.png,train,0,2.75,0.6875,96.5625,0,0,0
tile_1.3_54.png,train,0,7.958333333333334,6.993055555555555,83.70138888888889,1.3472222222222223,0,0
tile_1.3_55.png,train,0,21.09722222222222,0,9.26388888888889,69.63888888888889,0,0
tile_1.3_56.png,train,0,35.24305555555556,0,0.18055555555555555,64.57638888888889,0,0
tile_1.3_57.png,train,0,17.51388888888889,0,0,82.48611111111111,0,0
tile_1.3_58.png,train,0,0,0,16.26388888888889,83.73611111111111,0,0
tile_1.3_59.png,train,0,0,0,50.979166666666664,49.020833333333336,0,0
tile_1.3_6.png,train,0,0,0,96.81944444444444,3.1805555555555554,0,0
tile_1.3_60.png,train,0,0,0,78.6875,21.3125,0,0
tile_1.3_61.png,train,0,1.3958333333333333,0,87.29861111111111,11.305555555555555,0,0
tile_1.3_62.png,train,0,2.861111111111111,3.5624999999999996,83.81944444444444,9.756944444444445,0,0
tile_1.3_63.png,train,0,6.083333333333334,7.208333333333333,82.22916666666666,4.479166666666667,0,0
tile_1.3_64.png,train,0,3.576388888888889,0,28.743055555555557,67.68055555555556,0,0
tile_1.3_65.png,train,0,11.583333333333332,0,10.57638888888889,77.84027777777777,0,0
tile_1.3_66.png,train,0,8.006944444444445,0,0.25,91.74305555555556,0,0
tile_1.3_67.png,train,0,0,0,27.756944444444443,72.24305555555556,0,0
tile_1.3_68.png,train,0,0,0,65.13194444444444,34.86805555555556,0,0
tile_1.3_69.png,train,0,0,0,82.375,17.625,0,0
tile_1.3_7.png,train,0,0,0,96.81944444444444,3.1805555555555554,0,0
tile_1.3_70.png,train,0,3.868055555555556,0.9444444444444444,83.34027777777779,11.847222222222223,0,0
tile_1.3_71.png,train,0,6.243055555555556,5.458333333333333,77.22222222222223,11.07638888888889,0,0
tile_1.3_72.png,train,0,17.256944444444443,4.513888888888888,73.75,4.479166666666667,0,0
tile_1.3_73.png,train,0,0,0,47.61111111111111,52.388888888888886,0,0
tile_1.3_74.png,train,0,0,0,18.819444444444443,81.18055555555556,0,0
tile_1.3_75.png,train,0,0,0,12.25,87.75,0,0
tile_1.3_76.png,train,0,0,0,28.34027777777778,71.65972222222223,0,0
tile_1.3_77.png,train,0,0,0,51.63194444444444,48.36805555555556,0,0
tile_1.3_78.png,train,0,0,0,85.30555555555556,14.694444444444443,0,0
tile_1.3_79.png,train,0,2.4722222222222223,0.9444444444444444,95.26388888888889,1.3194444444444444,0,0
tile_1.3_8.png,train,0,0,0,92.00694444444444,7.993055555555556,0,0
tile_1.3_80.png,train,0,5.777777777777778,2.5833333333333335,90.31944444444444,1.3194444444444444,0,0
tile_1.3_81.png,train,0,23.09027777777778,1.638888888888889,75.27083333333333,0,0,0
tile_1.3_9.png,train,0,0,0,80.68055555555556,19.319444444444443,0,0
tile_1.4_1.png,train,0,0,0.10416666666666667,99.22222222222223,0.6736111111111112,0,0
tile_1.4_10.png,train,0,0,8.631944444444445,68.83333333333333,22.53472222222222,0,0
tile_1.4_11.png,train,0,0,44.03472222222222,43.24305555555556,12.722222222222221,0,0
tile_1.4_12.png,train,0,0,69.61111111111111,30.388888888888886,0,0,0
tile_1.4_13.png,train,0,0,54.25,36.854166666666664,8.895833333333334,0,0
tile_1.4_14.png,train,0,0,25.92361111111111,56.451388888888886,17.625,0,0
tile_1.4_15.png,train,0,0,5.881944444444445,81.9375,12.180555555555555,0,0
tile_1.4_16.png,train,0,0,0,96.54861111111111,3.4513888888888884,0,0
tile_1.4_17.png,train,0,0,0,94.88888888888889,5.111111111111112,0,0
tile_1.4_18.png,train,0,0,0,94.88888888888889,5.111111111111112,0,0
tile_1.4_19.png,train,0,0,44.56944444444444,30.881944444444443,24.54861111111111,0,0
tile_1.4_2.png,train,0,0,15.472222222222223,83.85416666666666,0.6736111111111112,0,0
tile_1.4_20.png,train,0,0,58.98611111111111,28.875,12.13888888888889,0,0
tile_1.4_21.png,train,0,0,39.04861111111111,60.68055555555556,0.27083333333333337,0,0
tile_1.4_22.png,train,0,0,12.395833333333334,63.36805555555556,24.23611111111111,0,0
tile_1.4_23.png,train,0,0,0.3611111111111111,62.40972222222222,37.22916666666667,0,0
tile_1.4_24.png,train,0,0,0,86.1875,13.8125,0,0
tile_1.4_25.png,train,0,0,0,99.45138888888889,0.548611111111111,0,0
tile_1.4_26.png,train,0,0,0,94.88888888888889,5.111111111111112,0,0
tile_1.4_27.png,train,0,0,0,94.88888888888889,5.111111111111112,0,0
tile_1.4_28.png,train,0,0.0625,51.604166666666664,45.645833333333336,2.6875,0,0
tile_1.4_29.png,train,0,6.020833333333334,38.00694444444444,55.88194444444444,0.09027777777777778,0,0
tile_1.4_3.png,train,0,0,42.16666666666667,57.833333333333336,0,0,0
tile_1.4_30.png,train,0,8.854166666666668,10.097222222222223,73.25,7.798611111111112,0,0
tile_1.4_31.png,train,0,2.895833333333333,0,61.72916666666667,35.375,0,0
tile_1.4_32.png,train,0,0,0,63.63194444444444,36.36805555555556,0,0
tile_1.4_33.png,train,0,0,0,91.20833333333334,8.791666666666668,0,0
tile_1.4_34.png,train,0,0,0,100.0,0,0,0
tile_1.4_35.png,train,0,0,0,100.0,0,0,0
tile_1.4_36.png,train,0,0.5902777777777778,0,97.61111111111111,1.7986111111111112,0,0
tile_1.4_37.png,train,0,0.5208333333333333,19.84027777777778,72.97222222222223,6.666666666666667,0,0
tile_1.4_38.png,train,0,13.131944444444443,15.104166666666666,65.16666666666666,6.597222222222222,0,0
tile_1.4_39.png,train,0,22.34722222222222,13.097222222222221,57.02083333333333,7.534722222222221,0,0
tile_1.4_4.png,train,0,0,62.45138888888889,37.548611111111114,0,0,0
tile_1.4_40.png,train,0,27.805555555555557,6.229166666666667,45.923611111111114,20.041666666666664,0,0
tile_1.4_41.png,train,0,18.069444444444443,3.7708333333333335,62.72222222222222,15.437500000000002,0,0
tile_1.4_42.png,train,0,0,0,97.06944444444444,2.930555555555556,0,0
tile_1.4_43.png,train,0,0,0,100.0,0,0,0
tile_1.4_44.png,train,0,1.4444444444444444,0,91.70138888888889,6.854166666666667,0,0
tile_1.4_45.png,train,0,9.13888888888889,0,79.625,11.23611111111111,0,0
tile_1.4_46.png,train,0,6.215277777777778,4.277777777777778,78.26388888888889,11.243055555555555,0,0
tile_1.4_47.png,train,0,16.76388888888889,15.020833333333334,56.84722222222223,11.368055555555557,0,0
tile_1.4_48.png,train,0,26.048611111111107,21.09722222222222,48.6875,4.166666666666666,0,0
tile_1.4_49.png,train,0,41.638888888888886,21.604166666666664,33.79861111111111,2.9583333333333335,0,0
tile_1.4_5.png,train,0,0,64.1736111111111,34.49305555555556,1.3263888888888888,0,0.006944444444444444
tile_1.4_50.png,train,0,30.36111111111111,15.527777777777777,49.97916666666667,4.131944444444445,0,0
tile_1.4_51.png,train,0,0,0,96.51388888888889,3.486111111111111,0,0
tile_1.4_52.png,train,0,0,0,99.625,0.375,0,0
tile_1.4_53.png,train,0,6.472222222222222,0,81.09027777777777,12.4375,0,0
tile_1.4_54.png,train,0,32.98611111111111,0,52.36805555555556,14.645833333333332,0,0
tile_1.4_55.png,train,0,17.98611111111111,0.986111111111111,67.52777777777777,13.5,0,0
tile_1.4_56.png,train,0,20.958333333333336,16.854166666666668,49.90277777777778,12.284722222222221,0,0
tile_1.4_57.png,train,0,26.243055555555557,24.07638888888889,44.36805555555556,5.3125,0,0
tile_1.4_58.png,train,0,34.86111111111111,25.124999999999996,36.854166666666664,3.1597222222222223,0,0
tile_1.4_59.png,train,0,25.381944444444443,17.90277777777778,52.125,4.590277777777778,0,0
tile_1.4_6.png,train,0,0,45.60416666666667,50.15972222222223,4.229166666666666,0,0.006944444444444444
tile_1.4_60.png,train,0,0,0,96.2638888888889,3.7361111111111107,0,0
tile_1.4_61.png,train,0,0.006944444444444444,0,99.61805555555556,0.375,0,0
tile_1.4_62.png,train,0,20.680555555555554,0,73.73611111111111,5.583333333333333,0,0
tile_1.4_63.png,train,0,51.19444444444444,0,43.59722222222222,5.208333333333334,0,0
tile_1.4_64.png,train,0,21.36111111111111,15.416666666666668,52.01388888888889,11.208333333333332,0,0
tile_1.4_65.png,train,0,20.770833333333332,21.520833333333332,47.90972222222222,9.79861111111111,0,0
tile_1.4_66.png,train,0,20.180555555555554,30.604166666666664,46.05555555555556,3.1597222222222223,0,0
tile_1.4_67.png,train,0,18.36111111111111,20.70138888888889,58.56249999999999,2.375,0,0
tile_1.4_68.png,train,0,18.645833333333332,8.395833333333332,72.34027777777777,0.6180555555555556,0,0
tile_1.4_69.png,train,0,10.444444444444445,3.791666666666667,84.09722222222223,1.6666666666666667,0,0
tile_1.4_7.png,train,0,0,23.95138888888889,73.14583333333333,2.9027777777777777,0,0
tile_1.4_70.png,train,0,7.263888888888889,2.076388888888889,88.45833333333334,2.201388888888889,0,0
tile_1.4_71.png,train,0,19.694444444444446,0,79.52083333333333,0.7847222222222222,0,0
tile_1.4_72.png,train,0,42.95833333333333,0,57.04166666666667,0,0,0
tile_1.4_73.png,train,0,19.84722222222222,14.430555555555555,57.23611111111111,8.48611111111111,0,0
tile_1.4_74.png,train,0,20.465277777777775,12.409722222222221,63.263888888888886,3.861111111111111,0,0
tile_1.4_75.png,train,0,12.555555555555555,17.930555555555554,56.14583333333333,13.368055555555555,0,0
tile_1.4_76.png,train,0,2.4722222222222223,11.618055555555555,61.34722222222222,24.5625,0,0
tile_1.4_77.png,train,0,25.694444444444443,9.159722222222221,53.951388888888886,11.194444444444445,0,0
tile_1.4_78.png,train,0,44.29166666666667,17.78472222222222,36.50694444444444,1.4166666666666665,0,0
tile_1.4_79.png,train,0,32.75,11.277777777777779,53.770833333333336,2.201388888888889,0,0
tile_1.4_8.png,train,0,0,6.930555555555555,93.06944444444444,0,0,0
tile_1.4_80.png,train,0,13.770833333333332,1.4930555555555556,83.29166666666666,1.4444444444444444,0,0
tile_1.4_81.png,train,0,20.67361111111111,0,76.49305555555556,2.833333333333333,0,0
tile_1.4_9.png,train,0,0,0.0625,99.9375,0,0,0
tile_1.5_1.png,train,0,0,3.951388888888889,81.9375,2.2916666666666665,11.805555555555555,0.013888888888888888
tile_1.5_10.png,train,0,0,0,79.19444444444444,15.118055555555557,5.6875,0
tile_1.5_11.png,train,0,0,0.08333333333333334,55.13888888888889,34.458333333333336,10.319444444444445,0
tile_1.5_12.png,train,0,0,4.986111111111112,56.24305555555556,25.90277777777778,12.868055555555555,0
tile_1.5_13.png,train,0,0,11.95138888888889,55.3125,20.055555555555554,12.680555555555555,0
tile_1.5_14.png,train,0,0,14.909722222222221,41.06944444444444,31.5,12.520833333333334,0
tile_1.5_15.png,train,0,0,15.729166666666666,33.979166666666664,39.55555555555556,10.73611111111111,0
tile_1.5_16.png,train,0,0,25.194444444444446,30.604166666666664,40.61805555555556,3.5833333333333335,0
tile_1.5_17.png,train,0,0,44.68055555555556,19.0625,36.25694444444444,0,0
tile_1.5_18.png,train,0,3.5347222222222223,41.75694444444444,11.840277777777777,42.86805555555556,0,0
tile_1.5_19.png,train,0,0.46527777777777773,0,69.15277777777777,30.381944444444443,0,0
tile_1.5_2.png,train,0,4.590277777777778,12.38888888888889,65.28472222222223,9.368055555555555,8.368055555555555,0
tile_1.5_20.png,train,0,0.46527777777777773,0,26.006944444444446,68.92361111111111,4.604166666666667,0
tile_1.5_21.png,train,0,0,0,33.68055555555556,54.40277777777778,11.916666666666668,0
tile_1.5_22.png,train,0,0,0,60.97222222222223,26.34722222222222,12.680555555555555,0
tile_1.5_23.png,train,0,0,0,71.86111111111111,15.32638888888889,12.812499999999998,0
tile_1.5_24.png,train,0,0,0.8194444444444445,70.875,10.0,18.305555555555557,0
tile_1.5_25.png,train,0,0,11.027777777777779,57.53472222222222,17.40972222222222,14.027777777777779,0
tile_1.5_26.png,train,0,0.2569444444444445,37.611111111111114,30.798611111111114,28.166666666666668,3.166666666666667,0
tile_1.5_27.png,train,0,15.937499999999998,42.11805555555556,8.256944444444445,33.6875,0,0
tile_1.5_28.png,train,0,7.194444444444445,0,64.10416666666666,28.70138888888889,0,0
tile_1.5_29.png,train,0,15.79861111111111,0,33.35416666666667,50.84722222222222,0,0
tile_1.5_3.png,train,0,6.513888888888888,15.76388888888889,46.729166666666664,30.041666666666668,0.951388888888889,0
tile_1.5_30.png,train,0,8.604166666666666,0,56.36111111111111,35.03472222222222,0,0
tile_1.5_31.png,train,0,0,0,79.58333333333333,20.416666666666668,0,0
tile_1.5_32.png,train,0,0,0,82.61805555555556,17.090277777777775,0.2916666666666667,0
tile_1.5_33.png,train,0,0,0,77.16666666666666,15.215277777777777,7.618055555555555,0
tile_1.5_34.png,train,0,0,2.1527777777777777,60.62499999999999,19.680555555555557,17.541666666666668,0
tile_1.5_35.png,train,0,4.993055555555555,17.3125,30.069444444444443,37.40972222222222,10.215277777777777,0
tile_1.5_36.png,train,0,24.583333333333332,23.11111111111111,7.666666666666666,44.638888888888886,0,0
tile_1.5_37.png,train,0,25.993055555555557,0,57.22222222222222,16.78472222222222,0,0
tile_1.5_38.png,train,0,23.479166666666668,0,49.861111111111114,26.65972222222222,0,0
tile_1.5_39.png,train,0,10.54861111111111,0,75.05555555555556,14.395833333333332,0,0
tile_1.5_4.png,train,0,1.923611111111111,14.374999999999998,23.958333333333336,59.74305555555556,0,0
tile_1.5_40.png,train,0,0,0,95.99305555555556,4.006944444444445,0,0
tile_1.5_41.png,train,0,0,0,76.0625,23.9375,0,0
tile_1.5_42.png,train,0,0,0,64.0625,35.888888888888886,0.04861111111111111,0
tile_1.5_43.png,train,0,0,0,65.90277777777777,22.270833333333336,11.82638888888889,0
tile_1.5_44.png,train,0,4.736111111111111,22.07638888888889,29.951388888888893,31.458333333333332,11.777777777777777,0
tile_1.5_45.png,train,0,12.180555555555555,31.819444444444443,5.520833333333333,50.479166666666664,0,0
tile_1.5_46.png,train,0,53.35416666666667,0,38.55555555555556,8.090277777777779,0,0
tile_1.5_47.png,train,0,21.583333333333332,0,57.72222222222222,20.694444444444443,0,0
tile_1.5_48.png,train,0,2.701388888888889,0,64.68055555555556,32.61805555555555,0,0
tile_1.5_49.png,train,0,0,0,73.9375,26.0625,0,0
tile_1.5_5.png,train,0,0.3680555555555555,14.923611111111112,9.875,74.83333333333333,0,0
tile_1.5_50.png,train,0,0,0,65.77083333333333,34.229166666666664,0,0
tile_1.5_51.png,train,0,0,0,62.78472222222222,36.49305555555556,0.7222222222222222,0
tile_1.5_52.png,train,0,0,0,71.34722222222221,20.78472222222222,7.868055555555556,0
tile_1.5_53.png,train,0,7.631944444444444,21.555555555555557,34.166666666666664,29.5,7.145833333333333,0
tile_1.5_54.png,train,0,9.86111111111111,35.03472222222222,4.875,50.22916666666667,0,0
tile_1.5_55.png,train,0,62.34027777777777,0,28.055555555555557,9.604166666666666,0,0
tile_1.5_56.png,train,0,19.125,0,46.520833333333336,34.35416666666667,0,0
tile_1.5_57.png,train,0,0.7569444444444444,0,35.95138888888889,63.29166666666667,0,0
tile_1.5_58.png,train,0,0,0,37.68055555555556,62.31944444444445,0,0
tile_1.5_59.png,train,0,0,0,42.833333333333336,57.166666666666664,0,0
tile_1.5_6.png,train,0,0.4930555555555555,21.458333333333332,11.847222222222223,66.20138888888889,0,0
tile_1.5_60.png,train,0,0,0,44.916666666666664,54.361111111111114,0.7222222222222222,0
tile_1.5_61.png,train,0,0,0,61.84722222222222,31.90972222222222,6.243055555555556,0
tile_1.5_62.png,train,0,11.48611111111111,15.48611111111111,36.95833333333333,29.96527777777778,6.104166666666667,0
tile_1.5_63.png,train,0,15.979166666666666,19.22222222222222,0.04861111111111111,64.16666666666667,0.5833333333333334,0
tile_1.5_64.png,train,0,33.21527777777778,0,26.791666666666668,39.99305555555556,0,0
tile_1.5_65.png,train,0,5.6875,0,23.63888888888889,70.67361111111111,0,0
tile_1.5_66.png,train,0,0.6736111111111112,0,23.90277777777778,75.42361111111111,0,0
tile_1.5_67.png,train,0,1.1180555555555554,0,19.881944444444443,79.0,0,0
tile_1.5_68.png,train,0,0.4444444444444444,0,7.770833333333334,91.78472222222223,0,0
tile_1.5_69.png,train,0,0,0,7.256944444444445,92.74305555555556,0,0
tile_1.5_7.png,train,0,9.354166666666666,23.305555555555554,8.416666666666666,58.92361111111111,0,0
tile_1.5_70.png,train,0,0,0,35.986111111111114,55.35416666666667,8.659722222222223,0
tile_1.5_71.png,train,0,3.854166666666667,14.569444444444443,35.00694444444444,36.59027777777778,9.979166666666666,0
tile_1.5_72.png,train,0,8.090277777777779,14.569444444444443,4.145833333333333,71.875,1.3194444444444444,0
tile_1.5_73.png,train,0,4.965277777777778,0,13.916666666666666,81.11805555555556,0,0
tile_1.5_74.png,train,0,0,0,22.54861111111111,77.45138888888889,0,0
tile_1.5_75.png,train,0,0.9652777777777778,0,31.916666666666664,67.11805555555556,0,0
tile_1.5_76.png,train,0,1.5833333333333335,0,10.847222222222221,87.56944444444444,0,0
tile_1.5_77.png,train,0,0.6180555555555556,0,0,99.38194444444444,0,0
tile_1.5_78.png,train,0,0,0,2.0972222222222223,97.90277777777779,0,0
tile_1.5_79.png,train,0,0,0,32.28472222222222,60.0625,7.652777777777778,0
tile_1.5_8.png,train,0,13.5625,16.45138888888889,7.451388888888889,62.53472222222223,0,0
tile_1.5_80.png,train,0,0,12.729166666666666,40.49305555555556,34.84722222222222,11.930555555555555,0
tile_1.5_81.png,train,0,17.47222222222222,13.701388888888888,10.305555555555555,54.24305555555555,4.277777777777778,0
tile_1.5_9.png,train,0,5.791666666666666,22.86111111111111,14.902777777777779,56.44444444444444,0,0
tile_1.6_1.png,train,0,45.111111111111114,19.48611111111111,0,35.40277777777778,0,0
tile_1.6_10.png,train,0,37.75694444444444,25.07638888888889,0,37.166666666666664,0,0
tile_1.6_11.png,train,0,35.576388888888886,18.055555555555554,0,46.36805555555556,0,0
tile_1.6_12.png,train,0,12.416666666666666,18.881944444444446,0,68.70138888888889,0,0
tile_1.6_13.png,train,2.2777777777777777,0,31.937500000000004,2.9097222222222223,62.875,0,0
tile_1.6_14.png,train,24.0625,0,29.01388888888889,2.986111111111111,43.9375,0,0
tile_1.6_15.png,train,46.77777777777778,0,10.17361111111111,3.076388888888889,39.97222222222222,0,0
tile_1.6_16.png,train,35.77777777777777,0.6527777777777778,0,26.28472222222222,37.28472222222222,0,0
tile_1.6_17.png,train,10.784722222222221,12.430555555555555,0,38.15277777777778,38.63194444444444,0,0
tile_1.6_18.png,train,0,20.04861111111111,0,40.35416666666667,39.59722222222222,0,0
tile_1.6_19.png,train,0,24.45138888888889,22.881944444444443,0,52.666666666666664,0,0
tile_1.6_2.png,train,0,29.777777777777775,23.01388888888889,0,47.208333333333336,0,0
tile_1.6_20.png,train,0,12.3125,26.618055555555554,0,61.06944444444444,0,0
tile_1.6_21.png,train,0,7.534722222222221,18.930555555555557,0,73.53472222222223,0,0
tile_1.6_22.png,train,0,0,16.993055555555557,0,83.00694444444444,0,0
tile_1.6_23.png,train,0.10416666666666667,0,28.388888888888893,0.9652777777777778,70.54166666666667,0,0
tile_1.6_24.png,train,19.541666666666664,0,32.5625,2.7916666666666665,45.104166666666664,0,0
tile_1.6_25.png,train,28.506944444444443,0,13.826388888888888,27.90972222222222,29.756944444444443,0,0
tile_1.6_26.png,train,9.069444444444445,7.631944444444444,0.2916666666666667,38.07638888888889,44.93055555555556,0,0
tile_1.6_27.png,train,0,37.17361111111111,0,21.70138888888889,41.125,0,0
tile_1.6_28.png,train,0,8.472222222222223,26.63888888888889,0,64.88888888888889,0,0
tile_1.6_29.png,train,0,0.5763888888888888,17.0,0,82.4236111111111,0,0
tile_1.6_3.png,train,3.5972222222222223,4.895833333333333,34.979166666666664,4.847222222222222,51.68055555555555,0,0
tile_1.6_30.png,train,0,0.013888888888888888,15.680555555555555,0,84.30555555555556,0,0
tile_1.6_31.png,train,0,0,16.53472222222222,0,83.46527777777779,0,0
tile_1.6_32.png,train,0.006944444444444444,0,15.590277777777779,12.604166666666666,71.79861111111111,0,0
tile_1.6_33.png,train,4.868055555555555,0,26.458333333333332,12.666666666666668,56.00694444444444,0,0
tile_1.6_34.png,train,6.847222222222222,0,34.97222222222222,18.104166666666664,40.076388888888886,0,0
tile_1.6_35.png,train,1.9861111111111112,4.409722222222222,20.618055555555557,30.75,42.236111111111114,0,0
tile_1.6_36.png,train,0,37.21527777777778,3.25,15.347222222222223,44.1875,0,0
tile_1.6_37.png,train,0,1.3888888888888888,17.97222222222222,0,80.6388888888889,0,0
tile_1.6_38.png,train,0,0,3.6041666666666665,0,96.39583333333334,0,0
tile_1.6_39.png,train,0,0,4.347222222222222,0,95.65277777777777,0,0
tile_1.6_4.png,train,27.21527777777778,0,28.083333333333332,10.402777777777777,34.29861111111111,0,0
tile_1.6_40.png,train,0,3.6527777777777777,17.020833333333332,0,79.32638888888889,0,0
tile_1.6_41.png,train,6.381944444444445,3.6527777777777777,12.67361111111111,14.409722222222221,62.88194444444445,0,0
tile_1.6_42.png,train,23.13888888888889,0,4.069444444444445,17.555555555555554,55.23611111111111,0,0
tile_1.6_43.png,train,24.5625,0,22.541666666666664,11.652777777777777,41.24305555555556,0,0
tile_1.6_44.png,train,7.805555555555556,0,38.01388888888889,20.993055555555557,33.1875,0,0
tile_1.6_45.png,train,0,11.520833333333332,34.99305555555556,17.5625,35.92361111111111,0,0
tile_1.6_46.png,train,0,2.944444444444444,16.993055555555557,0,80.0625,0,0
tile_1.6_47.png,train,0,0.8958333333333334,1.9583333333333335,0,97.14583333333333,0,0
tile_1.6_48.png,train,0,5.375,13.555555555555557,0,81.06944444444444,0,0
tile_1.6_49.png,train,0,18.02777777777778,19.006944444444446,0,62.96527777777777,0,0
tile_1.6_5.png,train,70.29861111111111,0,9.479166666666666,5.631944444444445,14.590277777777777,0,0
tile_1.6_50.png,train,15.25,12.652777777777777,6.138888888888889,8.86111111111111,57.09722222222222,0,0
tile_1.6_51.png,train,42.97222222222222,14.034722222222223,0,12.006944444444445,30.986111111111107,0,0
tile_1.6_52.png,train,38.88194444444444,34.60416666666667,1.3958333333333333,11.42361111111111,13.694444444444445,0,0
tile_1.6_53.png,train,11.159722222222221,25.458333333333332,17.694444444444443,17.04861111111111,28.638888888888893,0,0
tile_1.6_54.png,train,0,11.375,36.861111111111114,11.590277777777777,40.173611111111114,0,0
tile_1.6_55.png,train,0,1.7222222222222223,27.09722222222222,0,71.18055555555556,0,0
tile_1.6_56.png,train,0,6.652777777777779,26.979166666666664,0,66.36805555555556,0,0
tile_1.6_57.png,train,0,21.57638888888889,23.645833333333332,0,54.77777777777778,0,0
tile_1.6_58.png,train,0,31.145833333333332,13.854166666666668,0,55.00000000000001,0,0
tile_1.6_59.png,train,22.32638888888889,15.32638888888889,0.2638888888888889,6.090277777777778,55.99305555555556,0,0
tile_1.6_6.png,train,69.33333333333334,0,0,6.555555555555556,24.11111111111111,0,0
tile_1.6_60.png,train,39.54861111111111,32.61805555555555,0,6.090277777777778,21.743055555555554,0,0
tile_1.6_61.png,train,20.57638888888889,77.66666666666666,0.5208333333333333,0.8611111111111112,0.375,0,0
tile_1.6_62.png,train,3.3541666666666665,63.208333333333336,8.13888888888889,3.4097222222222223,21.88888888888889,0,0
tile_1.6_63.png,train,0,40.5,12.729166666666666,2.548611111111111,44.22222222222222,0,0
tile_1.6_64.png,train,0.9722222222222222,5.416666666666667,25.5625,19.07638888888889,48.97222222222222,0,0
tile_1.6_65.png,train,5.083333333333333,6.340277777777778,26.833333333333332,31.291666666666668,30.451388888888886,0,0
tile_1.6_66.png,train,4.222222222222222,18.15972222222222,12.270833333333334,21.243055555555557,44.104166666666664,0,0
tile_1.6_67.png,train,9.979166666666666,18.145833333333332,2.9652777777777777,8.493055555555555,60.416666666666664,0,0
tile_1.6_68.png,train,41.95833333333333,7.375,0.0625,0.8888888888888888,49.71527777777778,0,0
tile_1.6_69.png,train,40.60416666666667,40.923611111111114,0,0,18.47222222222222,0,0
tile_1.6_7.png,train,28.388888888888893,6.840277777777779,0,29.09027777777778,35.68055555555556,0,0
tile_1.6_70.png,train,8.51388888888889,86.875,1.2013888888888888,0,3.4097222222222223,0,0
tile_1.6_71.png,train,0,76.9513888888889,15.020833333333334,0,8.027777777777779,0,0
tile_1.6_72.png,train,0,68.22222222222221,13.819444444444445,0,17.958333333333336,0,0
tile_1.6_73.png,train,20.833333333333336,5.715277777777778,15.92361111111111,32.98611111111111,24.541666666666668,0,0
tile_1.6_74.png,train,38.916666666666664,0.5833333333333334,1.8124999999999998,45.18055555555556,13.506944444444443,0,0
tile_1.6_75.png,train,20.13888888888889,1.9583333333333335,0,39.40277777777778,38.5,0,0
tile_1.6_76.png,train,28.979166666666668,1.375,0,24.145833333333332,45.5,0,0
tile_1.6_77.png,train,63.826388888888886,5.548611111111111,0,9.368055555555555,21.256944444444446,0,0
tile_1.6_78.png,train,38.416666666666664,39.25694444444445,0,9.79861111111111,12.527777777777777,0,0
tile_1.6_79.png,train,2.256944444444444,58.59722222222222,3.638888888888889,6.888888888888889,28.618055555555554,0,0
tile_1.6_8.png,train,5.736111111111112,29.34027777777778,0,42.986111111111114,21.9375,0,0
tile_1.6_80.png,train,0,53.20138888888889,14.6875,0.06944444444444445,32.04166666666667,0,0
tile_1.6_81.png,train,0,74.63194444444444,11.04861111111111,0,14.319444444444446,0,0
tile_1.6_9.png,train,0,22.51388888888889,0,61.53472222222223,15.95138888888889,0,0
tile_1.7_1.png,train,0,2.8194444444444446,0,52.36805555555556,44.8125,0,0
tile_1.7_10.png,train,0,0,0,51.84027777777778,48.15972222222222,0,0
tile_1.7_11.png,train,0,0,2.486111111111111,59.06249999999999,38.451388888888886,0,0
tile_1.7_12.png,train,0,3.5624999999999996,10.819444444444445,47.74305555555556,37.875,0,0
tile_1.7_13.png,train,0,12.708333333333332,26.763888888888886,20.71527777777778,39.8125,0,0
tile_1.7_14.png,train,0,41.75,27.04861111111111,11.715277777777777,19.48611111111111,0,0
tile_1.7_15.png,train,0,48.25,20.354166666666668,28.20138888888889,3.194444444444444,0,0
tile_1.7_16.png,train,0,23.79861111111111,22.45138888888889,50.96527777777777,2.7847222222222223,0,0
tile_1.7_17.png,train,0,29.875,16.11111111111111,54.013888888888886,0,0,0
tile_1.7_18.png,train,0,46.6875,5.902777777777778,47.40972222222222,0,0,0
tile_1.7_19.png,train,0,4.395833333333334,0,61.416666666666664,34.1875,0,0
tile_1.7_2.png,train,0,3.6875,0,54.770833333333336,41.541666666666664,0,0
tile_1.7_20.png,train,0,0,5.145833333333334,68.79861111111111,26.055555555555554,0,0
tile_1.7_21.png,train,0,19.520833333333336,22.01388888888889,43.548611111111114,14.916666666666668,0,0
tile_1.7_22.png,train,0,45.65277777777778,29.65277777777778,16.98611111111111,7.708333333333334,0,0
tile_1.7_23.png,train,0,48.46527777777778,19.895833333333332,28.979166666666668,2.6597222222222223,0,0
tile_1.7_24.png,train,0,48.67361111111111,19.104166666666668,32.22222222222222,0,0,0
tile_1.7_25.png,train,0,47.3125,15.965277777777779,36.72222222222222,0,0,0
tile_1.7_26.png,train,0,39.513888888888886,13.201388888888888,47.28472222222222,0,0,0
tile_1.7_27.png,train,0,61.25694444444445,12.145833333333334,26.59722222222222,0,0,0
tile_1.7_28.png,train,0,21.444444444444443,0,54.166666666666664,24.38888888888889,0,0
tile_1.7_29.png,train,0,6.666666666666667,2.6597222222222223,69.88194444444444,20.791666666666668,0,0
tile_1.7_3.png,train,0,1.7777777777777777,0,44.30555555555556,53.91666666666667,0,0
tile_1.7_30.png,train,0,16.243055555555554,11.48611111111111,48.30555555555556,23.96527777777778,0,0
tile_1.7_31.png,train,0,37.361111111111114,8.82638888888889,41.50694444444444,12.305555555555555,0,0
tile_1.7_32.png,train,0,21.666666666666668,4.222222222222222,74.10416666666667,0.006944444444444444,0,0
tile_1.7_33.png,train,0,16.97222222222222,16.38888888888889,66.63888888888889,0,0,0
tile_1.7_34.png,train,0,32.94444444444444,18.26388888888889,48.791666666666664,0,0,0
tile_1.7_35.png,train,0,25.666666666666664,10.0,64.33333333333333,0,0,0
tile_1.7_36.png,train,0,31.444444444444446,10.493055555555555,58.06249999999999,0,0,0
tile_1.7_37.png,train,0,29.243055555555557,8.930555555555555,48.34722222222222,13.479166666666668,0,0
tile_1.7_38.png,train,0,27.083333333333332,9.11111111111111,46.1875,17.618055555555557,0,0
tile_1.7_39.png,train,0,9.381944444444445,2.701388888888889,39.24305555555556,48.67361111111111,0,0
tile_1.7_4.png,train,0,2.173611111111111,5.645833333333333,43.24305555555556,48.9375,0,0
tile_1.7_40.png,train,0,2.2430555555555554,0.2916666666666667,45.40277777777778,52.0625,0,0
tile_1.7_41.png,train,0,1.972222222222222,0,79.71527777777779,18.3125,0,0
tile_1.7_42.png,train,0,5.520833333333333,24.38888888888889,69.82638888888889,0.2638888888888889,0,0
tile_1.7_43.png,train,0,10.6875,53.00694444444445,36.30555555555556,0,0,0
tile_1.7_44.png,train,0,5.611111111111111,31.548611111111114,62.84027777777778,0,0,0
tile_1.7_45.png,train,0,1.375,20.493055555555557,78.13194444444444,0,0,0
tile_1.7_46.png,train,0,12.194444444444445,41.229166666666664,22.0,24.57638888888889,0,0
tile_1.7_47.png,train,0,20.416666666666668,44.416666666666664,17.555555555555554,17.61111111111111,0,0
tile_1.7_48.png,train,0,9.097222222222221,34.979166666666664,16.618055555555557,39.30555555555556,0,0
tile_1.7_49.png,train,0,0,16.70138888888889,19.958333333333332,63.34027777777778,0,0
tile_1.7_5.png,train,0,12.979166666666666,11.375,53.041666666666664,22.604166666666668,0,0
tile_1.7_50.png,train,0,0,3.0625,61.81944444444445,35.11805555555556,0,0
tile_1.7_51.png,train,0,0,15.625,83.16666666666667,1.2083333333333333,0,0
tile_1.7_52.png,train,0,6.6875,43.68055555555556,48.041666666666664,1.5902777777777777,0,0
tile_1.7_53.png,train,0,8.833333333333334,47.576388888888886,42.0,1.5902777777777777,0,0
tile_1.7_54.png,train,0,2.1458333333333335,42.69444444444444,52.388888888888886,2.7708333333333335,0,0
tile_1.7_55.png,train,0,21.63888888888889,40.08333333333333,4.506944444444445,33.770833333333336,0,0
tile_1.7_56.png,train,0,4.638888888888889,68.08333333333333,4.520833333333334,22.756944444444443,0,0
tile_1.7_57.png,train,0,0,76.90277777777777,4.319444444444445,18.777777777777775,0,0
tile_1.7_58.png,train,0,2.9930555555555554,50.041666666666664,11.305555555555555,35.65972222222222,0,0
tile_1.7_59.png,train,0,14.875,17.3125,44.0625,23.75,0,0
tile_1.7_6.png,train,0,11.027777777777779,8.208333333333332,69.45138888888889,11.3125,0,0
tile_1.7_60.png,train,0,12.784722222222221,0.9166666666666666,84.83333333333334,1.465277777777778,0,0
tile_1.7_61.png,train,0,5.381944444444445,6.284722222222222,84.3125,4.020833333333333,0,0
tile_1.7_62.png,train,0,6.625,34.458333333333336,53.84722222222222,5.069444444444445,0,0
tile_1.7_63.png,train,0,4.152777777777778,44.40277777777778,47.4375,4.006944444444445,0,0
tile_1.7_64.png,train,0,70.3125,7.784722222222222,0,21.902777777777775,0,0
tile_1.7_65.png,train,0,47.013888888888886,39.07638888888889,0,13.909722222222223,0,0
tile_1.7_66.png,train,0,23.756944444444443,70.57638888888889,0,5.666666666666666,0,0
tile_1.7_67.png,train,0,8.04861111111111,77.57638888888889,2.2916666666666665,12.083333333333334,0,0
tile_1.7_68.png,train,0,17.32638888888889,54.166666666666664,19.020833333333336,9.48611111111111,0,0
tile_1.7_69.png,train,0,19.770833333333336,22.055555555555557,52.65277777777778,5.520833333333333,0,0
tile_1.7_7.png,train,0,12.82638888888889,10.1875,68.01388888888889,8.972222222222221,0,0
tile_1.7_70.png,train,0,11.631944444444445,8.319444444444445,75.15972222222223,4.888888888888889,0,0
tile_1.7_71.png,train,0,6.194444444444445,21.368055555555557,68.1388888888889,4.298611111111112,0,0
tile_1.7_72.png,train,0,15.187500000000002,32.28472222222222,50.47222222222222,2.055555555555556,0,0
tile_1.7_73.png,train,0,89.96527777777777,0,0,10.034722222222223,0,0
tile_1.7_74.png,train,0,88.17361111111111,6.298611111111112,0,5.527777777777778,0,0
tile_1.7_75.png,train,0,73.13194444444444,26.868055555555554,0,0,0,0
tile_1.7_76.png,train,0,47.20138888888889,52.04861111111111,0.7430555555555556,0.006944444444444444,0,0
tile_1.7_77.png,train,0,21.583333333333332,62.875,12.583333333333332,2.9583333333333335,0,0
tile_1.7_78.png,train,0,8.347222222222223,61.736111111111114,23.881944444444443,6.034722222222221,0,0
tile_1.7_79.png,train,0,10.729166666666666,54.159722222222214,32.02777777777778,3.0833333333333335,0,0
tile_1.7_8.png,train,0,38.97222222222222,18.305555555555557,41.70833333333333,1.0138888888888888,0,0
tile_1.7_80.png,train,0,6.194444444444445,42.736111111111114,48.97916666666667,2.083333333333333,0,0.006944444444444444
tile_1.7_81.png,train,0,14.666666666666666,38.09722222222222,45.145833333333336,2.083333333333333,0,0.006944444444444444
tile_1.7_9.png,train,0,42.41666666666667,14.041666666666666,43.541666666666664,0,0,0
tile_1.80_1.png,train,42.625,40.94444444444444,0,16.430555555555557,0,0,0
tile_1.80_10.png,train,44.22222222222222,19.27777777777778,0,36.5,0,0,0
tile_1.80_11.png,train,9.770833333333332,13.701388888888888,1.3819444444444444,75.14583333333333,0,0,0
tile_1.80_12.png,train,1.6041666666666665,9.590277777777779,10.13888888888889,78.66666666666666,0,0,0
tile_1.80_13.png,train,0,7.270833333333333,15.847222222222221,72.875,4.006944444444445,0,0
tile_1.80_14.png,train,0,5.993055555555555,19.979166666666668,65.95138888888889,8.07638888888889,0,0
tile_1.80_15.png,train,0,3.6319444444444446,30.055555555555557,62.24305555555556,4.069444444444445,0,0
tile_1.80_16.png,train,0,0.9166666666666666,46.02777777777778,53.05555555555556,0,0,0
tile_1.80_17.png,train,0,13.854166666666668,53.923611111111114,32.22222222222222,0,0,0
tile_1.80_18.png,train,0,55.35416666666667,33.458333333333336,11.1875,0,0,0
tile_1.80_19.png,train,35.78472222222222,5.430555555555556,0,58.78472222222222,0,0,0
tile_1.80_2.png,train,20.819444444444443,38.0,1.3819444444444444,39.79861111111111,0,0,0
tile_1.80_20.png,train,0.6458333333333334,5.430555555555556,0,93.92361111111111,0,0,0
tile_1.80_21.png,train,0,3.784722222222222,5.090277777777778,91.125,0,0,0
tile_1.80_22.png,train,0,13.76388888888889,16.055555555555557,70.02777777777777,0.1527777777777778,0,0
tile_1.80_23.png,train,0,11.097222222222221,46.576388888888886,39.951388888888886,2.375,0,0
tile_1.80_24.png,train,0,3.729166666666667,53.96527777777778,40.08333333333333,2.2222222222222223,0,0
tile_1.80_25.png,train,0,2.611111111111111,35.94444444444444,61.44444444444444,0,0,0
tile_1.80_26.png,train,0,14.11111111111111,35.979166666666664,49.90972222222222,0,0,0
tile_1.80_27.png,train,0,58.236111111111114,18.38888888888889,23.375,0,0,0
tile_1.80_28.png,train,13.222222222222221,31.381944444444443,8.472222222222223,46.923611111111114,0,0,0
tile_1.80_29.png,train,0,31.28472222222222,3.638888888888889,65.07638888888889,0,0,0
tile_1.80_3.png,train,6.791666666666667,37.09722222222222,10.13888888888889,45.97222222222222,0,0,0
tile_1.80_30.png,train,0,17.13888888888889,25.229166666666668,57.63194444444445,0,0,0
tile_1.80_31.png,train,0,27.243055555555557,51.31944444444444,21.4375,0,0,0
tile_1.80_32.png,train,0,20.36111111111111,70.20833333333333,9.430555555555555,0,0,0
tile_1.80_33.png,train,0,13.354166666666668,45.673611111111114,40.97222222222222,0,0,0
tile_1.80_34.png,train,0,8.493055555555555,14.270833333333332,77.23611111111111,0,0,0
tile_1.80_35.png,train,0,10.777777777777779,26.118055555555557,63.104166666666664,0,0,0
tile_1.80_36.png,train,0,35.31944444444444,23.97222222222222,40.708333333333336,0,0,0
tile_1.80_37.png,train,0.20833333333333334,59.59027777777778,24.833333333333332,15.368055555555554,0,0,0
tile_1.80_38.png,train,0,47.91666666666667,20.083333333333332,32.0,0,0,0
tile_1.80_39.png,train,0,17.48611111111111,54.07638888888889,28.4375,0,0,0
tile_1.80_4.png,train,0,38.27777777777778,14.965277777777777,42.90277777777778,3.854166666666667,0,0
tile_1.80_40.png,train,0,22.020833333333336,77.16666666666666,0.8125,0,0,0
tile_1.80_41.png,train,0,13.777777777777779,82.88888888888889,3.3333333333333335,0,0,0
tile_1.80_42.png,train,0,27.708333333333336,49.25694444444444,23.03472222222222,0,0,0
tile_1.80_43.png,train,0,24.694444444444443,13.208333333333332,62.09722222222223,0,0,0
tile_1.80_44.png,train,0,30.680555555555557,15.694444444444445,53.625,0,0,0
tile_1.80_45.png,train,0,60.36805555555556,15.916666666666668,23.71527777777778,0,0,0
tile_1.80_46.png,train,0,49.236111111111114,36.09027777777778,14.673611111111112,0,0,0
tile_1.80_47.png,train,0,30.881944444444443,28.076388888888886,41.041666666666664,0,0,0
tile_1.80_48.png,train,0,21.902777777777775,44.96527777777778,33.13194444444444,0,0,0
tile_1.80_49.png,train,0,40.60416666666667,56.97916666666667,2.4166666666666665,0,0,0
tile_1.80_5.png,train,0,40.479166666666664,6.208333333333333,47.61111111111111,5.701388888888889,0,0
tile_1.80_50.png,train,0,21.23611111111111,78.76388888888889,0,0,0,0
tile_1.80_51.png,train,0,20.51388888888889,73.06944444444444,6.416666666666666,0,0,0
tile_1.80_52.png,train,0,18.8125,30.270833333333336,50.916666666666664,0,0,0
tile_1.80_53.png,train,0,44.61805555555556,10.118055555555555,45.263888888888886,0,0,0
tile_1.80_54.png,train,0,90.4375,8.79861111111111,0.7638888888888888,0,0,0
tile_1.80_55.png,train,0.3263888888888889,29.638888888888886,19.729166666666668,40.79861111111111,9.506944444444445,0,0
tile_1.80_56.png,train,12.555555555555555,10.256944444444445,12.95138888888889,57.30555555555556,6.930555555555555,0,0
tile_1.80_57.png,train,12.229166666666668,39.54861111111111,13.368055555555555,34.763888888888886,0.09027777777777778,0,0
tile_1.80_58.png,train,0,78.84027777777777,16.979166666666668,4.180555555555555,0,0,0
tile_1.80_59.png,train,0,66.5763888888889,33.423611111111114,0,0,0,0
tile_1.80_6.png,train,0,41.38194444444444,3.375,53.39583333333333,1.8472222222222223,0,0
tile_1.80_60.png,train,0,29.458333333333332,58.90277777777778,11.63888888888889,0,0,0
tile_1.80_61.png,train,0,2.3541666666666665,38.84722222222222,58.79861111111111,0,0,0
tile_1.80_62.png,train,0,26.194444444444443,20.72222222222222,53.083333333333336,0,0,0
tile_1.80_63.png,train,0,53.79166666666667,34.041666666666664,12.166666666666668,0,0,0
tile_1.80_64.png,train,2.9375,14.041666666666666,0,28.000000000000004,55.02083333333333,0,0
tile_1.80_65.png,train,36.22916666666667,1.4375,4.145833333333333,30.645833333333332,27.541666666666664,0,0
tile_1.80_66.png,train,33.29166666666667,45.34722222222222,6.347222222222222,14.923611111111112,0.09027777777777778,0,0
tile_1.80_67.png,train,0,95.34722222222223,2.201388888888889,2.4513888888888893,0,0,0
tile_1.80_68.png,train,0,99.85416666666667,0.14583333333333334,0,0,0,0
tile_1.80_69.png,train,0,55.34027777777778,20.569444444444446,24.09027777777778,0,0,0
tile_1.80_7.png,train,0,41.65277777777778,19.333333333333332,39.013888888888886,0,0,0
tile_1.80_70.png,train,0,5.881944444444445,20.72222222222222,73.39583333333334,0,0,0
tile_1.80_71.png,train,0,16.73611111111111,20.57638888888889,62.68749999999999,0,0,0
tile_1.80_72.png,train,0,27.625,35.736111111111114,36.638888888888886,0,0,0
tile_1.80_73.png,train,6.694444444444445,0,0,7.777777777777778,85.52777777777779,0,0
tile_1.80_74.png,train,46.38194444444444,0,3.0208333333333335,12.01388888888889,38.58333333333333,0,0
tile_1.80_75.png,train,39.6875,42.99305555555556,9.069444444444445,8.25,0,0,0
tile_1.80_76.png,train,0,92.99305555555556,6.048611111111111,0.9583333333333333,0,0,0
tile_1.80_77.png,train,0,100.0,0,0,0,0,0
tile_1.80_78.png,train,0,56.576388888888886,10.70138888888889,32.72222222222222,0,0,0
tile_1.80_79.png,train,0,6.791666666666667,11.902777777777777,81.30555555555556,0,0,0
tile_1.80_8.png,train,0,48.125,30.736111111111107,21.13888888888889,0,0,0
tile_1.80_80.png,train,0,30.909722222222225,10.090277777777777,59.0,0,0,0
tile_1.80_81.png,train,0,54.708333333333336,17.86111111111111,27.430555555555557,0,0,0
tile_1.80_9.png,train,0,65.5,23.17361111111111,11.32638888888889,0,0,0
tile_1.88_1.png,train,84.34722222222221,0,0,15.652777777777777,0,0,0
tile_1.88_10.png,train,95.48611111111111,0,0,4.513888888888888,0,0,0
tile_1.88_11.png,train,95.70833333333333,0,0,4.291666666666667,0,0,0
tile_1.88_12.png,train,87.52083333333334,8.1875,0,4.291666666666667,0,0,0
tile_1.88_13.png,train,91.8125,8.1875,0,0,0,0,0
tile_1.88_14.png,train,100.0,0,0,0,0,0,0
tile_1.88_15.png,train,100.0,0,0,0,0,0,0
tile_1.88_16.png,train,100.0,0,0,0,0,0,0
tile_1.88_17.png,train,100.0,0,0,0,0,0,0
tile_1.88_18.png,train,100.0,0,0,0,0,0,0
tile_1.88_19.png,train,100.0,0,0,0,0,0,0
tile_1.88_2.png,train,91.75694444444444,0,0,8.243055555555557,0,0,0
tile_1.88_20.png,train,99.98611111111111,0,0,0.013888888888888888,0,0,0
tile_1.88_21.png,train,99.98611111111111,0,0,0.013888888888888888,0,0,0
tile_1.88_22.png,train,100.0,0,0,0,0,0,0
tile_1.88_23.png,train,100.0,0,0,0,0,0,0
tile_1.88_24.png,train,100.0,0,0,0,0,0,0
tile_1.88_25.png,train,100.0,0,0,0,0,0,0
tile_1.88_26.png,train,100.0,0,0,0,0,0,0
tile_1.88_27.png,train,100.0,0,0,0,0,0,0
tile_1.88_28.png,train,94.81944444444444,0,0,5.090277777777778,0.09027777777777778,0,0
tile_1.88_29.png,train,99.9375,0,0,0,0.0625,0,0
tile_1.88_3.png,train,83.875,8.20138888888889,0,7.923611111111111,0,0,0
tile_1.88_30.png,train,100.0,0,0,0,0,0,0
tile_1.88_31.png,train,100.0,0,0,0,0,0,0
tile_1.88_32.png,train,97.92361111111111,0,0,2.076388888888889,0,0,0
tile_1.88_33.png,train,97.92361111111111,0,0,2.076388888888889,0,0,0
tile_1.88_34.png,train,100.0,0,0,0,0,0,0
tile_1.88_35.png,train,100.0,0,0,0,0,0,0
tile_1.88_36.png,train,100.0,0,0,0,0,0,0
tile_1.88_37.png,train,73.21527777777777,0,0,19.90972222222222,6.875000000000001,0,0
tile_1.88_38.png,train,99.27083333333333,0,0,0.2152777777777778,0.513888888888889,0,0
tile_1.88_39.png,train,100.0,0,0,0,0,0,0
tile_1.88_4.png,train,91.7986111111111,8.20138888888889,0,0,0,0,0
tile_1.88_40.png,train,100.0,0,0,0,0,0,0
tile_1.88_41.png,train,97.92361111111111,0,0,2.076388888888889,0,0,0
tile_1.88_42.png,train,97.92361111111111,0,0,2.076388888888889,0,0,0
tile_1.88_43.png,train,100.0,0,0,0,0,0,0
tile_1.88_44.png,train,100.0,0,0,0,0,0,0
tile_1.88_45.png,train,100.0,0,0,0,0,0,0
tile_1.88_46.png,train,67.0625,0,0,20.215277777777775,12.722222222222221,0,0
tile_1.88_47.png,train,99.33333333333333,0,0,0.2152777777777778,0.45138888888888884,0,0
tile_1.88_48.png,train,100.0,0,0,0,0,0,0
tile_1.88_49.png,train,100.0,0,0,0,0,0,0
tile_1.88_5.png,train,100.0,0,0,0,0,0,0
tile_1.88_50.png,train,88.29166666666667,11.708333333333334,0,0,0,0,0
tile_1.88_51.png,train,85.08333333333333,14.916666666666668,0,0,0,0,0
tile_1.88_52.png,train,96.79166666666667,3.208333333333333,0,0,0,0,0
tile_1.88_53.png,train,100.0,0,0,0,0,0,0
tile_1.88_54.png,train,100.0,0,0,0,0,0,0
tile_1.88_55.png,train,84.74305555555556,0,0,9.20138888888889,6.055555555555555,0,0
tile_1.88_56.png,train,99.44444444444444,0,0,0.43750000000000006,0.11805555555555555,0,0
tile_1.88_57.png,train,100.0,0,0,0,0,0,0
tile_1.88_58.png,train,100.0,0,0,0,0,0,0
tile_1.88_59.png,train,88.29166666666667,11.708333333333334,0,0,0,0,0
tile_1.88_6.png,train,92.84027777777779,3.6944444444444446,0,3.4652777777777777,0,0,0
tile_1.88_60.png,train,85.08333333333333,14.916666666666668,0,0,0,0,0
tile_1.88_61.png,train,96.79166666666667,3.208333333333333,0,0,0,0,0
tile_1.88_62.png,train,100.0,0,0,0,0,0,0
tile_1.88_63.png,train,100.0,0,0,0,0,0,0
tile_1.88_64.png,train,65.82638888888889,0,0,11.569444444444445,22.604166666666668,0,0
tile_1.88_65.png,train,68.375,0,0,0.43750000000000006,31.1875,0,0
tile_1.88_66.png,train,86.94444444444444,0,0,0,13.055555555555557,0,0
tile_1.88_67.png,train,100.0,0,0,0,0,0,0
tile_1.88_68.png,train,100.0,0,0,0,0,0,0
tile_1.88_69.png,train,100.0,0,0,0,0,0,0
tile_1.88_7.png,train,92.5625,3.9722222222222223,0,3.4652777777777777,0,0,0
tile_1.88_70.png,train,100.0,0,0,0,0,0,0
tile_1.88_71.png,train,96.77777777777777,3.2222222222222223,0,0,0,0,0
tile_1.88_72.png,train,87.24305555555556,12.756944444444446,0,0,0,0,0
tile_1.88_73.png,train,59.00694444444444,0,0,7.763888888888888,33.229166666666664,0,0
tile_1.88_74.png,train,50.96527777777777,0,0,1.8819444444444444,47.15277777777778,0,0
tile_1.88_75.png,train,79.25694444444444,0,0,1.8819444444444444,18.86111111111111,0,0
tile_1.88_76.png,train,100.0,0,0,0,0,0,0
tile_1.88_77.png,train,100.0,0,0,0,0,0,0
tile_1.88_78.png,train,100.0,0,0,0,0,0,0
tile_1.88_79.png,train,100.0,0,0,0,0,0,0
tile_1.88_8.png,train,98.42361111111111,0.2777777777777778,0,1.2986111111111112,0,0,0
tile_1.88_80.png,train,96.77777777777777,3.2222222222222223,0,0,0,0,0
tile_1.88_81.png,train,87.22916666666667,12.770833333333334,0,0,0,0,0
tile_1.88_9.png,train,98.69444444444444,0,0,1.3055555555555556,0,0,0
tile_1.8_1.png,train,0,69.79166666666666,0,13.9375,16.270833333333336,0,0
tile_1.8_10.png,train,0,79.73611111111111,3.958333333333333,14.63888888888889,1.6666666666666667,0,0
tile_1.8_11.png,train,0,37.44444444444445,24.32638888888889,33.6875,4.541666666666667,0,0
tile_1.8_12.png,train,0,5.402777777777778,35.24305555555556,51.93055555555556,7.423611111111112,0,0
tile_1.8_13.png,train,0,0,14.888888888888888,67.7986111111111,17.3125,0,0
tile_1.8_14.png,train,0,0,0.013888888888888888,85.78472222222221,14.20138888888889,0,0
tile_1.8_15.png,train,0,0,0,93.65972222222221,6.340277777777778,0,0
tile_1.8_16.png,train,0,0,0,94.86805555555556,5.131944444444445,0,0
tile_1.8_17.png,train,0,0,0,88.40972222222221,11.590277777777777,0,0
tile_1.8_18.png,train,0,0,0,88.60416666666666,11.395833333333332,0,0
tile_1.8_19.png,train,0,42.88194444444444,20.041666666666664,34.70138888888889,2.375,0,0
tile_1.8_2.png,train,0,66.90277777777777,5.673611111111112,15.625,11.79861111111111,0,0
tile_1.8_20.png,train,0,7.777777777777778,35.270833333333336,46.916666666666664,10.034722222222223,0,0
tile_1.8_21.png,train,0,0,17.180555555555554,69.625,13.194444444444445,0,0
tile_1.8_22.png,train,0,0,0.04166666666666667,81.07638888888889,18.881944444444446,0,0
tile_1.8_23.png,train,0,0,0,83.54861111111111,16.45138888888889,0,0
tile_1.8_24.png,train,0,0,0,94.03472222222223,5.965277777777778,0,0
tile_1.8_25.png,train,0,0,0,89.36805555555556,10.506944444444443,0.125,0
tile_1.8_26.png,train,0,0,0,83.59722222222223,12.11111111111111,4.291666666666667,0
tile_1.8_27.png,train,0,0,0,91.27777777777779,4.534722222222222,4.1875,0
tile_1.8_28.png,train,0,10.493055555555555,29.53472222222222,53.19444444444444,6.777777777777779,0,0
tile_1.8_29.png,train,0,0,16.84722222222222,70.64583333333333,12.506944444444446,0,0
tile_1.8_3.png,train,0,29.291666666666664,28.423611111111114,37.25,5.034722222222222,0,0
tile_1.8_30.png,train,0,0.1111111111111111,2.4444444444444446,81.1388888888889,16.305555555555557,0,0
tile_1.8_31.png,train,0,5.645833333333333,0,76.48611111111111,17.868055555555557,0,0
tile_1.8_32.png,train,0,5.534722222222222,0,82.06944444444444,12.395833333333334,0,0
tile_1.8_33.png,train,0,0,0,82.34722222222223,6.416666666666666,11.23611111111111,0
tile_1.8_34.png,train,0,0,0,54.35416666666667,11.11111111111111,34.53472222222223,0
tile_1.8_35.png,train,0,0,0,37.916666666666664,9.618055555555555,52.46527777777777,0
tile_1.8_36.png,train,0,0,0,46.94444444444444,1.6944444444444446,51.361111111111114,0
tile_1.8_37.png,train,0,0.04166666666666667,19.416666666666664,64.73611111111111,15.805555555555555,0,0
tile_1.8_38.png,train,0,0.638888888888889,0.22916666666666666,84.79861111111111,14.333333333333334,0,0
tile_1.8_39.png,train,0,2.6597222222222223,0,78.69444444444444,18.645833333333332,0,0
tile_1.8_4.png,train,0,2.9375,32.32638888888889,53.67361111111111,11.0625,0,0
tile_1.8_40.png,train,0,7.555555555555555,0,72.78472222222221,19.65972222222222,0,0
tile_1.8_41.png,train,0,5.534722222222222,0,89.95138888888889,4.513888888888888,0,0
tile_1.8_42.png,train,0,0,0,67.59027777777777,2.1041666666666665,30.305555555555557,0
tile_1.8_43.png,train,0,0,0,19.256944444444443,2.263888888888889,78.47916666666667,0
tile_1.8_44.png,train,0,0,0,1.3263888888888888,0.5,98.17361111111111,0
tile_1.8_45.png,train,0,0,0,2.826388888888889,0,97.17361111111111,0
tile_1.8_46.png,train,0,0,27.791666666666664,52.61805555555556,19.59027777777778,0,0
tile_1.8_47.png,train,0,8.38888888888889,6.180555555555555,70.66666666666667,14.763888888888888,0,0
tile_1.8_48.png,train,0,17.708333333333336,0,66.625,15.666666666666668,0,0
tile_1.8_49.png,train,0,9.319444444444445,0,75.89583333333333,14.784722222222221,0,0
tile_1.8_5.png,train,0,0,9.57638888888889,76.32638888888889,14.097222222222221,0,0
tile_1.8_50.png,train,0,0,0,90.25694444444444,9.680555555555555,0.0625,0
tile_1.8_51.png,train,0,0,0,49.70833333333333,7.506944444444444,42.78472222222222,0
tile_1.8_52.png,train,0,0,0,7.277777777777778,0,92.72222222222221,0
tile_1.8_53.png,train,0,0,0,0,0,100.0,0
tile_1.8_54.png,train,0,0,0,0,0,100.0,0
tile_1.8_55.png,train,0,2.8194444444444446,31.583333333333336,50.701388888888886,14.895833333333334,0,0
tile_1.8_56.png,train,0,10.604166666666668,28.819444444444443,46.56944444444445,14.006944444444445,0,0
tile_1.8_57.png,train,0,26.784722222222225,13.29861111111111,48.68055555555556,11.23611111111111,0,0
tile_1.8_58.png,train,0,16.180555555555557,0.3611111111111111,77.0625,6.395833333333334,0,0
tile_1.8_59.png,train,0,0,0,90.55555555555556,9.208333333333334,0.2361111111111111,0
tile_1.8_6.png,train,0,0,0,90.99305555555556,9.006944444444445,0,0
tile_1.8_60.png,train,0,0,0,44.73611111111111,8.590277777777777,46.673611111111114,0
tile_1.8_61.png,train,0,0,0,3.5624999999999996,0,96.4375,0
tile_1.8_62.png,train,0,0,0,0,0,100.0,0
tile_1.8_63.png,train,0,0,0,0,0,100.0,0
tile_1.8_64.png,train,0,38.90972222222222,10.006944444444445,45.416666666666664,5.666666666666666,0,0
tile_1.8_65.png,train,0,14.520833333333332,29.61111111111111,44.54166666666667,11.32638888888889,0,0
tile_1.8_66.png,train,0,11.625,31.791666666666668,46.77777777777778,9.805555555555557,0,0
tile_1.8_67.png,train,0,8.770833333333334,12.131944444444445,76.24305555555554,2.8541666666666665,0,0
tile_1.8_68.png,train,0,0,0,98.5625,1.2291666666666665,0.20833333333333334,0
tile_1.8_69.png,train,0,0,0,71.11111111111111,1.2291666666666665,27.65972222222222,0
tile_1.8_7.png,train,0,0,0,91.24305555555556,8.756944444444445,0,0
tile_1.8_70.png,train,0,0,0,24.993055555555554,0,75.00694444444444,0
tile_1.8_71.png,train,0,0,0,6.597222222222222,0,93.40277777777779,0
tile_1.8_72.png,train,0,0,0,9.5625,0,90.4375,0
tile_1.8_73.png,train,0,57.076388888888886,8.402777777777779,33.75,0.7708333333333334,0,0
tile_1.8_74.png,train,0,23.40277777777778,14.256944444444445,44.958333333333336,17.381944444444443,0,0
tile_1.8_75.png,train,0,2.5902777777777777,30.57638888888889,45.28472222222222,21.54861111111111,0,0
tile_1.8_76.png,train,0,0.8611111111111112,30.4375,63.763888888888886,4.9375,0,0
tile_1.8_77.png,train,0,0,7.520833333333334,92.44444444444444,0,0.034722222222222224,0
tile_1.8_78.png,train,0,0,0,95.29861111111111,0,4.701388888888889,0
tile_1.8_79.png,train,0,0,0,65.20833333333333,0,34.791666666666664,0
tile_1.8_8.png,train,0,0,0,86.0625,13.9375,0,0
tile_1.8_80.png,train,0,0,0,46.75,0,53.25,0
tile_1.8_81.png,train,0,0,0,55.40277777777778,0,44.59722222222222,0
tile_1.8_9.png,train,0,0,0,90.32638888888889,9.67361111111111,0,0
tile_1.9_1.png,train,0,0,0,93.92361111111111,6.076388888888888,0,0
tile_1.9_10.png,train,0,0,0,85.44444444444444,14.555555555555555,0,0
tile_1.9_11.png,train,0,0,0,36.02777777777778,63.97222222222222,0,0
tile_1.9_12.png,train,0,0,0,16.95138888888889,82.71527777777777,0.33333333333333337,0
tile_1.9_13.png,train,0,0,0,46.4375,41.69444444444444,11.868055555555555,0
tile_1.9_14.png,train,0,0,0,45.58333333333333,8.395833333333332,46.020833333333336,0
tile_1.9_15.png,train,0,0,0,16.07638888888889,0,83.92361111111111,0
tile_1.9_16.png,train,0,0,0,0.5625,0,99.4375,0
tile_1.9_17.png,train,0,0,0,0,0,100.0,0
tile_1.9_18.png,train,0,0,0,0,0,100.0,0
tile_1.9_19.png,train,0,0,0,88.88888888888889,8.479166666666666,2.631944444444444,0
tile_1.9_2.png,train,0,0,0,60.15972222222222,39.84027777777778,0,0
tile_1.9_20.png,train,0,0,0,56.20138888888889,39.83333333333333,3.965277777777778,0
tile_1.9_21.png,train,0,0,0,36.59027777777778,39.916666666666664,23.493055555555557,0
tile_1.9_22.png,train,0,0,0,32.74305555555556,8.5625,58.69444444444445,0
tile_1.9_23.png,train,0,0,0,13.604166666666668,0,86.39583333333334,0
tile_1.9_24.png,train,0,0,0,0.1388888888888889,0,99.86111111111111,0
tile_1.9_25.png,train,0,0,0,0,0,100.0,0
tile_1.9_26.png,train,0,0,0,0,0,100.0,0
tile_1.9_27.png,train,0,0,0,0,0,100.0,0
tile_1.9_28.png,train,0,0,0,64.36111111111111,0,35.638888888888886,0
tile_1.9_29.png,train,0,0,0,48.138888888888886,6.541666666666666,45.31944444444444,0
tile_1.9_3.png,train,0,0,0,16.5,83.5,0,0
tile_1.9_30.png,train,0,0,0,23.055555555555557,6.541666666666666,70.40277777777779,0
tile_1.9_31.png,train,0,0,0,3.173611111111111,0,96.82638888888889,0
tile_1.9_32.png,train,0,0,0,0,0,100.0,0
tile_1.9_33.png,train,0,0,0,0,0,100.0,0
tile_1.9_34.png,train,0,0,0,0,0,100.0,0
tile_1.9_35.png,train,0,0,0,0,0,100.0,0
tile_1.9_36.png,train,0,0,0,0,0,100.0,0
tile_1.9_37.png,train,0,0,0,16.993055555555557,0,83.00694444444444,0
tile_1.9_38.png,train,0,0,0,8.645833333333334,0,91.35416666666667,0
tile_1.9_39.png,train,0,0,0,2.7569444444444446,0,97.24305555555556,0
tile_1.9_4.png,train,0,0,0,27.902777777777775,72.09722222222223,0,0
tile_1.9_40.png,train,0,0,0,0,0,100.0,0
tile_1.9_41.png,train,0,0,0,0,0,100.0,0
tile_1.9_42.png,train,0,0,0,0,0,100.0,0
tile_1.9_43.png,train,0,0,0,0,0,100.0,0
tile_1.9_44.png,train,0,0,0,0,0,100.0,0
tile_1.9_45.png,train,0,0,0,0,0,100.0,0
tile_1.9_46.png,train,0,0,0,0,0,100.0,0
tile_1.9_47.png,train,0,0,0,0,0,100.0,0
tile_1.9_48.png,train,0,0,0,0,0,100.0,0
tile_1.9_49.png,train,0,0,0,0,0,100.0,0
tile_1.9_5.png,train,0,0,0,67.85416666666667,22.520833333333336,9.625,0
tile_1.9_50.png,train,0,0,0,0,0,100.0,0
tile_1.9_51.png,train,0,0,0,0,0,100.0,0
tile_1.9_52.png,train,0,0,0,0,0,100.0,0
tile_1.9_53.png,train,0,0,0,0,0,100.0,0
tile_1.9_54.png,train,0,0,0,0,0,100.0,0
tile_1.9_55.png,train,0,0,0,0,0,100.0,0
tile_1.9_56.png,train,0,0,0,0,0,100.0,0
tile_1.9_57.png,train,0,0,0,0,0,100.0,0
tile_1.9_58.png,train,0,0,0,0,0,100.0,0
tile_1.9_59.png,train,0,0,0,0,0,100.0,0
tile_1.9_6.png,train,0,0,0,50.09722222222223,0.15972222222222224,49.74305555555556,0
tile_1.9_60.png,train,0,0,0,0,0,100.0,0
tile_1.9_61.png,train,0,0,0,0,0,100.0,0
tile_1.9_62.png,train,0,0,0,0,0,100.0,0
tile_1.9_63.png,train,0,0,0,0,0,100.0,0
tile_1.9_64.png,train,0,0,0,2.3680555555555554,0,97.63194444444444,0
tile_1.9_65.png,train,0,0,0,0,0,100.0,0
tile_1.9_66.png,train,0,0,0,0,0,100.0,0
tile_1.9_67.png,train,0,0,0,0,0,100.0,0
tile_1.9_68.png,train,0,0,0,0,0,100.0,0
tile_1.9_69.png,train,0,0,0,0,0,100.0,0
tile_1.9_7.png,train,0,0,0,9.881944444444445,0,90.11805555555556,0
tile_1.9_70.png,train,0,0,0,0,0,100.0,0
tile_1.9_71.png,train,0,0,0,0,0,100.0,0
tile_1.9_72.png,train,0,0,0,0,0,100.0,0
tile_1.9_73.png,train,0,0,0,13.444444444444445,0,86.55555555555556,0
tile_1.9_74.png,train,0,0,0,0,0,100.0,0
tile_1.9_75.png,train,0,0,0,0,0,100.0,0
tile_1.9_76.png,train,0,0,0,0,0,100.0,0
tile_1.9_77.png,train,0,0,0,0,0,100.0,0
tile_1.9_78.png,train,0,0,0,0,0,100.0,0
tile_1.9_79.png,train,0,0,0,0,0,100.0,0
tile_1.9_8.png,train,0,0,0,0,0,100.0,0
tile_1.9_80.png,train,0,0,0,0,0,100.0,0
tile_1.9_81.png,train,0,0,0,0,0,100.0,0
tile_1.9_9.png,train,0,0,0,0,0,100.0,0
tile_3.17_1.png,train,0,0,100.0,0,0,0,0
tile_3.17_10.png,train,0,0,100.0,0,0,0,0
tile_3.17_11.png,train,0,0,100.0,0,0,0,0
tile_3.17_12.png,train,0,0,100.0,0,0,0,0
tile_3.17_13.png,train,0,0,100.0,0,0,0,0
tile_3.17_14.png,train,0,0,76.59722222222223,0,23.40277777777778,0,0
tile_3.17_15.png,train,0,18.0625,31.77777777777778,0,50.15972222222223,0,0
tile_3.17_16.png,train,0,26.541666666666668,16.36111111111111,0,57.09722222222222,0,0
tile_3.17_17.png,train,0,8.479166666666666,16.57638888888889,0,74.94444444444444,0,0
tile_3.17_18.png,train,0,0,6.458333333333334,0,93.54166666666667,0,0
tile_3.17_19.png,train,0,0,100.0,0,0,0,0
tile_3.17_2.png,train,0,0,100.0,0,0,0,0
tile_3.17_20.png,train,0,0,100.0,0,0,0,0
tile_3.17_21.png,train,0,0,100.0,0,0,0,0
tile_3.17_22.png,train,0,0,100.0,0,0,0,0
tile_3.17_23.png,train,0,0,97.6875,0,2.3125,0,0
tile_3.17_24.png,train,0,17.854166666666664,77.31944444444444,0,4.826388888888889,0,0
tile_3.17_25.png,train,0,28.0625,64.08333333333334,0,7.854166666666666,0,0
tile_3.17_26.png,train,0,20.284722222222225,53.09027777777777,0,26.625,0,0
tile_3.17_27.png,train,0,10.38888888888889,23.09027777777778,0,66.52083333333333,0,0
tile_3.17_28.png,train,0,0,100.0,0,0,0,0
tile_3.17_29.png,train,0,0,100.0,0,0,0,0
tile_3.17_3.png,train,0,0,100.0,0,0,0,0
tile_3.17_30.png,train,0,0,100.0,0,0,0,0
tile_3.17_31.png,train,0,0,100.0,0,0,0,0
tile_3.17_32.png,train,0,0,100.0,0,0,0,0
tile_3.17_33.png,train,0,0.548611111111111,99.45138888888889,0,0,0,0
tile_3.17_34.png,train,0,13.5625,86.4375,0,0,0,0
tile_3.17_35.png,train,0,42.236111111111114,56.08333333333333,0,1.6805555555555556,0,0
tile_3.17_36.png,train,0,46.03472222222222,30.069444444444443,0,23.895833333333332,0,0
tile_3.17_37.png,train,0,0,100.0,0,0,0,0
tile_3.17_38.png,train,0,0,100.0,0,0,0,0
tile_3.17_39.png,train,0,0,100.0,0,0,0,0
tile_3.17_4.png,train,0,0,100.0,0,0,0,0
tile_3.17_40.png,train,0,0,100.0,0,0,0,0
tile_3.17_41.png,train,0,0,100.0,0,0,0,0
tile_3.17_42.png,train,0,0,100.0,0,0,0,0
tile_3.17_43.png,train,0,11.305555555555555,88.69444444444444,0,0,0,0
tile_3.17_44.png,train,0,42.5625,57.4375,0,0,0,0
tile_3.17_45.png,train,0,61.30555555555556,36.71527777777778,0,1.9791666666666665,0,0
tile_3.17_46.png,train,0,0,98.95138888888889,0,0,0,1.0486111111111112
tile_3.17_47.png,train,0,0,100.0,0,0,0,0
tile_3.17_48.png,train,0,0,100.0,0,0,0,0
tile_3.17_49.png,train,0,0,100.0,0,0,0,0
tile_3.17_5.png,train,0,0,66.26388888888889,0,33.736111111111114,0,0
tile_3.17_50.png,train,0,0,98.00694444444444,0,0,0,1.9930555555555556
tile_3.17_51.png,train,0,0,95.65277777777777,0,0,0,4.347222222222222
tile_3.17_52.png,train,0,0.020833333333333336,97.625,0,0,0,2.3541666666666665
tile_3.17_53.png,train,0,12.131944444444445,87.36805555555556,0,0,0,0.5
tile_3.17_54.png,train,0,37.798611111111114,61.3125,0,0,0,0.8888888888888888
tile_3.17_55.png,train,0,0,98.95138888888889,0,0,0,1.0486111111111112
tile_3.17_56.png,train,0,0,100.0,0,0,0,0
tile_3.17_57.png,train,0,0,100.0,0,0,0,0
tile_3.17_58.png,train,0,0,100.0,0,0,0,0
tile_3.17_59.png,train,0,0,96.95138888888889,0,0,0,3.048611111111111
tile_3.17_6.png,train,0,0.7569444444444444,16.26388888888889,0,82.97916666666667,0,0
tile_3.17_60.png,train,0,0,92.52777777777777,0,0,0,7.472222222222221
tile_3.17_61.png,train,0,0,95.57638888888889,0,0,0,4.423611111111111
tile_3.17_62.png,train,0,0,89.83333333333333,0,0,0,10.166666666666666
tile_3.17_63.png,train,0,12.13888888888889,76.66666666666667,0,0,0,11.194444444444445
tile_3.17_64.png,train,0,0,100.0,0,0,0,0
tile_3.17_65.png,train,0,0,100.0,0,0,0,0
tile_3.17_66.png,train,0,0,100.0,0,0,0,0
tile_3.17_67.png,train,0,0,100.0,0,0,0,0
tile_3.17_68.png,train,0,0,98.94444444444444,0,0,0,1.0555555555555556
tile_3.17_69.png,train,0,0,93.51388888888889,0,0,0,6.486111111111111
tile_3.17_7.png,train,0,0.7569444444444444,0,0,99.24305555555556,0,0
tile_3.17_70.png,train,0,0,94.56944444444444,0,0,0,5.430555555555556
tile_3.17_71.png,train,0,0,90.33333333333333,0,0,0,9.666666666666666
tile_3.17_72.png,train,0,0,89.69444444444444,0,0,0,10.305555555555555
tile_3.17_73.png,train,0,0,100.0,0,0,0,0
tile_3.17_74.png,train,0,8.083333333333332,91.91666666666667,0,0,0,0
tile_3.17_75.png,train,0,20.07638888888889,79.92361111111111,0,0,0,0
tile_3.17_76.png,train,0,11.993055555555555,88.00694444444444,0,0,0,0
tile_3.17_77.png,train,0,0,95.4236111111111,0,0,0,4.576388888888889
tile_3.17_78.png,train,0,0,87.16666666666667,0,0,0,12.833333333333332
tile_3.17_79.png,train,0,0,91.74305555555556,0,0,0,8.256944444444445
tile_3.17_8.png,train,0,0,1.0625,0,98.9375,0,0
tile_3.17_80.png,train,0,0,100.0,0,0,0,0
tile_3.17_81.png,train,0,0,100.0,0,0,0,0
tile_3.17_9.png,train,0,0,20.854166666666664,0,79.14583333333334,0,0
tile_3.18_1.png,train,0,0,93.69444444444444,0,6.305555555555556,0,0
tile_3.18_10.png,train,0,0,64.01388888888889,0,35.986111111111114,0,0
tile_3.18_11.png,train,0,0,93.6388888888889,0,6.361111111111111,0,0
tile_3.18_12.png,train,0,0,86.76388888888889,0,13.236111111111112,0,0
tile_3.18_13.png,train,0,0,87.15972222222223,0,12.840277777777779,0,0
tile_3.18_14.png,train,0,0,95.93055555555556,0,4.069444444444445,0,0
tile_3.18_15.png,train,0,0,56.31944444444444,0,43.68055555555556,0,0
tile_3.18_16.png,train,0,0,15.687499999999998,0,84.3125,0,0
tile_3.18_17.png,train,0,0,43.701388888888886,0,56.29861111111111,0,0
tile_3.18_18.png,train,0,1.4444444444444444,84.42361111111111,0,14.131944444444445,0,0
tile_3.18_19.png,train,0,0,21.458333333333332,0,78.54166666666667,0,0
tile_3.18_2.png,train,0,0,83.95138888888889,0,16.04861111111111,0,0
tile_3.18_20.png,train,0,0,64.11111111111111,0,35.888888888888886,0,0
tile_3.18_21.png,train,0,0,93.84027777777779,0,6.159722222222222,0,0
tile_3.18_22.png,train,0,0,100.0,0,0,0,0
tile_3.18_23.png,train,0,0,100.0,0,0,0,0
tile_3.18_24.png,train,0,0,74.30555555555556,0,25.694444444444443,0,0
tile_3.18_25.png,train,0,0,33.03472222222222,0,66.96527777777777,0,0
tile_3.18_26.png,train,0,0,38.56944444444444,0,61.43055555555556,0,0
tile_3.18_27.png,train,0,0,53.40277777777778,0,46.59722222222222,0,0
tile_3.18_28.png,train,0,0,8.13888888888889,0,91.86111111111111,0,0
tile_3.18_29.png,train,0,0,21.020833333333332,0,78.97916666666667,0,0
tile_3.18_3.png,train,0,0,54.65277777777777,0,45.34722222222222,0,0
tile_3.18_30.png,train,0,0,62.9375,0,37.0625,0,0
tile_3.18_31.png,train,0,0,93.15277777777777,0,6.847222222222222,0,0
tile_3.18_32.png,train,0,0,100.0,0,0,0,0
tile_3.18_33.png,train,0,0,90.375,0,9.625,0,0
tile_3.18_34.png,train,0,0,50.361111111111114,0,49.638888888888886,0,0
tile_3.18_35.png,train,0,0,19.611111111111114,0,80.38888888888889,0,0
tile_3.18_36.png,train,0,0,10.722222222222221,0,89.27777777777777,0,0
tile_3.18_37.png,train,0,0,35.65972222222222,0,64.34027777777777,0,0
tile_3.18_38.png,train,0,0,5.888888888888888,0,94.11111111111111,0,0
tile_3.18_39.png,train,0,0,19.82638888888889,0,80.17361111111111,0,0
tile_3.18_4.png,train,0,0,70.60416666666667,0,29.395833333333332,0,0
tile_3.18_40.png,train,0,0,61.69444444444444,0,38.30555555555556,0,0
tile_3.18_41.png,train,0,0,92.8125,0,7.187499999999999,0,0
tile_3.18_42.png,train,0,0,99.70138888888889,0,0.2986111111111111,0,0
tile_3.18_43.png,train,0,0,73.72916666666667,0,26.270833333333332,0,0
tile_3.18_44.png,train,0,0,32.375,0,67.625,0,0
tile_3.18_45.png,train,0,0,27.84722222222222,0,72.15277777777777,0,0
tile_3.18_46.png,train,0,0,76.11111111111111,0,23.88888888888889,0,0
tile_3.18_47.png,train,0,0,29.11111111111111,0,70.88888888888889,0,0
tile_3.18_48.png,train,0,0,2.5416666666666665,0,97.45833333333334,0,0
tile_3.18_49.png,train,0,0,19.270833333333336,0,80.72916666666666,0,0
tile_3.18_5.png,train,0,0,80.68055555555556,0,19.319444444444443,0,0
tile_3.18_50.png,train,0,0,61.84027777777777,0,38.15972222222222,0,0
tile_3.18_51.png,train,0,0,93.29861111111111,0,6.701388888888888,0,0
tile_3.18_52.png,train,0,0,94.32638888888889,0,5.673611111111112,0,0
tile_3.18_53.png,train,0,0,77.67361111111111,0,22.32638888888889,0,0
tile_3.18_54.png,train,0,0,77.84722222222223,0,22.15277777777778,0,0
tile_3.18_55.png,train,0,0,94.22916666666666,0,5.770833333333333,0,0
tile_3.18_56.png,train,0,0,51.65277777777778,0,48.34722222222222,0,0
tile_3.18_57.png,train,0,0,7.423611111111112,0,92.5763888888889,0,0
tile_3.18_58.png,train,0,0,0.7291666666666666,0,99.27083333333333,0,0
tile_3.18_59.png,train,0,0,24.46527777777778,0,75.53472222222221,0,0
tile_3.18_6.png,train,0,0,35.5,0,64.5,0,0
tile_3.18_60.png,train,0,0,73.73611111111111,0,26.263888888888886,0,0
tile_3.18_61.png,train,0,0,100.0,0,0,0,0
tile_3.18_62.png,train,0,0,100.0,0,0,0,0
tile_3.18_63.png,train,0,0,100.0,0,0,0,0
tile_3.18_64.png,train,0,0,80.57638888888889,0,19.34722222222222,0,0.0763888888888889
tile_3.18_65.png,train,0,0,67.97916666666667,0,31.944444444444443,0,0.0763888888888889
tile_3.18_66.png,train,0,0,30.243055555555554,0,69.75694444444444,0,0
tile_3.18_67.png,train,0,0,1.5069444444444444,0,98.49305555555556,0,0
tile_3.18_68.png,train,0,0,20.854166666666664,0,79.14583333333334,0,0
tile_3.18_69.png,train,0,0,70.79861111111111,0,29.20138888888889,0,0
tile_3.18_7.png,train,0,0,27.881944444444446,0,72.11805555555556,0,0
tile_3.18_70.png,train,0,0,100.0,0,0,0,0
tile_3.18_71.png,train,0,0,100.0,0,0,0,0
tile_3.18_72.png,train,0,0,100.0,0,0,0,0
tile_3.18_73.png,train,0,0,71.34027777777779,0,20.618055555555557,0,8.041666666666666
tile_3.18_74.png,train,0,0,64.875,0,29.11111111111111,0,6.013888888888888
tile_3.18_75.png,train,0,0,29.97222222222222,0,70.02777777777777,0,0
tile_3.18_76.png,train,0,0,13.631944444444443,0,86.36805555555556,0,0
tile_3.18_77.png,train,0,0,52.541666666666664,0,47.458333333333336,0,0
tile_3.18_78.png,train,0,0,90.30555555555554,0,9.694444444444445,0,0
tile_3.18_79.png,train,0,0,92.125,0,7.875,0,0
tile_3.18_8.png,train,0,5.9375,60.3125,0,33.75,0,0
tile_3.18_80.png,train,0,0,87.90972222222221,0,12.090277777777777,0,0
tile_3.18_81.png,train,0,0,95.72916666666667,0,4.270833333333333,0,0
tile_3.18_9.png,train,0,31.395833333333336,61.791666666666664,0,6.812500000000001,0,0
tile_3.19_1.png,train,0,77.22222222222223,22.77777777777778,0,0,0,0
tile_3.19_10.png,train,0,30.548611111111114,57.951388888888886,0,11.5,0,0
tile_3.19_11.png,train,0,14.548611111111112,58.22222222222222,0,27.229166666666664,0,0
tile_3.19_12.png,train,0,1.9583333333333335,55.17361111111111,0,42.86805555555556,0,0
tile_3.19_13.png,train,0,0,72.00694444444444,0,27.993055555555557,0,0
tile_3.19_14.png,train,0,0,95.21527777777777,0,4.784722222222222,0,0
tile_3.19_15.png,train,0,0,100.0,0,0,0,0
tile_3.19_16.png,train,0,0,100.0,0,0,0,0
tile_3.19_17.png,train,0,0,100.0,0,0,0,0
tile_3.19_18.png,train,0,0,100.0,0,0,0,0
tile_3.19_19.png,train,0,3.3263888888888893,43.138888888888886,0,53.53472222222222,0,0
tile_3.19_2.png,train,0,54.548611111111114,42.4375,0,3.013888888888889,0,0
tile_3.19_20.png,train,0,0,47.020833333333336,0,42.048611111111114,0,10.930555555555555
tile_3.19_21.png,train,0,0,67.70138888888889,0,20.84722222222222,0,11.45138888888889
tile_3.19_22.png,train,0,0,94.1875,0,5.291666666666667,0,0.5208333333333333
tile_3.19_23.png,train,0,0,98.11111111111111,0,1.8888888888888888,0,0
tile_3.19_24.png,train,0,0,100.0,0,0,0,0
tile_3.19_25.png,train,0,0,100.0,0,0,0,0
tile_3.19_26.png,train,0,0,100.0,0,0,0,0
tile_3.19_27.png,train,0,0,100.0,0,0,0,0
tile_3.19_28.png,train,0,0,42.020833333333336,0,55.85416666666667,0,2.125
tile_3.19_29.png,train,0,0,64.09027777777779,0,17.98611111111111,0,17.92361111111111
tile_3.19_3.png,train,0,20.284722222222225,55.35416666666667,0,24.36111111111111,0,0
tile_3.19_30.png,train,0,0,82.47222222222223,0,0.798611111111111,0,16.729166666666668
tile_3.19_31.png,train,0,0,87.95833333333334,0,11.11111111111111,0,0.9305555555555555
tile_3.19_32.png,train,0,0,84.20138888888889,0,15.79861111111111,0,0
tile_3.19_33.png,train,0,0,95.3125,0,4.6875,0,0
tile_3.19_34.png,train,0,0,100.0,0,0,0,0
tile_3.19_35.png,train,0,0,100.0,0,0,0,0
tile_3.19_36.png,train,0,0,100.0,0,0,0,0
tile_3.19_37.png,train,0,0,83.27777777777777,0,14.597222222222223,0,2.125
tile_3.19_38.png,train,0,0,89.0625,0,3.944444444444444,0,6.993055555555555
tile_3.19_39.png,train,0,0,91.70833333333334,0,3.013888888888889,0,5.277777777777778
tile_3.19_4.png,train,0,4.340277777777778,66.85416666666667,0,28.805555555555557,0,0
tile_3.19_40.png,train,0,0,90.14583333333334,0,9.444444444444445,0,0.40972222222222227
tile_3.19_41.png,train,0,0,74.33333333333333,0,25.666666666666664,0,0
tile_3.19_42.png,train,0,0,80.2986111111111,0,19.70138888888889,0,0
tile_3.19_43.png,train,0,0,96.52083333333333,0,3.4791666666666665,0,0
tile_3.19_44.png,train,0,0,100.0,0,0,0,0
tile_3.19_45.png,train,0,0,100.0,0,0,0,0
tile_3.19_46.png,train,0,0,79.75,0,20.25,0,0
tile_3.19_47.png,train,0,0,56.43055555555555,0,43.56944444444444,0,0
tile_3.19_48.png,train,0,0,66.92361111111111,0,33.07638888888889,0,0
tile_3.19_49.png,train,0,0,92.9375,0,7.062499999999999,0,0
tile_3.19_5.png,train,0,1.0138888888888888,91.52777777777777,0,7.458333333333334,0,0
tile_3.19_50.png,train,0,0,86.20833333333333,0,13.791666666666666,0,0
tile_3.19_51.png,train,0,0,69.11805555555556,0,30.881944444444443,0,0
tile_3.19_52.png,train,0,0,75.84722222222223,0,24.15277777777778,0,0
tile_3.19_53.png,train,0,0,91.73611111111111,0,8.26388888888889,0,0
tile_3.19_54.png,train,0,0,96.20833333333333,0,3.791666666666667,0,0
tile_3.19_55.png,train,0,0,41.14583333333333,0,58.854166666666664,0,0
tile_3.19_56.png,train,0,0,20.354166666666668,0,79.64583333333334,0,0
tile_3.19_57.png,train,0,0,25.430555555555557,0,74.56944444444444,0,0
tile_3.19_58.png,train,0,0,58.81944444444444,0,41.18055555555556,0,0
tile_3.19_59.png,train,0,0,88.29166666666667,0,11.708333333333334,0,0
tile_3.19_6.png,train,0,0,100.0,0,0,0,0
tile_3.19_60.png,train,0,0,82.54166666666667,0,17.458333333333336,0,0
tile_3.19_61.png,train,0,6.048611111111111,58.64583333333333,0,35.30555555555556,0,0
tile_3.19_62.png,train,0,10.458333333333334,50.826388888888886,0,38.71527777777778,0,0
tile_3.19_63.png,train,0,4.409722222222222,50.520833333333336,0,45.06944444444444,0,0
tile_3.19_64.png,train,0,0,20.84722222222222,0,79.15277777777779,0,0
tile_3.19_65.png,train,0,0,15.270833333333334,0,84.72916666666667,0,0
tile_3.19_66.png,train,0,0,16.069444444444443,0,83.93055555555556,0,0
tile_3.19_67.png,train,0,0,21.20138888888889,0,78.79861111111111,0,0
tile_3.19_68.png,train,0,0,56.333333333333336,0,43.666666666666664,0,0
tile_3.19_69.png,train,0,0,89.3125,0,10.6875,0,0
tile_3.19_7.png,train,0,0,100.0,0,0,0,0
tile_3.19_70.png,train,0,6.048611111111111,79.31944444444444,0,14.631944444444445,0,0
tile_3.19_71.png,train,0,10.458333333333334,58.666666666666664,0,30.875000000000004,0,0
tile_3.19_72.png,train,0,4.409722222222222,52.145833333333336,0,43.44444444444445,0,0
tile_3.19_73.png,train,0,0,44.673611111111114,0,55.326388888888886,0,0
tile_3.19_74.png,train,0,0,14.833333333333334,0,85.16666666666667,0,0
tile_3.19_75.png,train,0,0,13.17361111111111,0,86.82638888888889,0,0
tile_3.19_76.png,train,0,0,11.76388888888889,0,88.23611111111111,0,0
tile_3.19_77.png,train,0,0,20.569444444444446,0,79.43055555555556,0,0
tile_3.19_78.png,train,0,0,62.527777777777786,0,37.47222222222222,0,0
tile_3.19_79.png,train,0,0,95.6875,0,4.3125,0,0
tile_3.19_8.png,train,0,0,100.0,0,0,0,0
tile_3.19_80.png,train,0,0,99.57638888888889,0,0.42361111111111116,0,0
tile_3.19_81.png,train,0,0,97.83333333333334,0,2.166666666666667,0,0
tile_3.19_9.png,train,0,0,100.0,0,0,0,0
tile_3.22_1.png,train,29.166666666666668,15.243055555555557,3.5694444444444446,12.277777777777779,33.166666666666664,0,6.576388888888888
tile_3.22_10.png,train,60.61805555555555,0,0.8333333333333334,17.17361111111111,14.38888888888889,0,6.986111111111111
tile_3.22_11.png,train,34.15972222222222,0,39.29166666666667,26.548611111111107,0,0,0
tile_3.22_12.png,train,2.166666666666667,0,83.32638888888889,11.180555555555555,3.3263888888888893,0,0
tile_3.22_13.png,train,0,0,55.85416666666667,3.75,40.39583333333333,0,0
tile_3.22_14.png,train,0,0,17.5625,1.9444444444444444,80.49305555555556,0,0
tile_3.22_15.png,train,0,0,12.562499999999998,0,87.4375,0,0
tile_3.22_16.png,train,0,0,11.659722222222223,0,88.34027777777777,0,0
tile_3.22_17.png,train,0,0.6458333333333334,12.04861111111111,0,87.30555555555556,0,0
tile_3.22_18.png,train,0,4.006944444444445,13.472222222222221,0,82.52083333333333,0,0
tile_3.22_19.png,train,65.94444444444446,0,3.208333333333333,14.249999999999998,10.958333333333334,0,5.638888888888889
tile_3.22_2.png,train,17.75,22.631944444444443,37.82638888888889,16.680555555555557,5.111111111111112,0,0
tile_3.22_20.png,train,38.31944444444444,0,50.020833333333336,11.659722222222223,0,0,0
tile_3.22_21.png,train,0.35416666666666663,0,82.24305555555556,2.833333333333333,14.569444444444443,0,0
tile_3.22_22.png,train,0,0,47.4375,0.9444444444444444,51.61805555555555,0,0
tile_3.22_23.png,train,0,1.597222222222222,18.583333333333332,5.125,74.69444444444444,0,0
tile_3.22_24.png,train,0,1.6041666666666665,12.562499999999998,4.180555555555555,81.65277777777777,0,0
tile_3.22_25.png,train,0,0.006944444444444444,11.659722222222223,0,88.33333333333333,0,0
tile_3.22_26.png,train,0,0,12.04861111111111,0,87.95138888888889,0,0
tile_3.22_27.png,train,0,2.3819444444444446,13.472222222222221,0,84.14583333333333,0,0
tile_3.22_28.png,train,61.8125,0,10.145833333333334,15.88888888888889,10.194444444444445,0,1.9583333333333335
tile_3.22_29.png,train,39.85416666666667,0,60.14583333333333,0,0,0,0
tile_3.22_3.png,train,1.8124999999999998,7.388888888888889,82.45138888888889,8.347222222222223,0,0,0
tile_3.22_30.png,train,0,0,73.33333333333333,0,26.666666666666668,0,0
tile_3.22_31.png,train,0,0,37.611111111111114,4.041666666666666,58.347222222222214,0,0
tile_3.22_32.png,train,0,1.597222222222222,14.277777777777779,18.01388888888889,66.11111111111111,0,0
tile_3.22_33.png,train,0,1.6041666666666665,0,13.972222222222221,84.42361111111111,0,0
tile_3.22_34.png,train,0,0.006944444444444444,0,0,99.99305555555556,0,0
tile_3.22_35.png,train,0,0,0,0,100.0,0,0
tile_3.22_36.png,train,0,0,0,0,100.0,0,0
tile_3.22_37.png,train,59.5,0,14.673611111111112,18.76388888888889,6.840277777777779,0,0.2222222222222222
tile_3.22_38.png,train,35.326388888888886,0,64.6736111111111,0,0,0,0
tile_3.22_39.png,train,0,0,67.4375,0,32.5625,0,0
tile_3.22_4.png,train,0,0,76.02083333333334,3.75,20.229166666666668,0,0
tile_3.22_40.png,train,0,0,38.21527777777778,3.0972222222222223,58.6875,0,0
tile_3.22_41.png,train,0,1.5902777777777777,21.645833333333332,12.88888888888889,63.87500000000001,0,0
tile_3.22_42.png,train,0,1.5902777777777777,0.8680555555555556,9.791666666666666,87.75,0,0
tile_3.22_43.png,train,0,0,0,0,100.0,0,0
tile_3.22_44.png,train,0,0,0,0,100.0,0,0
tile_3.22_45.png,train,0,0,0.3472222222222222,0,99.65277777777779,0,0
tile_3.22_46.png,train,67.15972222222221,0,13.92361111111111,16.868055555555557,1.8263888888888888,0,0.2222222222222222
tile_3.22_47.png,train,36.076388888888886,0,63.923611111111114,0,0,0,0
tile_3.22_48.png,train,0,0,67.68055555555556,0,32.31944444444444,0,0
tile_3.22_49.png,train,0,0,38.645833333333336,0,61.354166666666664,0,0
tile_3.22_5.png,train,0,0,29.47222222222222,1.9444444444444444,68.58333333333333,0,0
tile_3.22_50.png,train,0,1.5902777777777777,21.833333333333332,0,76.57638888888889,0,0
tile_3.22_51.png,train,0,1.5902777777777777,0.8680555555555556,0,97.54166666666667,0,0
tile_3.22_52.png,train,0,0,0,0,100.0,0,0
tile_3.22_53.png,train,0,0,0,0,100.0,0,0
tile_3.22_54.png,train,0,0,6.229166666666667,0,93.77083333333334,0,0
tile_3.22_55.png,train,66.45138888888889,0,8.034722222222221,25.513888888888893,0,0,0
tile_3.22_56.png,train,34.041666666666664,0,56.104166666666664,9.854166666666666,0,0,0
tile_3.22_57.png,train,0,0,71.65972222222223,1.9305555555555556,26.40972222222222,0,0
tile_3.22_58.png,train,0,0,37.86805555555556,0,62.13194444444444,0,0
tile_3.22_59.png,train,0,0,14.277777777777779,0,85.72222222222223,0,0
tile_3.22_6.png,train,0,0,1.6458333333333333,0,98.35416666666667,0,0
tile_3.22_60.png,train,0,0,0,0,100.0,0,0
tile_3.22_61.png,train,0,0,0,0,100.0,0,0
tile_3.22_62.png,train,0,0,0,0,100.0,0,0
tile_3.22_63.png,train,0,0,15.652777777777777,0,84.34722222222221,0,0
tile_3.22_64.png,train,62.34027777777777,0,1.8472222222222223,35.8125,0,0,0
tile_3.22_65.png,train,32.729166666666664,0,46.59027777777778,20.680555555555554,0,0,0
tile_3.22_66.png,train,2.256944444444444,0,78.85416666666667,3.0,15.88888888888889,0,0
tile_3.22_67.png,train,0,0.7083333333333333,44.5625,0,54.729166666666664,0,0
tile_3.22_68.png,train,0,0.7083333333333333,18.020833333333332,0,81.27083333333334,0,0
tile_3.22_69.png,train,0,0,9.270833333333334,0,90.72916666666667,0,0
tile_3.22_7.png,train,0,0,0,0,100.0,0,0
tile_3.22_70.png,train,0,0,1.7986111111111112,0,98.20138888888889,0,0
tile_3.22_71.png,train,0,0,0.09722222222222222,0,99.90277777777777,0,0
tile_3.22_72.png,train,0,0,22.770833333333336,0,77.22916666666667,0,0
tile_3.22_73.png,train,76.21527777777779,0.5625,0,23.22222222222222,0,0,0
tile_3.22_74.png,train,38.375,10.923611111111112,35.63194444444445,15.069444444444443,0,0,0
tile_3.22_75.png,train,2.9375,10.36111111111111,80.95833333333333,1.0694444444444444,4.673611111111111,0,0
tile_3.22_76.png,train,0,6.645833333333333,53.99305555555556,4.590277777777778,34.770833333333336,0,0
tile_3.22_77.png,train,0,6.722222222222222,16.29861111111111,5.243055555555555,71.73611111111111,0,0
tile_3.22_78.png,train,0,0.0763888888888889,11.54861111111111,0.6527777777777778,87.72222222222223,0,0
tile_3.22_79.png,train,0,0,7.243055555555555,0,92.75694444444444,0,0
tile_3.22_8.png,train,0,0.6458333333333334,0,0,99.35416666666667,0,0
tile_3.22_80.png,train,0,0,7.451388888888889,0,92.54861111111111,0,0
tile_3.22_81.png,train,0,0,18.67361111111111,0,81.32638888888889,0,0
tile_3.22_9.png,train,0,2.9583333333333335,0,0,97.04166666666667,0,0
tile_3.23_1.png,train,40.25694444444444,0,10.215277777777777,0.7013888888888888,36.38194444444444,12.444444444444445,0
tile_3.23_10.png,train,9.027777777777777,0,24.208333333333336,0,60.0,6.763888888888888,0
tile_3.23_11.png,train,0,0,42.6875,0,57.25694444444444,0.05555555555555555,0
tile_3.23_12.png,train,0,14.118055555555555,42.576388888888886,0,43.30555555555556,0,0
tile_3.23_13.png,train,0,35.65277777777778,22.256944444444443,0,42.09027777777778,0,0
tile_3.23_14.png,train,0,23.430555555555554,34.54861111111111,0,42.020833333333336,0,0
tile_3.23_15.png,train,0,1.8958333333333335,55.45833333333333,0,42.645833333333336,0,0
tile_3.23_16.png,train,0,0,56.784722222222214,0,43.21527777777778,0,0
tile_3.23_17.png,train,0,9.493055555555555,33.59027777777778,0,56.91666666666667,0,0
tile_3.23_18.png,train,0,25.09722222222222,9.694444444444445,0,65.20833333333333,0,0
tile_3.23_19.png,train,0,0,21.944444444444443,0,77.93055555555556,0.125,0
tile_3.23_2.png,train,6.763888888888888,11.131944444444445,45.36805555555555,0.7013888888888888,30.708333333333332,5.326388888888889,0
tile_3.23_20.png,train,0,0,18.020833333333332,0,81.97916666666667,0,0
tile_3.23_21.png,train,0,1.9583333333333335,11.208333333333332,0,86.83333333333333,0,0
tile_3.23_22.png,train,0,5.208333333333334,5.597222222222222,0,89.19444444444444,0,0
tile_3.23_23.png,train,0,3.5069444444444446,6.236111111111111,0,90.25694444444444,0,0
tile_3.23_24.png,train,0,0.2569444444444445,16.27777777777778,0,83.46527777777779,0,0
tile_3.23_25.png,train,0,0,28.875,0,71.125,0,0
tile_3.23_26.png,train,0,0,38.44444444444444,0,61.55555555555555,0,0
tile_3.23_27.png,train,0,0,47.6875,0,52.31249999999999,0,0
tile_3.23_28.png,train,0,0,8.722222222222223,0,91.27777777777779,0,0
tile_3.23_29.png,train,0,0,12.458333333333334,0,87.54166666666666,0,0
tile_3.23_3.png,train,0,28.999999999999996,67.47916666666667,0,3.5208333333333335,0,0
tile_3.23_30.png,train,0,0,9.79861111111111,0,90.20138888888889,0,0
tile_3.23_31.png,train,0,0,6.416666666666666,0,93.58333333333333,0,0
tile_3.23_32.png,train,0,0,23.02777777777778,0,76.97222222222221,0,0
tile_3.23_33.png,train,0,0,53.0625,0,46.9375,0,0
tile_3.23_34.png,train,0,0,70.5,0,29.5,0,0
tile_3.23_35.png,train,0,0,84.15972222222223,0,15.840277777777779,0,0
tile_3.23_36.png,train,0,0,95.05555555555556,0,4.944444444444445,0,0
tile_3.23_37.png,train,0,0,48.43055555555556,0,51.56944444444444,0,0
tile_3.23_38.png,train,0,0,53.11805555555556,0,46.88194444444444,0,0
tile_3.23_39.png,train,0,0,53.333333333333336,0,46.666666666666664,0,0
tile_3.23_4.png,train,0,37.138888888888886,62.861111111111114,0,0,0,0
tile_3.23_40.png,train,0,0,51.708333333333336,0,48.291666666666664,0,0
tile_3.23_41.png,train,0,0,69.45138888888889,0,30.548611111111114,0,0
tile_3.23_42.png,train,0,0,93.88194444444444,0,6.118055555555555,0,0
tile_3.23_43.png,train,0,0,93.94444444444444,0,6.055555555555555,0,0
tile_3.23_44.png,train,0,0,75.16666666666667,0,24.833333333333332,0,0
tile_3.23_45.png,train,0,0,72.13888888888889,0,27.861111111111107,0,0
tile_3.23_46.png,train,0,0,96.65277777777777,0,3.3472222222222223,0,0
tile_3.23_47.png,train,0,0,100.0,0,0,0,0
tile_3.23_48.png,train,0,0,100.0,0,0,0,0
tile_3.23_49.png,train,0,0,98.1875,0,1.8124999999999998,0,0
tile_3.23_5.png,train,0,20.993055555555557,79.00694444444444,0,0,0,0
tile_3.23_50.png,train,0,0,98.1875,0,1.8124999999999998,0,0
tile_3.23_51.png,train,0,0,100.0,0,0,0,0
tile_3.23_52.png,train,0,0,90.66666666666666,0,9.333333333333334,0,0
tile_3.23_53.png,train,0,0,62.0,0,38.0,0,0
tile_3.23_54.png,train,0,0,62.59722222222223,0,37.40277777777778,0,0
tile_3.23_55.png,train,0,0,100.0,0,0,0,0
tile_3.23_56.png,train,0,0,100.0,0,0,0,0
tile_3.23_57.png,train,0,0,100.0,0,0,0,0
tile_3.23_58.png,train,0,0,100.0,0,0,0,0
tile_3.23_59.png,train,0,0,100.0,0,0,0,0
tile_3.23_6.png,train,0,1.7222222222222223,98.27777777777777,0,0,0,0
tile_3.23_60.png,train,0,0,100.0,0,0,0,0
tile_3.23_61.png,train,0,0,96.19444444444444,0,3.805555555555556,0,0
tile_3.23_62.png,train,0,0,86.83333333333333,0,13.166666666666666,0,0
tile_3.23_63.png,train,0,0,90.04861111111111,0,9.95138888888889,0,0
tile_3.23_64.png,train,0,0,100.0,0,0,0,0
tile_3.23_65.png,train,0,0,100.0,0,0,0,0
tile_3.23_66.png,train,0,0,100.0,0,0,0,0
tile_3.23_67.png,train,0,0,100.0,0,0,0,0
tile_3.23_68.png,train,0,0,94.54166666666667,0,5.458333333333333,0,0
tile_3.23_69.png,train,0,0,87.04166666666666,0,12.958333333333332,0,0
tile_3.23_7.png,train,0,0,98.9375,0,1.0625,0,0
tile_3.23_70.png,train,0,0,85.0,0,15.0,0,0
tile_3.23_71.png,train,0,0,86.38888888888889,0,13.61111111111111,0,0
tile_3.23_72.png,train,0,0,93.88888888888889,0,6.111111111111111,0,0
tile_3.23_73.png,train,0,0,90.2361111111111,0,9.76388888888889,0,0
tile_3.23_74.png,train,0,0,100.0,0,0,0,0
tile_3.23_75.png,train,0,0,100.0,0,0,0,0
tile_3.23_76.png,train,0,0,100.0,0,0,0,0
tile_3.23_77.png,train,0,0,76.93055555555556,0,23.069444444444446,0,0
tile_3.23_78.png,train,0,0,44.43055555555556,0,55.56944444444445,0,0
tile_3.23_79.png,train,0,0,35.0,0,65.0,0,0
tile_3.23_8.png,train,0,11.95138888888889,76.84722222222223,0,11.20138888888889,0,0
tile_3.23_80.png,train,0,0,36.388888888888886,0,63.61111111111111,0,0
tile_3.23_81.png,train,0,0,51.88194444444445,0,48.11805555555556,0,0
tile_3.23_9.png,train,0,27.555555555555557,55.013888888888886,0,17.430555555555554,0,0
tile_3.25_1.png,train,0,0,100.0,0,0,0,0
tile_3.25_10.png,train,0,0,100.0,0,0,0,0
tile_3.25_11.png,train,0,0,100.0,0,0,0,0
tile_3.25_12.png,train,0,0,100.0,0,0,0,0
tile_3.25_13.png,train,0,0,98.47916666666666,0,1.5208333333333335,0,0
tile_3.25_14.png,train,0,0,95.46527777777779,0,4.534722222222222,0,0
tile_3.25_15.png,train,0,0,92.25694444444444,0,7.743055555555555,0,0
tile_3.25_16.png,train,0,0,90.6875,0,9.3125,0,0
tile_3.25_17.png,train,0,0,90.83333333333333,0,9.166666666666666,0,0
tile_3.25_18.png,train,0,0,90.83333333333333,0,9.166666666666666,0,0
tile_3.25_19.png,train,0,0,91.55555555555556,0,8.444444444444445,0,0
tile_3.25_2.png,train,0,0,100.0,0,0,0,0
tile_3.25_20.png,train,0,0,99.97222222222221,0,0.027777777777777776,0,0
tile_3.25_21.png,train,0,0,91.70833333333334,0,8.291666666666666,0,0
tile_3.25_22.png,train,0,0,65.22222222222223,0,34.77777777777778,0,0
tile_3.25_23.png,train,0,0,54.13194444444444,0,45.86805555555556,0,0
tile_3.25_24.png,train,0,0,59.80555555555556,0,40.19444444444444,0,0
tile_3.25_25.png,train,0,0,49.604166666666664,0,50.39583333333333,0,0
tile_3.25_26.png,train,0,0,40.833333333333336,0,59.166666666666664,0,0
tile_3.25_27.png,train,0,0,40.833333333333336,0,59.166666666666664,0,0
tile_3.25_28.png,train,0,0,58.770833333333336,0,41.229166666666664,0,0
tile_3.25_29.png,train,0,0,84.59722222222223,0,15.402777777777779,0,0
tile_3.25_3.png,train,0,0,100.0,0,0,0,0
tile_3.25_30.png,train,0,0,89.40277777777777,0,10.597222222222221,0,0
tile_3.25_31.png,train,0,0,57.21527777777777,0,42.78472222222222,0,0
tile_3.25_32.png,train,0,0,37.32638888888889,0,62.673611111111114,0,0
tile_3.25_33.png,train,0,0,40.84722222222222,0,59.15277777777778,0,0
tile_3.25_34.png,train,0,0,22.77777777777778,0,77.22222222222223,0,0
tile_3.25_35.png,train,0,0,7.5,0,92.5,0,0
tile_3.25_36.png,train,0,0,7.5,0,92.5,0,0
tile_3.25_37.png,train,0,0,17.215277777777775,0,82.78472222222221,0,0
tile_3.25_38.png,train,0,0,35.0,0,65.0,0,0
tile_3.25_39.png,train,0,0,58.56944444444444,0,41.43055555555556,0,0
tile_3.25_4.png,train,0,0,100.0,0,0,0,0
tile_3.25_40.png,train,0,0,74.11805555555556,0,25.881944444444443,0,0
tile_3.25_41.png,train,0,0,74.75,0,25.25,0,0
tile_3.25_42.png,train,0,0,57.86111111111111,0,42.138888888888886,0,0
tile_3.25_43.png,train,0,0,27.77777777777778,0,72.22222222222221,0,0
tile_3.25_44.png,train,0,0,9.79861111111111,0,90.20138888888889,0,0
tile_3.25_45.png,train,0,0,7.5,0,92.5,0,0
tile_3.25_46.png,train,0,0,25.82638888888889,0,74.17361111111111,0,0
tile_3.25_47.png,train,0,0,26.687499999999996,0,73.3125,0,0
tile_3.25_48.png,train,0,0,37.875,0,62.125,0,0
tile_3.25_49.png,train,0,0,63.1875,0,36.8125,0,0
tile_3.25_5.png,train,0,0,100.0,0,0,0,0
tile_3.25_50.png,train,0,0,86.96527777777779,0,13.034722222222223,0,0
tile_3.25_51.png,train,0,0,84.5625,0,15.437500000000002,0,0
tile_3.25_52.png,train,0,0,63.479166666666664,0,36.520833333333336,0,0
tile_3.25_53.png,train,0,0,45.21527777777778,0,54.78472222222223,0,0
tile_3.25_54.png,train,0,0,32.63888888888889,0,67.36111111111111,0,0
tile_3.25_55.png,train,0,0,75.82638888888889,0,24.17361111111111,0,0
tile_3.25_56.png,train,0,0,76.3125,0,23.6875,0,0
tile_3.25_57.png,train,0,0,77.0,0,23.0,0,0
tile_3.25_58.png,train,0,0,79.54166666666667,0,20.458333333333336,0,0
tile_3.25_59.png,train,0,0,90.875,0,9.125,0,0
tile_3.25_6.png,train,0,0,100.0,0,0,0,0
tile_3.25_60.png,train,0,0,100.0,0,0,0,0
tile_3.25_61.png,train,0,0,99.5625,0,0.43750000000000006,0,0
tile_3.25_62.png,train,0,0,92.91666666666667,0,7.083333333333333,0,0
tile_3.25_63.png,train,0,0,82.63888888888889,0,17.36111111111111,0,0
tile_3.25_64.png,train,0,0,82.84027777777779,0,17.159722222222225,0,0
tile_3.25_65.png,train,0,0,82.5,0,17.5,0,0
tile_3.25_66.png,train,0,0,82.5,0,17.5,0,0
tile_3.25_67.png,train,0,0,82.5,0,17.5,0,0
tile_3.25_68.png,train,0,0,82.38888888888889,0,17.61111111111111,0,0
tile_3.25_69.png,train,0,0,81.97222222222223,0,18.02777777777778,0,0
tile_3.25_7.png,train,0,0,100.0,0,0,0,0
tile_3.25_70.png,train,0,0,81.28472222222223,0,18.71527777777778,0,0
tile_3.25_71.png,train,0,0,80.86805555555556,0,19.131944444444443,0,0
tile_3.25_72.png,train,0,0,80.53472222222223,0,19.46527777777778,0,0
tile_3.25_73.png,train,0,0,32.84027777777778,0,67.15972222222221,0,0
tile_3.25_74.png,train,0,0,32.5,0,67.5,0,0
tile_3.25_75.png,train,0,0,32.5,0,67.5,0,0
tile_3.25_76.png,train,0,0,32.5,0,67.5,0,0
tile_3.25_77.png,train,0,0,32.388888888888886,0,67.61111111111111,0,0
tile_3.25_78.png,train,0,0,31.972222222222225,0,68.02777777777777,0,0
tile_3.25_79.png,train,0,0,31.28472222222222,0,68.71527777777777,0,0
tile_3.25_8.png,train,0,0,100.0,0,0,0,0
tile_3.25_80.png,train,0,0,30.868055555555557,0,69.13194444444444,0,0
tile_3.25_81.png,train,0,0,30.53472222222222,0,69.46527777777777,0,0
tile_3.25_9.png,train,0,0,100.0,0,0,0,0
tile_3.28_1.png,train,0,0,99.63888888888889,0,0.3611111111111111,0,0
tile_3.28_10.png,train,0,0,88.81944444444444,0,11.180555555555555,0,0
tile_3.28_11.png,train,0,0,90.30555555555554,0,9.694444444444445,0,0
tile_3.28_12.png,train,0,0,93.71527777777777,0,6.284722222222222,0,0
tile_3.28_13.png,train,0,0,98.08333333333333,0,1.9166666666666665,0,0
tile_3.28_14.png,train,0,0,100.0,0,0,0,0
tile_3.28_15.png,train,0,0,100.0,0,0,0,0
tile_3.28_16.png,train,0,0,100.0,0,0,0,0
tile_3.28_17.png,train,0,0,99.81944444444444,0,0.18055555555555555,0,0
tile_3.28_18.png,train,0,0,97.02777777777779,0,2.9722222222222223,0,0
tile_3.28_19.png,train,0,0,38.81944444444444,0,61.18055555555556,0,0
tile_3.28_2.png,train,0,0,77.26388888888889,0,22.736111111111114,0,0
tile_3.28_20.png,train,0,0,40.30555555555556,0,59.69444444444445,0,0
tile_3.28_21.png,train,0,0,44.083333333333336,0,55.91666666666667,0,0
tile_3.28_22.png,train,0,0,62.31250000000001,0,37.6875,0,0
tile_3.28_23.png,train,0,0,88.86111111111111,0,11.13888888888889,0,0
tile_3.28_24.png,train,0,0,100.0,0,0,0,0
tile_3.28_25.png,train,0,0,95.53472222222223,0,4.465277777777778,0,0
tile_3.28_26.png,train,0,0,70.99305555555556,0,29.006944444444443,0,0
tile_3.28_27.png,train,0,0,51.81944444444444,0,48.18055555555556,0,0
tile_3.28_28.png,train,0,0,10.006944444444445,0,89.99305555555556,0,0
tile_3.28_29.png,train,0,0,10.0,0,90.0,0,0
tile_3.28_3.png,train,0,0,63.798611111111114,0,36.20138888888889,0,0
tile_3.28_30.png,train,0,0,9.993055555555555,0,90.00694444444444,0,0
tile_3.28_31.png,train,0,0,23.805555555555554,0,76.19444444444444,0,0
tile_3.28_32.png,train,0,0,61.33333333333333,0,38.666666666666664,0,0
tile_3.28_33.png,train,0,0,92.52083333333333,0,7.479166666666667,0,0
tile_3.28_34.png,train,0,0,95.53472222222223,0,4.465277777777778,0,0
tile_3.28_35.png,train,0,0,58.340277777777786,0,41.65972222222222,0,0
tile_3.28_36.png,train,0,0,21.666666666666668,0,78.33333333333333,0,0
tile_3.28_37.png,train,0,0,10.006944444444445,0,89.99305555555556,0,0
tile_3.28_38.png,train,0,0,10.0,0,90.0,0,0
tile_3.28_39.png,train,0,0,9.625,0,90.375,0,0
tile_3.28_4.png,train,0,0,85.88888888888889,0,14.11111111111111,0,0
tile_3.28_40.png,train,0,0,9.57638888888889,0,90.42361111111111,0,0
tile_3.28_41.png,train,0,0,22.930555555555557,0,77.06944444444444,0,0
tile_3.28_42.png,train,0,0,61.416666666666664,0,38.58333333333333,0,0
tile_3.28_43.png,train,0,0,93.4375,0,6.5625,0,0
tile_3.28_44.png,train,0,0,86.47916666666666,0,13.520833333333334,0,0
tile_3.28_45.png,train,0,0,48.72916666666667,0,51.27083333333333,0,0
tile_3.28_46.png,train,0,0,31.472222222222225,0,68.52777777777777,0,0
tile_3.28_47.png,train,0,0,31.666666666666664,0,68.33333333333333,0,0
tile_3.28_48.png,train,0,0,31.666666666666664,0,68.33333333333333,0,0
tile_3.28_49.png,train,0,0,31.666666666666664,0,68.33333333333333,0,0
tile_3.28_5.png,train,0,0,99.71527777777777,0,0.2847222222222222,0,0
tile_3.28_50.png,train,0,0,32.125,0,67.875,0,0
tile_3.28_51.png,train,0,0,53.1875,0,46.8125,0,0
tile_3.28_52.png,train,0,0,86.89583333333334,0,13.104166666666666,0,0
tile_3.28_53.png,train,0,0,99.3125,0,0.6875,0,0
tile_3.28_54.png,train,0,0,81.56944444444446,0,18.430555555555557,0,0
tile_3.28_55.png,train,0,0,81.47222222222223,0,18.52777777777778,0,0
tile_3.28_56.png,train,0,0,81.66666666666667,0,18.333333333333332,0,0
tile_3.28_57.png,train,0,0,81.66666666666667,0,18.333333333333332,0,0
tile_3.28_58.png,train,0,0,81.66666666666667,0,18.333333333333332,0,0
tile_3.28_59.png,train,0,0,81.66666666666667,0,18.333333333333332,0,0
tile_3.28_6.png,train,0,0,92.47222222222223,0,7.527777777777778,0,0
tile_3.28_60.png,train,0,0,84.29166666666667,0,15.708333333333332,0,0
tile_3.28_61.png,train,0,0,93.45833333333333,0,6.541666666666666,0,0
tile_3.28_62.png,train,0,0,100.0,0,0,0,0
tile_3.28_63.png,train,0,0,99.71527777777777,0,0.2847222222222222,0,0
tile_3.28_64.png,train,0,0,78.33333333333333,0,21.666666666666668,0,0
tile_3.28_65.png,train,0,0,78.33333333333333,0,21.666666666666668,0,0
tile_3.28_66.png,train,0,0,78.33333333333333,0,21.666666666666668,0,0
tile_3.28_67.png,train,0,0,78.33333333333333,0,21.666666666666668,0,0
tile_3.28_68.png,train,0,0,78.33333333333333,0,21.666666666666668,0,0
tile_3.28_69.png,train,0,0,78.33333333333333,0,21.666666666666668,0,0
tile_3.28_7.png,train,0,0,73.875,0,26.125,0,0
tile_3.28_70.png,train,0,0,77.97222222222221,0,22.027777777777775,0,0
tile_3.28_71.png,train,0,0,77.22222222222223,0,22.77777777777778,0,0
tile_3.28_72.png,train,0,0,79.58333333333333,0,20.416666666666668,0,0
tile_3.28_73.png,train,0,0,28.333333333333332,0,71.66666666666667,0,0
tile_3.28_74.png,train,0,0,28.333333333333332,0,71.66666666666667,0,0
tile_3.28_75.png,train,0,0,28.333333333333332,0,71.66666666666667,0,0
tile_3.28_76.png,train,0,0,28.333333333333332,0,71.66666666666667,0,0
tile_3.28_77.png,train,0,0,28.333333333333332,0,71.66666666666667,0,0
tile_3.28_78.png,train,0,0,28.333333333333332,0,71.66666666666667,0,0
tile_3.28_79.png,train,0,0,27.97222222222222,0,72.02777777777779,0,0
tile_3.28_8.png,train,0,0,69.38888888888889,0,30.61111111111111,0,0
tile_3.28_80.png,train,0,0,27.22222222222222,0,72.77777777777777,0,0
tile_3.28_81.png,train,0,0,29.583333333333332,0,70.41666666666667,0,0
tile_3.28_9.png,train,0,0,87.98611111111111,0,12.01388888888889,0,0
tile_3.34_1.png,train,0,0,0,0,100.0,0,0
tile_3.34_10.png,train,0,0.20833333333333334,13.583333333333334,0,86.20833333333333,0,0
tile_3.34_11.png,train,0,0,12.722222222222221,0,87.27777777777777,0,0
tile_3.34_12.png,train,0,0,11.5625,0,88.4375,0,0
tile_3.34_13.png,train,0,0,10.847222222222221,0,89.15277777777779,0,0
tile_3.34_14.png,train,0,0,10.923611111111112,0,89.07638888888889,0,0
tile_3.34_15.png,train,0,0,11.340277777777779,0,88.65972222222223,0,0
tile_3.34_16.png,train,0,0,11.5625,0,88.4375,0,0
tile_3.34_17.png,train,0,0,11.42361111111111,0,88.57638888888889,0,0
tile_3.34_18.png,train,0,0,12.01388888888889,0,87.98611111111111,0,0
tile_3.34_19.png,train,0,5.076388888888888,13.583333333333334,0,75.63888888888889,5.701388888888889,0
tile_3.34_2.png,train,0,0,0,0,100.0,0,0
tile_3.34_20.png,train,0,0,12.722222222222221,0,87.27777777777777,0,0
tile_3.34_21.png,train,0,0,11.5625,0,88.4375,0,0
tile_3.34_22.png,train,0,0,10.847222222222221,0,89.15277777777779,0,0
tile_3.34_23.png,train,0,0,10.923611111111112,0,89.07638888888889,0,0
tile_3.34_24.png,train,0,0,11.340277777777779,0,88.65972222222223,0,0
tile_3.34_25.png,train,0,0,11.5625,0,88.4375,0,0
tile_3.34_26.png,train,0,0,11.42361111111111,0,88.57638888888889,0,0
tile_3.34_27.png,train,0,0,12.01388888888889,0,87.98611111111111,0,0
tile_3.34_28.png,train,11.458333333333332,7.000000000000001,0,0,70.54166666666667,11.0,0
tile_3.34_29.png,train,10.01388888888889,0,0,0,89.98611111111111,0,0
tile_3.34_3.png,train,0,0,0,0,100.0,0,0
tile_3.34_30.png,train,7.333333333333333,0,0,0,92.66666666666666,0,0
tile_3.34_31.png,train,1.8958333333333335,0,0,0,98.10416666666667,0,0
tile_3.34_32.png,train,0,0,0,0,100.0,0,0
tile_3.34_33.png,train,0,0,0,0,100.0,0,0
tile_3.34_34.png,train,0,0,0,0,100.0,0,0
tile_3.34_35.png,train,4.381944444444445,0,0,0,95.61805555555556,0,0
tile_3.34_36.png,train,8.118055555555555,0,0,0,91.88194444444444,0,0
tile_3.34_37.png,train,61.354166666666664,2.131944444444444,0,0,31.21527777777778,5.298611111111111,0
tile_3.34_38.png,train,59.909722222222214,0,0,0,40.09027777777778,0,0
tile_3.34_39.png,train,41.30555555555556,0,0,0,58.69444444444445,0,0
tile_3.34_4.png,train,0,0,0,0,100.0,0,0
tile_3.34_40.png,train,10.868055555555555,0,0,0,89.13194444444444,0,0
tile_3.34_41.png,train,0,0,0,0,100.0,0,0
tile_3.34_42.png,train,17.993055555555557,0,0,0,82.00694444444444,0,0
tile_3.34_43.png,train,32.74305555555556,0,0,0,67.25694444444444,0,0
tile_3.34_44.png,train,44.03472222222222,0,0,0,55.96527777777778,0,0
tile_3.34_45.png,train,58.020833333333336,0,0,0,41.979166666666664,0,0
tile_3.34_46.png,train,99.89583333333333,0,0,0,0.10416666666666667,0,0
tile_3.34_47.png,train,99.89583333333333,0,0,0,0.10416666666666667,0,0
tile_3.34_48.png,train,67.83333333333333,0,0,0,32.166666666666664,0,0
tile_3.34_49.png,train,27.930555555555554,0,0,0,72.06944444444444,0,0
tile_3.34_5.png,train,0,0,0,0,100.0,0,0
tile_3.34_50.png,train,29.09027777777778,0,0,0,70.90972222222223,0,0
tile_3.34_51.png,train,61.88888888888889,0,0,0,38.111111111111114,0,0
tile_3.34_52.png,train,82.64583333333333,0,0,0,17.354166666666668,0,0
tile_3.34_53.png,train,89.65277777777779,0,0,0,10.347222222222221,0,0
tile_3.34_54.png,train,99.90277777777777,0,0,0,0.09722222222222222,0,0
tile_3.34_55.png,train,100.0,0,0,0,0,0,0
tile_3.34_56.png,train,100.0,0,0,0,0,0,0
tile_3.34_57.png,train,64.26388888888889,0,0,0,35.736111111111114,0,0
tile_3.34_58.png,train,38.86805555555555,0,0,0,61.13194444444444,0,0
tile_3.34_59.png,train,68.59722222222221,0,0,0,31.40277777777778,0,0
tile_3.34_6.png,train,0,0,0,0,100.0,0,0
tile_3.34_60.png,train,93.89583333333333,0,0,0,6.104166666666667,0,0
tile_3.34_61.png,train,99.90277777777777,0,0,0,0.09722222222222222,0,0
tile_3.34_62.png,train,100.0,0,0,0,0,0,0
tile_3.34_63.png,train,100.0,0,0,0,0,0,0
tile_3.34_64.png,train,82.13194444444444,0,0,9.444444444444445,8.42361111111111,0,0
tile_3.34_65.png,train,77.28472222222223,0,0,11.305555555555555,11.409722222222223,0,0
tile_3.34_66.png,train,64.99305555555556,0,0,1.861111111111111,33.145833333333336,0,0
tile_3.34_67.png,train,52.979166666666664,0,0,0,47.020833333333336,0,0
tile_3.34_68.png,train,83.13888888888889,0,0,0,16.86111111111111,0,0
tile_3.34_69.png,train,100.0,0,0,0,0,0,0
tile_3.34_7.png,train,0,0,0,0,100.0,0,0
tile_3.34_70.png,train,100.0,0,0,0,0,0,0
tile_3.34_71.png,train,100.0,0,0,0,0,0,0
tile_3.34_72.png,train,100.0,0,0,0,0,0,0
tile_3.34_73.png,train,79.15277777777779,0,0,12.423611111111112,8.42361111111111,0,0
tile_3.34_74.png,train,61.020833333333336,0,0,14.444444444444443,24.53472222222222,0,0
tile_3.34_75.png,train,58.895833333333336,0,0,6.909722222222222,34.19444444444444,0,0
tile_3.34_76.png,train,70.65972222222221,0,0,4.888888888888889,24.45138888888889,0,0
tile_3.34_77.png,train,93.63194444444444,0,0,0,6.368055555555556,0,0
tile_3.34_78.png,train,100.0,0,0,0,0,0,0
tile_3.34_79.png,train,100.0,0,0,0,0,0,0
tile_3.34_8.png,train,0,0,0,0,100.0,0,0
tile_3.34_80.png,train,100.0,0,0,0,0,0,0
tile_3.34_81.png,train,95.72222222222221,0,0,4.277777777777778,0,0,0
tile_3.34_9.png,train,0,0,0,0,100.0,0,0
tile_3.35_1.png,train,0,0,0,0,100.0,0,0
tile_3.35_10.png,train,0,0,11.54861111111111,0,88.4513888888889,0,0
tile_3.35_11.png,train,0,0,10.902777777777779,0,89.09722222222223,0,0
tile_3.35_12.png,train,3.5694444444444446,0,10.51388888888889,0,85.91666666666666,0,0
tile_3.35_13.png,train,6.423611111111111,0,12.055555555555555,0,81.52083333333333,0,0
tile_3.35_14.png,train,5.409722222222222,0,13.645833333333332,0,80.94444444444444,0,0
tile_3.35_15.png,train,5.347222222222222,0,13.291666666666666,0,81.3611111111111,0,0
tile_3.35_16.png,train,4.694444444444444,0,13.305555555555557,0,82.0,0,0
tile_3.35_17.png,train,3.152777777777778,0,14.381944444444445,0,82.46527777777779,0,0
tile_3.35_18.png,train,2.5,0,14.534722222222221,0,82.96527777777779,0,0
tile_3.35_19.png,train,0,0,11.54861111111111,0,88.4513888888889,0,0
tile_3.35_2.png,train,0,0,0,0,100.0,0,0
tile_3.35_20.png,train,0,0,10.902777777777779,0,89.09722222222223,0,0
tile_3.35_21.png,train,25.23611111111111,0,10.51388888888889,0,64.25,0,0
tile_3.35_22.png,train,53.09027777777777,0,12.055555555555555,0,34.85416666666667,0,0
tile_3.35_23.png,train,55.40972222222222,0,13.645833333333332,0,30.944444444444446,0,0
tile_3.35_24.png,train,55.34722222222223,0,13.291666666666666,0,31.36111111111111,0,0
tile_3.35_25.png,train,54.69444444444444,0,13.305555555555557,0,32.0,0,0
tile_3.35_26.png,train,53.152777777777786,0,14.381944444444445,0,32.46527777777778,0,0
tile_3.35_27.png,train,52.5,0,14.534722222222221,0,32.96527777777778,0,0
tile_3.35_28.png,train,14.659722222222221,0,0,0,85.34027777777777,0,0
tile_3.35_29.png,train,24.291666666666668,0,0,0,75.70833333333333,0,0
tile_3.35_3.png,train,0,0,0,0,100.0,0,0
tile_3.35_30.png,train,58.59722222222222,0,0,0,41.40277777777778,0,0
tile_3.35_31.png,train,95.27777777777777,0,0,0,4.722222222222222,0,0
tile_3.35_32.png,train,100.0,0,0,0,0,0,0
tile_3.35_33.png,train,100.0,0,0,0,0,0,0
tile_3.35_34.png,train,100.0,0,0,0,0,0,0
tile_3.35_35.png,train,100.0,0,0,0,0,0,0
tile_3.35_36.png,train,100.0,0,0,0,0,0,0
tile_3.35_37.png,train,64.65972222222223,0,0,0,35.34027777777778,0,0
tile_3.35_38.png,train,74.29166666666667,0,0,0,25.708333333333332,0,0
tile_3.35_39.png,train,86.93055555555556,0,0,0,13.069444444444445,0,0
tile_3.35_4.png,train,0,0,0,0,100.0,0,0
tile_3.35_40.png,train,98.61111111111111,0,0,0,1.3888888888888888,0,0
tile_3.35_41.png,train,100.0,0,0,0,0,0,0
tile_3.35_42.png,train,100.0,0,0,0,0,0,0
tile_3.35_43.png,train,100.0,0,0,0,0,0,0
tile_3.35_44.png,train,100.0,0,0,0,0,0,0
tile_3.35_45.png,train,100.0,0,0,0,0,0,0
tile_3.35_46.png,train,100.0,0,0,0,0,0,0
tile_3.35_47.png,train,100.0,0,0,0,0,0,0
tile_3.35_48.png,train,100.0,0,0,0,0,0,0
tile_3.35_49.png,train,100.0,0,0,0,0,0,0
tile_3.35_5.png,train,0,0,0,0,100.0,0,0
tile_3.35_50.png,train,100.0,0,0,0,0,0,0
tile_3.35_51.png,train,100.0,0,0,0,0,0,0
tile_3.35_52.png,train,100.0,0,0,0,0,0,0
tile_3.35_53.png,train,100.0,0,0,0,0,0,0
tile_3.35_54.png,train,100.0,0,0,0,0,0,0
tile_3.35_55.png,train,100.0,0,0,0,0,0,0
tile_3.35_56.png,train,100.0,0,0,0,0,0,0
tile_3.35_57.png,train,100.0,0,0,0,0,0,0
tile_3.35_58.png,train,100.0,0,0,0,0,0,0
tile_3.35_59.png,train,100.0,0,0,0,0,0,0
tile_3.35_6.png,train,0,0,0,0,100.0,0,0
tile_3.35_60.png,train,100.0,0,0,0,0,0,0
tile_3.35_61.png,train,100.0,0,0,0,0,0,0
tile_3.35_62.png,train,100.0,0,0,0,0,0,0
tile_3.35_63.png,train,100.0,0,0,0,0,0,0
tile_3.35_64.png,train,99.70138888888889,0,0,0.2986111111111111,0,0,0
tile_3.35_65.png,train,100.0,0,0,0,0,0,0
tile_3.35_66.png,train,100.0,0,0,0,0,0,0
tile_3.35_67.png,train,100.0,0,0,0,0,0,0
tile_3.35_68.png,train,100.0,0,0,0,0,0,0
tile_3.35_69.png,train,100.0,0,0,0,0,0,0
tile_3.35_7.png,train,0,0,0,0,100.0,0,0
tile_3.35_70.png,train,100.0,0,0,0,0,0,0
tile_3.35_71.png,train,100.0,0,0,0,0,0,0
tile_3.35_72.png,train,91.45833333333333,8.541666666666666,0,0,0,0,0
tile_3.35_73.png,train,87.94444444444444,0,0,12.055555555555555,0,0,0
tile_3.35_74.png,train,98.84722222222221,0,0,1.1527777777777777,0,0,0
tile_3.35_75.png,train,100.0,0,0,0,0,0,0
tile_3.35_76.png,train,100.0,0,0,0,0,0,0
tile_3.35_77.png,train,100.0,0,0,0,0,0,0
tile_3.35_78.png,train,100.0,0,0,0,0,0,0
tile_3.35_79.png,train,100.0,0,0,0,0,0,0
tile_3.35_8.png,train,0,0,0,0,100.0,0,0
tile_3.35_80.png,train,98.43055555555556,1.5694444444444444,0,0,0,0,0
tile_3.35_81.png,train,70.35416666666666,29.645833333333332,0,0,0,0,0
tile_3.35_9.png,train,0,0,0,0,100.0,0,0
tile_3.39_1.png,train,0,0,67.54861111111111,0,32.451388888888886,0,0
tile_3.39_10.png,train,0,0,98.57638888888889,0,1.4236111111111112,0,0
tile_3.39_11.png,train,0,0,98.57638888888889,0,1.4236111111111112,0,0
tile_3.39_12.png,train,0,0,96.22222222222221,0,0,0,3.7777777777777777
tile_3.39_13.png,train,0,0,91.92361111111111,0,0.25,0,7.826388888888888
tile_3.39_14.png,train,0,0,81.05555555555556,0,14.895833333333334,0,4.048611111111111
tile_3.39_15.png,train,0,0,70.35416666666666,0,29.645833333333332,0,0
tile_3.39_16.png,train,0,0,66.90972222222223,0,33.09027777777778,0,0
tile_3.39_17.png,train,0,0,57.47222222222222,0,42.52777777777778,0,0
tile_3.39_18.png,train,0,0,56.923611111111114,0,43.076388888888886,0,0
tile_3.39_19.png,train,0,0,100.0,0,0,0,0
tile_3.39_2.png,train,0,0,89.21527777777779,0,10.784722222222221,0,0
tile_3.39_20.png,train,0,0,100.0,0,0,0,0
tile_3.39_21.png,train,0,0,99.98611111111111,0,0,0,0.013888888888888888
tile_3.39_22.png,train,0,0,99.69444444444444,0,0,0,0.3055555555555556
tile_3.39_23.png,train,0,0,99.70833333333333,0,0,0,0.2916666666666667
tile_3.39_24.png,train,0,0,99.86805555555556,0,0.13194444444444445,0,0
tile_3.39_25.png,train,0,0,98.11111111111111,0,1.8888888888888888,0,0
tile_3.39_26.png,train,0,0,97.25,0,2.75,0,0
tile_3.39_27.png,train,0,0,99.00694444444444,0,0.9930555555555556,0,0
tile_3.39_28.png,train,0,0,100.0,0,0,0,0
tile_3.39_29.png,train,0,0,100.0,0,0,0,0
tile_3.39_3.png,train,0,0,96.23611111111111,0,0,0,3.763888888888889
tile_3.39_30.png,train,0,0,100.0,0,0,0,0
tile_3.39_31.png,train,0,0,100.0,0,0,0,0
tile_3.39_32.png,train,0,0,100.0,0,0,0,0
tile_3.39_33.png,train,0,0,100.0,0,0,0,0
tile_3.39_34.png,train,0,0,100.0,0,0,0,0
tile_3.39_35.png,train,0,0,97.8263888888889,0,2.173611111111111,0,0
tile_3.39_36.png,train,0,0,78.5,0,21.5,0,0
tile_3.39_37.png,train,0,0,100.0,0,0,0,0
tile_3.39_38.png,train,0,0,100.0,0,0,0,0
tile_3.39_39.png,train,0,0,100.0,0,0,0,0
tile_3.39_4.png,train,0,0,82.57638888888889,0,9.902777777777779,0,7.520833333333334
tile_3.39_40.png,train,0,0,100.0,0,0,0,0
tile_3.39_41.png,train,0,0,100.0,0,0,0,0
tile_3.39_42.png,train,0,0,100.0,0,0,0,0
tile_3.39_43.png,train,0,0,100.0,0,0,0,0
tile_3.39_44.png,train,0,0,97.8263888888889,0,2.173611111111111,0,0
tile_3.39_45.png,train,0,0,70.29861111111111,0,29.701388888888893,0,0
tile_3.39_46.png,train,0,0,100.0,0,0,0,0
tile_3.39_47.png,train,0,0,100.0,0,0,0,0
tile_3.39_48.png,train,0,0,100.0,0,0,0,0
tile_3.39_49.png,train,0,0,100.0,0,0,0,0
tile_3.39_5.png,train,0,0,53.833333333333336,0,42.40972222222222,0,3.7569444444444446
tile_3.39_50.png,train,0,0,100.0,0,0,0,0
tile_3.39_51.png,train,0,0,100.0,0,0,0,0
tile_3.39_52.png,train,0,0,100.0,0,0,0,0
tile_3.39_53.png,train,0,0,100.0,0,0,0,0
tile_3.39_54.png,train,0,0,91.5,0,8.20138888888889,0,0.2986111111111111
tile_3.39_55.png,train,0,0,100.0,0,0,0,0
tile_3.39_56.png,train,0,0,100.0,0,0,0,0
tile_3.39_57.png,train,0,0,100.0,0,0,0,0
tile_3.39_58.png,train,0,0,100.0,0,0,0,0
tile_3.39_59.png,train,0,0,92.74305555555556,0,0,0,7.256944444444445
tile_3.39_6.png,train,0,0,47.64583333333333,0,52.35416666666667,0,0
tile_3.39_60.png,train,0,0,90.29166666666667,0,0,0,9.708333333333332
tile_3.39_61.png,train,0,0,97.54861111111111,0,0,0,2.4513888888888893
tile_3.39_62.png,train,0,0,100.0,0,0,0,0
tile_3.39_63.png,train,0,0,90.84722222222223,0,0,0,9.152777777777779
tile_3.39_64.png,train,0,17.90277777777778,82.09722222222223,0,0,0,0
tile_3.39_65.png,train,0,20.159722222222225,79.84027777777779,0,0,0,0
tile_3.39_66.png,train,0,22.368055555555554,77.63194444444444,0,0,0,0
tile_3.39_67.png,train,0,25.993055555555557,74.00694444444444,0,0,0,0
tile_3.39_68.png,train,0,26.770833333333332,63.61805555555555,0,0,0,9.61111111111111
tile_3.39_69.png,train,0,27.5625,60.04166666666667,0,0,0,12.395833333333334
tile_3.39_7.png,train,0,0,42.951388888888886,0,57.048611111111114,0,0
tile_3.39_70.png,train,0,31.305555555555554,65.90972222222223,0,0,0,2.7847222222222223
tile_3.39_71.png,train,0,34.39583333333333,65.60416666666666,0,0,0,0
tile_3.39_72.png,train,0,26.48611111111111,64.63194444444444,0,0,0,8.881944444444445
tile_3.39_73.png,train,0,67.90277777777777,32.09722222222222,0,0,0,0
tile_3.39_74.png,train,0,70.15972222222221,29.84027777777778,0,0,0,0
tile_3.39_75.png,train,0,72.36805555555556,27.631944444444446,0,0,0,0
tile_3.39_76.png,train,0,75.99305555555556,24.006944444444443,0,0,0,0
tile_3.39_77.png,train,0,76.77083333333333,20.875,0,0,0,2.3541666666666665
tile_3.39_78.png,train,0,77.5625,19.75,0,0,0,2.6875
tile_3.39_79.png,train,0,81.30555555555556,18.36111111111111,0,0,0,0.33333333333333337
tile_3.39_8.png,train,0,0,15.611111111111112,0,84.38888888888889,0,0
tile_3.39_80.png,train,0,84.39583333333334,15.604166666666666,0,0,0,0
tile_3.39_81.png,train,0,66.59722222222221,33.375,0,0,0,0.027777777777777776
tile_3.39_9.png,train,0,0,26.784722222222225,0,73.21527777777777,0,0
tile_3.7_1.png,train,0,0,93.98611111111111,0,6.013888888888888,0,0
tile_3.7_10.png,train,0,0,65.56944444444444,0,34.43055555555555,0,0
tile_3.7_11.png,train,0,0,86.29166666666667,0,6.180555555555555,0,7.527777777777778
tile_3.7_12.png,train,0,0,85.1875,0,7.284722222222221,0,7.527777777777778
tile_3.7_13.png,train,0,0,93.47916666666667,0,6.520833333333333,0,0
tile_3.7_14.png,train,0,0,98.0486111111111,0,1.951388888888889,0,0
tile_3.7_15.png,train,0,0,98.0486111111111,0,1.951388888888889,0,0
tile_3.7_16.png,train,0,0,92.125,0,7.875,0,0
tile_3.7_17.png,train,0,0,71.13194444444444,0,28.868055555555554,0,0
tile_3.7_18.png,train,0,0,65.22916666666667,0,34.770833333333336,0,0
tile_3.7_19.png,train,0,0,22.48611111111111,0,77.5138888888889,0,0
tile_3.7_2.png,train,0,0,80.375,0,18.833333333333332,0,0.7916666666666667
tile_3.7_20.png,train,0,0,58.59722222222222,0,34.66666666666667,0,6.736111111111111
tile_3.7_21.png,train,0,0,87.56944444444444,0,5.694444444444445,0,6.736111111111111
tile_3.7_22.png,train,0,0,100.0,0,0,0,0
tile_3.7_23.png,train,0,0,100.0,0,0,0,0
tile_3.7_24.png,train,0,0,94.99305555555554,0,5.006944444444445,0,0
tile_3.7_25.png,train,0,0,67.38888888888889,0,32.611111111111114,0,0
tile_3.7_26.png,train,0,0,27.520833333333332,0,72.47916666666666,0,0
tile_3.7_27.png,train,0,0,16.34722222222222,0,83.65277777777777,0,0
tile_3.7_28.png,train,0,0,8.54861111111111,0,91.45138888888889,0,0
tile_3.7_29.png,train,0,0,22.069444444444443,0,77.93055555555556,0,0
tile_3.7_3.png,train,0,0,63.28472222222222,0,35.92361111111111,0,0.7916666666666667
tile_3.7_30.png,train,0,0,64.96527777777777,0,35.03472222222222,0,0
tile_3.7_31.png,train,0,0,94.34027777777779,0,5.659722222222222,0,0
tile_3.7_32.png,train,0,0,100.0,0,0,0,0
tile_3.7_33.png,train,0,0,92.53472222222221,0,7.465277777777778,0,0
tile_3.7_34.png,train,0,0,49.68055555555556,0,50.31944444444445,0,0
tile_3.7_35.png,train,0,0,13.756944444444445,0,86.24305555555556,0,0
tile_3.7_36.png,train,0,0,7.909722222222222,0,92.09027777777777,0,0
tile_3.7_37.png,train,0,0,38.82638888888889,0,61.173611111111114,0,0
tile_3.7_38.png,train,0,0,8.708333333333334,0,91.29166666666667,0,0
tile_3.7_39.png,train,0,0,30.583333333333336,0,69.41666666666667,0,0
tile_3.7_4.png,train,0,0,82.36805555555556,0,17.631944444444443,0,0
tile_3.7_40.png,train,0,0,79.26388888888889,0,20.73611111111111,0,0
tile_3.7_41.png,train,0,0,100.0,0,0,0,0
tile_3.7_42.png,train,0,0,97.54166666666667,0,2.458333333333333,0,0
tile_3.7_43.png,train,0,0,66.00694444444444,0,33.99305555555556,0,0
tile_3.7_44.png,train,0,0,23.958333333333336,0,76.04166666666666,0,0
tile_3.7_45.png,train,0,0,12.166666666666668,0,87.83333333333333,0,0
tile_3.7_46.png,train,0,0,80.15972222222221,0,19.84027777777778,0,0
tile_3.7_47.png,train,0,0,41.96527777777778,0,58.03472222222222,0,0
tile_3.7_48.png,train,0,0,42.06944444444444,0,57.93055555555555,0,0
tile_3.7_49.png,train,0,0,77.38888888888889,0,22.61111111111111,0,0
tile_3.7_5.png,train,0,0,81.33333333333333,0,18.666666666666668,0,0
tile_3.7_50.png,train,0,0,91.14583333333334,0,8.854166666666668,0,0
tile_3.7_51.png,train,0,0,94.6875,0,5.3125,0,0
tile_3.7_52.png,train,0,0,91.59027777777777,0,8.409722222222223,0,0
tile_3.7_53.png,train,0,0,53.89583333333333,0,46.10416666666667,0,0
tile_3.7_54.png,train,0,0,17.680555555555554,0,82.31944444444444,0,0
tile_3.7_55.png,train,0,0,98.4375,0,1.5625,0,0
tile_3.7_56.png,train,0,0,80.84027777777779,0,17.36111111111111,0,1.7986111111111112
tile_3.7_57.png,train,0,0,72.61805555555556,0,21.98611111111111,0,5.395833333333333
tile_3.7_58.png,train,0,0,63.326388888888886,0,33.07638888888889,0,3.5972222222222223
tile_3.7_59.png,train,0,0,51.354166666666664,0,48.645833333333336,0,0
tile_3.7_6.png,train,0,0,78.21527777777779,0,21.78472222222222,0,0
tile_3.7_60.png,train,0,0,78.24305555555556,0,21.756944444444446,0,0
tile_3.7_61.png,train,0,0,100.0,0,0,0,0
tile_3.7_62.png,train,0,0,87.30555555555556,0,12.694444444444445,0,0
tile_3.7_63.png,train,0,0,46.47222222222222,0,53.52777777777777,0,0
tile_3.7_64.png,train,0,0,100.0,0,0,0,0
tile_3.7_65.png,train,0,0,94.70833333333334,0,1.9375,0,3.3541666666666665
tile_3.7_66.png,train,0,0,80.98611111111111,0,11.381944444444445,0,7.631944444444444
tile_3.7_67.png,train,0,0,38.34722222222222,0,57.375,0,4.277777777777778
tile_3.7_68.png,train,0,0,30.51388888888889,0,69.48611111111111,0,0
tile_3.7_69.png,train,0,0,75.67361111111111,0,24.32638888888889,0,0
tile_3.7_7.png,train,0,0,96.88194444444444,0,3.1180555555555554,0,0
tile_3.7_70.png,train,0,0,92.1875,0,7.8125,0,0
tile_3.7_71.png,train,0,0,94.95833333333333,0,5.041666666666666,0,0
tile_3.7_72.png,train,0,0,83.4375,0,16.5625,0,0
tile_3.7_73.png,train,0,0,100.0,0,0,0,0
tile_3.7_74.png,train,0,0,98.44444444444444,0,0,0,1.5555555555555556
tile_3.7_75.png,train,0,0,90.5138888888889,0,7.249999999999999,0,2.2361111111111107
tile_3.7_76.png,train,0,0,54.18055555555556,0,45.13888888888889,0,0.6805555555555555
tile_3.7_77.png,train,0,0,55.91666666666667,0,44.083333333333336,0,0
tile_3.7_78.png,train,0,0,69.15277777777777,0,30.84722222222222,0,0
tile_3.7_79.png,train,0,0,46.625,0,53.37499999999999,0,0
tile_3.7_8.png,train,0,0,100.0,0,0,0,0
tile_3.7_80.png,train,0,0,65.20833333333333,0,34.791666666666664,0,0
tile_3.7_81.png,train,0,0,93.20138888888889,0,6.798611111111111,0,0
tile_3.7_9.png,train,0,0,96.1875,0,3.8125,0,0
tile_4.16_1.png,train,0,0,0,25.944444444444443,25.645833333333336,48.40972222222222,0
tile_4.16_10.png,train,0,0,0,8.63888888888889,23.375,67.98611111111111,0
tile_4.16_11.png,train,0,0,0,0.6736111111111112,5.819444444444445,93.50694444444444,0
tile_4.16_12.png,train,0,0,0,0,0,100.0,0
tile_4.16_13.png,train,0,0,0,0,0,100.0,0
tile_4.16_14.png,train,0,0,0,0,0,100.0,0
tile_4.16_15.png,train,0,0,0,0,0,100.0,0
tile_4.16_16.png,train,0,0,0,0,0,100.0,0
tile_4.16_17.png,train,0,0,0,0,0,100.0,0
tile_4.16_18.png,train,0,0,0,0,0,100.0,0
tile_4.16_19.png,train,0,0,0,1.6458333333333333,9.930555555555555,88.42361111111111,0
tile_4.16_2.png,train,0,0,0,9.125,17.291666666666668,73.58333333333333,0
tile_4.16_20.png,train,0,0,0,0,0,100.0,0
tile_4.16_21.png,train,0,0,0,0,0,100.0,0
tile_4.16_22.png,train,0,0,0,0,0,100.0,0
tile_4.16_23.png,train,0,0,0,0,0,100.0,0
tile_4.16_24.png,train,0,0,0,1.7638888888888888,0,98.23611111111111,0
tile_4.16_25.png,train,0,0,0,10.347222222222221,0,89.65277777777779,0
tile_4.16_26.png,train,0,0,0,26.041666666666668,0,73.95833333333334,0
tile_4.16_27.png,train,0,0,0,38.604166666666664,0,61.395833333333336,0
tile_4.16_28.png,train,0,0,0,0,0.7291666666666666,99.27083333333333,0
tile_4.16_29.png,train,0,0,0,0,0,100.0,0
tile_4.16_3.png,train,0,0,0,0,0,100.0,0
tile_4.16_30.png,train,0,0,0,0,0,100.0,0
tile_4.16_31.png,train,0,0,0,7.236111111111112,0,92.76388888888889,0
tile_4.16_32.png,train,0,0,0,24.125,0,75.875,0
tile_4.16_33.png,train,0,0,0,42.45138888888889,0,57.548611111111114,0
tile_4.16_34.png,train,0,0,0,59.14583333333333,0,40.85416666666667,0
tile_4.16_35.png,train,0,0,0,76.04166666666666,0,23.958333333333336,0
tile_4.16_36.png,train,0,0,0,88.60416666666666,0,11.395833333333332,0
tile_4.16_37.png,train,0,0,0,0.3055555555555556,0,99.69444444444444,0
tile_4.16_38.png,train,0,0,0,8.930555555555555,0,91.06944444444444,0
tile_4.16_39.png,train,0,0,0,28.138888888888893,0,71.86111111111111,0
tile_4.16_4.png,train,0,0,0,0,0,100.0,0
tile_4.16_40.png,train,0,0,0,51.736111111111114,0,48.26388888888889,0
tile_4.16_41.png,train,0,0,0,74.11111111111111,0,25.88888888888889,0
tile_4.16_42.png,train,0,0,0,90.6875,0,9.3125,0
tile_4.16_43.png,train,0,0,0,98.79861111111111,0,1.2013888888888888,0
tile_4.16_44.png,train,0,0,0,100.0,0,0,0
tile_4.16_45.png,train,0,0,0,100.0,0,0,0
tile_4.16_46.png,train,0,0,0,24.819444444444443,0,75.18055555555556,0
tile_4.16_47.png,train,0,0,0,53.986111111111114,0,46.013888888888886,0
tile_4.16_48.png,train,0,0,0,78.13888888888889,0,21.86111111111111,0
tile_4.16_49.png,train,0,0,0,94.5,0,5.5,0
tile_4.16_5.png,train,0,0,0,0,0,100.0,0
tile_4.16_50.png,train,0,0,0,99.98611111111111,0,0.013888888888888888,0
tile_4.16_51.png,train,0,0,0,100.0,0,0,0
tile_4.16_52.png,train,0,0,0,100.0,0,0,0
tile_4.16_53.png,train,0,0,0,100.0,0,0,0
tile_4.16_54.png,train,0,0,0,100.0,0,0,0
tile_4.16_55.png,train,0,0,0,73.31944444444444,0,26.680555555555557,0
tile_4.16_56.png,train,0,0,0,95.05555555555556,0,4.944444444444445,0
tile_4.16_57.png,train,0,0,0,100.0,0,0,0
tile_4.16_58.png,train,0,0,0,100.0,0,0,0
tile_4.16_59.png,train,0,0,0,100.0,0,0,0
tile_4.16_6.png,train,0,0,0,0,0,100.0,0
tile_4.16_60.png,train,0,0,0,97.2638888888889,2.736111111111111,0,0
tile_4.16_61.png,train,0,0,0,97.2638888888889,2.736111111111111,0,0
tile_4.16_62.png,train,0,0,0,100.0,0,0,0
tile_4.16_63.png,train,0,0,0,100.0,0,0,0
tile_4.16_64.png,train,0,0,0,98.80555555555556,0,1.1944444444444444,0
tile_4.16_65.png,train,0,0,0,100.0,0,0,0
tile_4.16_66.png,train,0,0,0,100.0,0,0,0
tile_4.16_67.png,train,0,0,0,100.0,0,0,0
tile_4.16_68.png,train,0,0,0,90.0625,9.9375,0,0
tile_4.16_69.png,train,0,0,0,82.69444444444444,17.305555555555554,0,0
tile_4.16_7.png,train,0,0,0,0,0,100.0,0
tile_4.16_70.png,train,0,0,0,92.63194444444444,7.368055555555555,0,0
tile_4.16_71.png,train,0,0,0,100.0,0,0,0
tile_4.16_72.png,train,0,0,0,100.0,0,0,0
tile_4.16_73.png,train,0,0,0,100.0,0,0,0
tile_4.16_74.png,train,0,0,0,100.0,0,0,0
tile_4.16_75.png,train,0,0,0,100.0,0,0,0
tile_4.16_76.png,train,0,0,0,100.0,0,0,0
tile_4.16_77.png,train,0,0,0,86.89583333333334,13.104166666666666,0,0
tile_4.16_78.png,train,0,0,0,82.26388888888889,17.73611111111111,0,0
tile_4.16_79.png,train,0,0,0,95.36805555555556,4.631944444444445,0,0
tile_4.16_8.png,train,0,0,0,4.166666666666666,0,95.83333333333334,0
tile_4.16_80.png,train,0,0,0,100.0,0,0,0
tile_4.16_81.png,train,0,0,0,100.0,0,0,0
tile_4.16_9.png,train,0,0,0,14.708333333333334,5.263888888888888,80.02777777777777,0
tile_4.17_1.png,train,0,0,0,58.09722222222222,17.375,24.52777777777778,0
tile_4.17_10.png,train,0,0,0,10.45138888888889,15.020833333333334,74.52777777777779,0
tile_4.17_11.png,train,0,0,0,24.45138888888889,17.9375,57.611111111111114,0
tile_4.17_12.png,train,0,0,0,40.63194444444444,16.506944444444443,42.861111111111114,0
tile_4.17_13.png,train,0,0,0,58.81944444444444,14.32638888888889,26.854166666666668,0
tile_4.17_14.png,train,0,0,0,68.56944444444444,20.680555555555554,10.75,0
tile_4.17_15.png,train,0,0,0,86.0,12.777777777777777,1.2222222222222223,0
tile_4.17_16.png,train,0,0,0,99.625,0.375,0,0
tile_4.17_17.png,train,0,0,0,99.9375,0.0625,0,0
tile_4.17_18.png,train,0,0,1.8055555555555554,93.82638888888889,4.368055555555555,0,0
tile_4.17_19.png,train,0,0,0,14.784722222222221,0,85.21527777777777,0
tile_4.17_2.png,train,0,0,0,74.40972222222221,17.055555555555554,8.534722222222223,0
tile_4.17_20.png,train,0,0,0,0,0.9236111111111112,99.07638888888889,0
tile_4.17_21.png,train,0,0,0,2.0625,6.534722222222222,91.40277777777777,0
tile_4.17_22.png,train,0,0,0,9.256944444444445,13.88888888888889,76.85416666666667,0
tile_4.17_23.png,train,0,0,0,18.569444444444443,21.569444444444443,59.86111111111111,0
tile_4.17_24.png,train,0,0,0,39.458333333333336,19.083333333333332,41.458333333333336,0
tile_4.17_25.png,train,0,0,0,63.87500000000001,10.868055555555555,25.256944444444446,0
tile_4.17_26.png,train,0,0,0,75.9513888888889,10.472222222222221,13.576388888888888,0
tile_4.17_27.png,train,0,0,0,87.44444444444444,8.097222222222221,4.458333333333334,0
tile_4.17_28.png,train,0,0,0,57.18055555555556,0,42.81944444444444,0
tile_4.17_29.png,train,0,0,0,27.875,0,72.125,0
tile_4.17_3.png,train,0,0,0,88.56944444444444,9.972222222222223,1.4583333333333333,0
tile_4.17_30.png,train,0,0,0,7.8125,0,92.1875,0
tile_4.17_31.png,train,0,0,0,0.006944444444444444,0,99.99305555555556,0
tile_4.17_32.png,train,0,0,0,0,0.8888888888888888,99.11111111111111,0
tile_4.17_33.png,train,0,0,0,3.4583333333333335,6.305555555555556,90.2361111111111,0
tile_4.17_34.png,train,0,0,0,14.249999999999998,10.493055555555555,75.25694444444444,0
tile_4.17_35.png,train,0,0,0,25.95138888888889,10.472222222222221,63.57638888888889,0
tile_4.17_36.png,train,0,0,0,37.888888888888886,11.895833333333334,50.21527777777778,0
tile_4.17_37.png,train,0,0,0,92.39583333333333,0,7.604166666666666,0
tile_4.17_38.png,train,0,0,0,77.875,0,22.125,0
tile_4.17_39.png,train,0,0,0,48.72916666666667,0,51.27083333333333,0
tile_4.17_4.png,train,0,0,0,99.5625,0.43750000000000006,0,0
tile_4.17_40.png,train,0,0,0,19.451388888888886,0,80.54861111111111,0
tile_4.17_41.png,train,0,0,0,3.875,0,96.125,0
tile_4.17_42.png,train,0,0,0,0.3472222222222222,0,99.65277777777779,0
tile_4.17_43.png,train,0,0,0,0,0,100.0,0
tile_4.17_44.png,train,0,0,0,0,0,100.0,0
tile_4.17_45.png,train,0,0,0,0.4444444444444444,3.7986111111111107,95.75694444444444,0
tile_4.17_46.png,train,0,0,0,100.0,0,0,0
tile_4.17_47.png,train,0,0,0,100.0,0,0,0
tile_4.17_48.png,train,0,0,0,90.91666666666667,0,9.083333333333334,0
tile_4.17_49.png,train,0,0,0,69.44444444444444,0,30.555555555555557,0
tile_4.17_5.png,train,0,0,0,100.0,0,0,0
tile_4.17_50.png,train,0,0,0,48.70833333333333,0,51.29166666666667,0
tile_4.17_51.png,train,0,0,0,36.104166666666664,0,63.89583333333333,0
tile_4.17_52.png,train,0,0,0,25.694444444444443,0,74.30555555555556,0
tile_4.17_53.png,train,0,0,0,31.17361111111111,0,68.82638888888889,0
tile_4.17_54.png,train,0,0,0,37.59027777777778,0,62.40972222222222,0
tile_4.17_55.png,train,0,0,0,100.0,0,0,0
tile_4.17_56.png,train,0,0,0,100.0,0,0,0
tile_4.17_57.png,train,0,0,0,100.0,0,0,0
tile_4.17_58.png,train,0,0,0,100.0,0,0,0
tile_4.17_59.png,train,0,0,0,94.83333333333334,0,5.166666666666667,0
tile_4.17_6.png,train,0,0,0,100.0,0,0,0
tile_4.17_60.png,train,0,0,0,85.75694444444444,0,14.243055555555555,0
tile_4.17_61.png,train,0,0,0,71.28472222222221,0,28.715277777777775,0
tile_4.17_62.png,train,0,0,0,76.76388888888889,0,23.23611111111111,0
tile_4.17_63.png,train,0,0,0,87.59027777777779,0,12.409722222222221,0
tile_4.17_64.png,train,0,0,0,100.0,0,0,0
tile_4.17_65.png,train,0,0,0,100.0,0,0,0
tile_4.17_66.png,train,0,0,0,100.0,0,0,0
tile_4.17_67.png,train,0,0,0,100.0,0,0,0
tile_4.17_68.png,train,0,0,0,100.0,0,0,0
tile_4.17_69.png,train,0,0,0,100.0,0,0,0
tile_4.17_7.png,train,0,0,0.1527777777777778,98.95138888888889,0.8958333333333334,0,0
tile_4.17_70.png,train,0,0,0,93.3611111111111,0,6.638888888888888,0
tile_4.17_71.png,train,0,0,0,92.40972222222223,0,7.590277777777778,0
tile_4.17_72.png,train,0,0,0,99.0486111111111,0,0.951388888888889,0
tile_4.17_73.png,train,0,0,0,100.0,0,0,0
tile_4.17_74.png,train,0,0,0,100.0,0,0,0
tile_4.17_75.png,train,0,0,0,100.0,0,0,0
tile_4.17_76.png,train,0,0,0,100.0,0,0,0
tile_4.17_77.png,train,0,0,0,100.0,0,0,0
tile_4.17_78.png,train,0,0,0,100.0,0,0,0
tile_4.17_79.png,train,0,0,0,97.77083333333333,0,2.229166666666667,0
tile_4.17_8.png,train,0,0,9.534722222222221,82.43055555555556,8.034722222222221,0,0
tile_4.17_80.png,train,0,0,0,96.81944444444444,0,3.1805555555555554,0
tile_4.17_81.png,train,0,0,0,99.0486111111111,0,0.951388888888889,0
tile_4.17_9.png,train,0,0,23.305555555555554,52.36805555555556,24.32638888888889,0,0
tile_4.18_1.png,train,0,0,27.694444444444443,4.375,67.93055555555556,0,0
tile_4.18_10.png,train,0,0,32.729166666666664,39.875,27.395833333333336,0,0
tile_4.18_11.png,train,0,0,32.388888888888886,14.840277777777777,52.770833333333336,0,0
tile_4.18_12.png,train,0,0,29.02777777777778,3.3958333333333335,67.5763888888889,0,0
tile_4.18_13.png,train,0,0,21.368055555555557,0.1527777777777778,78.47916666666667,0,0
tile_4.18_14.png,train,0,0,14.374999999999998,0,85.625,0,0
tile_4.18_15.png,train,0,0,44.15972222222222,0,55.84027777777778,0,0
tile_4.18_16.png,train,0,8.708333333333334,38.861111111111114,0,52.43055555555556,0,0
tile_4.18_17.png,train,0,17.4375,1.0416666666666665,0,81.52083333333333,0,0
tile_4.18_18.png,train,0,21.993055555555554,3.6527777777777777,0,74.35416666666667,0,0
tile_4.18_19.png,train,0,0,6.597222222222222,84.4375,8.965277777777777,0,0
tile_4.18_2.png,train,0,0,10.6875,0,89.3125,0,0
tile_4.18_20.png,train,0,0,21.70138888888889,63.701388888888886,14.597222222222223,0,0
tile_4.18_21.png,train,0,0,30.76388888888889,38.19444444444444,31.041666666666668,0,0
tile_4.18_22.png,train,0,0,30.145833333333332,10.027777777777777,59.82638888888889,0,0
tile_4.18_23.png,train,0,0,31.3125,0,68.6875,0,0
tile_4.18_24.png,train,0,0,62.0,0,38.0,0,0
tile_4.18_25.png,train,0,0,47.1875,0,52.81249999999999,0,0
tile_4.18_26.png,train,0,9.23611111111111,2.0,0,88.76388888888889,0,0
tile_4.18_27.png,train,0,42.13194444444445,0,0,57.86805555555555,0,0
tile_4.18_28.png,train,0,0,0,70.0625,15.388888888888888,14.548611111111112,0
tile_4.18_29.png,train,0,0,0,83.00694444444444,13.63888888888889,3.3541666666666665,0
tile_4.18_3.png,train,0,0,0.5763888888888888,0,99.42361111111111,0,0
tile_4.18_30.png,train,0,0,2.3125,66.27777777777779,31.409722222222225,0,0
tile_4.18_31.png,train,0,0,8.777777777777777,20.15277777777778,71.06944444444444,0,0
tile_4.18_32.png,train,0,0,16.9375,0,83.0625,0,0
tile_4.18_33.png,train,0,0,51.826388888888886,0,48.17361111111111,0,0
tile_4.18_34.png,train,0,12.715277777777779,44.82638888888889,0,42.45833333333333,0,0
tile_4.18_35.png,train,0,40.576388888888886,3.4722222222222223,0,55.951388888888886,0,0
tile_4.18_36.png,train,0,73.86805555555556,0,2.895833333333333,23.23611111111111,0,0
tile_4.18_37.png,train,0,0,0,21.125,14.479166666666668,64.39583333333333,0
tile_4.18_38.png,train,0,0,0,34.4375,18.61111111111111,46.95138888888889,0
tile_4.18_39.png,train,0,0,0,33.13888888888889,36.09027777777778,30.770833333333332,0
tile_4.18_4.png,train,0,0,0,0,100.0,0,0
tile_4.18_40.png,train,0,0,0,11.645833333333332,73.47222222222223,14.881944444444445,0
tile_4.18_41.png,train,0,0,0,0,97.13888888888889,2.861111111111111,0
tile_4.18_42.png,train,0,0,31.277777777777775,0,68.72222222222221,0,0
tile_4.18_43.png,train,0,14.291666666666666,38.11805555555556,0,47.59027777777778,0,0
tile_4.18_44.png,train,0,33.59027777777778,6.840277777777779,0,59.56944444444444,0,0
tile_4.18_45.png,train,0,51.52777777777777,0,5.319444444444445,43.15277777777778,0,0
tile_4.18_46.png,train,0,0,0,11.506944444444445,0.1527777777777778,88.34027777777777,0
tile_4.18_47.png,train,0,0,0,1.090277777777778,6.111111111111111,92.7986111111111,0
tile_4.18_48.png,train,0,0,0,1.659722222222222,17.569444444444443,80.77083333333334,0
tile_4.18_49.png,train,0,0,0,1.3680555555555556,33.986111111111114,64.64583333333334,0
tile_4.18_5.png,train,0,0,0,0,100.0,0,0
tile_4.18_50.png,train,0,0,0,0,53.625,46.375,0
tile_4.18_51.png,train,0,0,15.82638888888889,0,54.951388888888886,29.22222222222222,0
tile_4.18_52.png,train,0,1.576388888888889,21.881944444444446,0,61.43055555555556,15.11111111111111,0
tile_4.18_53.png,train,0,4.284722222222222,6.055555555555555,0,79.61805555555556,10.041666666666666,0
tile_4.18_54.png,train,0,15.07638888888889,0,2.423611111111111,71.19444444444444,11.305555555555555,0
tile_4.18_55.png,train,0,0,0,56.513888888888886,0,43.48611111111111,0
tile_4.18_56.png,train,0,0,0,23.395833333333332,0,76.60416666666666,0
tile_4.18_57.png,train,0,0,0,2.5902777777777777,0,97.40972222222221,0
tile_4.18_58.png,train,0,0,0,0,0.2361111111111111,99.76388888888889,0
tile_4.18_59.png,train,0,0,0,0,6.486111111111111,93.51388888888889,0
tile_4.18_6.png,train,0,0,34.270833333333336,0,65.72916666666667,0,0
tile_4.18_60.png,train,0,0,1.6527777777777777,0,19.125,79.22222222222223,0
tile_4.18_61.png,train,0,0,3.381944444444444,0,31.506944444444446,65.11111111111111,0
tile_4.18_62.png,train,0,2.2361111111111107,1.7291666666666667,0,35.99305555555555,60.04166666666667,0
tile_4.18_63.png,train,0,3.381944444444444,0,0,35.3125,61.30555555555556,0
tile_4.18_64.png,train,0,0,0,95.00694444444444,0,4.993055555555555,0
tile_4.18_65.png,train,0,0,0,69.00694444444444,0,30.993055555555554,0
tile_4.18_66.png,train,0,0,0,27.04861111111111,0,72.95138888888889,0
tile_4.18_67.png,train,0,0,0,3.048611111111111,0,96.95138888888889,0
tile_4.18_68.png,train,0,0,0,0,0,100.0,0
tile_4.18_69.png,train,0,0,0,0,0,100.0,0
tile_4.18_7.png,train,0,28.541666666666664,34.270833333333336,0,37.1875,0,0
tile_4.18_70.png,train,0,0,0,0,0,100.0,0
tile_4.18_71.png,train,0,0,0,0,0,100.0,0
tile_4.18_72.png,train,0,0,0,0,0,100.0,0
tile_4.18_73.png,train,0,0,0,100.0,0,0,0
tile_4.18_74.png,train,0,0,0,96.40972222222223,0,3.5902777777777777,0
tile_4.18_75.png,train,0,0,0,70.93055555555556,0,29.069444444444443,0
tile_4.18_76.png,train,0,0,0,27.069444444444446,0,72.93055555555556,0
tile_4.18_77.png,train,0,0,0,2.548611111111111,0,97.45138888888889,0
tile_4.18_78.png,train,0,0,0,0,0,100.0,0
tile_4.18_79.png,train,0,0,0,0,0,100.0,0
tile_4.18_8.png,train,0,59.93055555555556,0,0,40.06944444444444,0,0
tile_4.18_80.png,train,0,0,0,0,0,100.0,0
tile_4.18_81.png,train,0,0,0,0,0,100.0,0
tile_4.18_9.png,train,0,53.583333333333336,11.82638888888889,0,34.59027777777778,0,0
tile_4.26_1.png,train,0,0,0,100.0,0,0,0
tile_4.26_10.png,train,0,0,0,94.09027777777777,0,5.909722222222222,0
tile_4.26_11.png,train,0,0,0,95.68055555555556,0,4.319444444444445,0
tile_4.26_12.png,train,0,0,0,96.85416666666666,3.145833333333333,0,0
tile_4.26_13.png,train,0,0,0,89.16666666666667,10.833333333333334,0,0
tile_4.26_14.png,train,0,0,0,92.21527777777779,7.784722222222222,0,0
tile_4.26_15.png,train,0,0,0,99.90277777777777,0.09722222222222222,0,0
tile_4.26_16.png,train,0,0,0,100.0,0,0,0
tile_4.26_17.png,train,0,0,0,100.0,0,0,0
tile_4.26_18.png,train,0,0,0,100.0,0,0,0
tile_4.26_19.png,train,0,0,0,82.94444444444444,0,17.055555555555554,0
tile_4.26_2.png,train,0,0,0,100.0,0,0,0
tile_4.26_20.png,train,0,0,0,84.74305555555556,0,15.256944444444445,0
tile_4.26_21.png,train,0,0,0,96.29166666666666,0.8125,2.895833333333333,0
tile_4.26_22.png,train,0,0,0,89.53472222222221,10.465277777777777,0,0
tile_4.26_23.png,train,0,0,0,86.89583333333334,11.715277777777777,1.3888888888888888,0
tile_4.26_24.png,train,0,0,0,96.54861111111111,2.0625,1.3888888888888888,0
tile_4.26_25.png,train,0,0,0,100.0,0,0,0
tile_4.26_26.png,train,0,0,0,100.0,0,0,0
tile_4.26_27.png,train,0,0,0,100.0,0,0,0
tile_4.26_28.png,train,0,0,0,88.85416666666667,0,11.145833333333334,0
tile_4.26_29.png,train,0,0,0,89.0625,0,10.9375,0
tile_4.26_3.png,train,0,0,0,96.8125,3.1875,0,0
tile_4.26_30.png,train,0,0,0,96.25694444444444,0.8472222222222223,2.895833333333333,0
tile_4.26_31.png,train,0,0,0,91.21527777777779,6.5625,2.2222222222222223,0
tile_4.26_32.png,train,0,0,0,85.95138888888889,7.680555555555555,6.368055555555556,0
tile_4.26_33.png,train,0,0,0,93.88888888888889,1.965277777777778,4.145833333333333,0
tile_4.26_34.png,train,0,0,0,100.0,0,0,0
tile_4.26_35.png,train,0,0,0,100.0,0,0,0
tile_4.26_36.png,train,0,0,0,100.0,0,0,0
tile_4.26_37.png,train,0,0,0,100.0,0,0,0
tile_4.26_38.png,train,0,0,0,100.0,0,0,0
tile_4.26_39.png,train,0,0,0,96.42361111111111,3.2916666666666665,0.2847222222222222,0
tile_4.26_4.png,train,0,0,0,88.23611111111111,11.76388888888889,0,0
tile_4.26_40.png,train,0,0,0,84.57638888888889,6.506944444444445,8.916666666666668,0
tile_4.26_41.png,train,0,0,0,85.39583333333334,3.215277777777778,11.38888888888889,0
tile_4.26_42.png,train,0,0,0,97.24305555555556,0,2.7569444444444446,0
tile_4.26_43.png,train,0,0,0,100.0,0,0,0
tile_4.26_44.png,train,0,0,0,100.0,0,0,0
tile_4.26_45.png,train,0,0,0,100.0,0,0,0
tile_4.26_46.png,train,0,0,0,89.4375,0,10.5625,0
tile_4.26_47.png,train,0,0,0,93.24305555555556,0,6.756944444444445,0
tile_4.26_48.png,train,0,0,0,84.32638888888889,2.4444444444444446,13.229166666666666,0
tile_4.26_49.png,train,0,0,0,79.53472222222221,3.6458333333333335,16.819444444444446,0
tile_4.26_5.png,train,0,0,0,91.42361111111111,8.57638888888889,0,0
tile_4.26_50.png,train,0,0,0,91.88888888888889,1.2013888888888888,6.909722222222222,0
tile_4.26_51.png,train,0,0,0,99.77777777777777,0,0.2222222222222222,0
tile_4.26_52.png,train,0,0,0,96.07638888888889,0,3.923611111111111,0
tile_4.26_53.png,train,0,0,0,88.78472222222223,0,11.215277777777779,0
tile_4.26_54.png,train,0,0,0,79.11111111111111,0,20.88888888888889,0
tile_4.26_55.png,train,0,0,0,85.71527777777777,0,14.284722222222221,0
tile_4.26_56.png,train,0,0,0,80.54861111111111,0.125,19.32638888888889,0
tile_4.26_57.png,train,0,0,0,61.798611111111114,3.5972222222222223,34.60416666666667,0
tile_4.26_58.png,train,0,0,0,61.06944444444444,3.7152777777777777,35.21527777777778,0
tile_4.26_59.png,train,0,0,0,63.236111111111114,0.8194444444444445,35.94444444444444,0
tile_4.26_6.png,train,0,0,0,100.0,0,0,0
tile_4.26_60.png,train,0,0,0,53.91666666666667,8.020833333333334,38.0625,0
tile_4.26_61.png,train,0,0,0,58.20138888888889,11.57638888888889,30.22222222222222,0
tile_4.26_62.png,train,0,0,0,66.92361111111111,4.201388888888889,28.875,0
tile_4.26_63.png,train,0,0,0,70.65972222222221,0.06944444444444445,29.270833333333336,0
tile_4.26_64.png,train,0,0,0,93.90277777777779,0,6.097222222222222,0
tile_4.26_65.png,train,0,0,0,87.30555555555556,0.125,12.569444444444445,0
tile_4.26_66.png,train,0,0,0,64.27777777777777,14.0625,21.65972222222222,0
tile_4.26_67.png,train,0,0,0,44.43055555555556,21.368055555555557,34.20138888888889,0
tile_4.26_68.png,train,0,0,0,28.041666666666664,17.520833333333332,54.43750000000001,0
tile_4.26_69.png,train,0,0,0,26.8125,25.46527777777778,47.72222222222222,0
tile_4.26_7.png,train,0,0,0,100.0,0,0,0
tile_4.26_70.png,train,0,0,0,53.708333333333336,19.993055555555557,26.298611111111107,0
tile_4.26_71.png,train,0,0,0,71.30555555555556,11.034722222222221,17.65972222222222,0
tile_4.26_72.png,train,0,0,0,80.60416666666667,11.013888888888888,8.381944444444445,0
tile_4.26_73.png,train,0,0,0,97.625,0,2.375,0
tile_4.26_74.png,train,0,0,0,98.69444444444444,0,1.3055555555555556,0
tile_4.26_75.png,train,0,0,0,73.5,12.131944444444445,14.368055555555555,0
tile_4.26_76.png,train,0,0,0,36.50694444444444,32.06944444444444,31.42361111111111,0
tile_4.26_77.png,train,0,0,0,39.24305555555556,32.513888888888886,28.243055555555557,0
tile_4.26_78.png,train,0,0,0,66.32638888888889,23.791666666666668,9.881944444444445,0
tile_4.26_79.png,train,0,0,0,81.26388888888889,18.73611111111111,0,0
tile_4.26_8.png,train,0,0,0,100.0,0,0,0
tile_4.26_80.png,train,0,0,0,83.64583333333333,16.354166666666668,0,0
tile_4.26_81.png,train,0,0,0,81.78472222222221,18.21527777777778,0,0
tile_4.26_9.png,train,0,0,0,100.0,0,0,0
tile_4.27_1.png,train,0,0,0,100.0,0,0,0
tile_4.27_10.png,train,0,0,0,100.0,0,0,0
tile_4.27_11.png,train,0,0,0,100.0,0,0,0
tile_4.27_12.png,train,0,0,0,100.0,0,0,0
tile_4.27_13.png,train,0,0,0,100.0,0,0,0
tile_4.27_14.png,train,0,0,0,100.0,0,0,0
tile_4.27_15.png,train,0,0,0,100.0,0,0,0
tile_4.27_16.png,train,0,0,0,100.0,0,0,0
tile_4.27_17.png,train,0,0,0,100.0,0,0,0
tile_4.27_18.png,train,0,0,0,100.0,0,0,0
tile_4.27_19.png,train,0,0,0,100.0,0,0,0
tile_4.27_2.png,train,0,0,0,100.0,0,0,0
tile_4.27_20.png,train,0,0,0,100.0,0,0,0
tile_4.27_21.png,train,0,0,0,100.0,0,0,0
tile_4.27_22.png,train,0,0,0,100.0,0,0,0
tile_4.27_23.png,train,0,0,0,100.0,0,0,0
tile_4.27_24.png,train,0,0,0,100.0,0,0,0
tile_4.27_25.png,train,0,0,0,100.0,0,0,0
tile_4.27_26.png,train,0,0,0,100.0,0,0,0
tile_4.27_27.png,train,0,0,0,100.0,0,0,0
tile_4.27_28.png,train,0,0,0,100.0,0,0,0
tile_4.27_29.png,train,0,0,0,100.0,0,0,0
tile_4.27_3.png,train,0,0,0,100.0,0,0,0
tile_4.27_30.png,train,0,0,0,99.98611111111111,0.013888888888888888,0,0
tile_4.27_31.png,train,0,0,0,99.84027777777777,0.15972222222222224,0,0
tile_4.27_32.png,train,0,0,0,99.85416666666667,0.14583333333333334,0,0
tile_4.27_33.png,train,0,0,0,99.59027777777779,0,0.40972222222222227,0
tile_4.27_34.png,train,0,0,0,94.47222222222223,0,5.527777777777778,0
tile_4.27_35.png,train,0,0,0,85.55555555555556,0,14.444444444444443,0
tile_4.27_36.png,train,0,0,0,76.97916666666667,0,23.020833333333332,0
tile_4.27_37.png,train,0,0,0,99.66666666666667,0,0.33333333333333337,0
tile_4.27_38.png,train,0,0,0,94.65277777777777,0,5.347222222222222,0
tile_4.27_39.png,train,0,0,0,80.09027777777777,7.770833333333334,12.13888888888889,0
tile_4.27_4.png,train,0,0,0,100.0,0,0,0
tile_4.27_40.png,train,0,0,0,68.54166666666667,13.597222222222221,17.86111111111111,0
tile_4.27_41.png,train,0,0,0,71.17361111111111,5.826388888888888,23.0,0
tile_4.27_42.png,train,0,0,0,75.88888888888889,0,24.11111111111111,0
tile_4.27_43.png,train,0,0,0,74.52777777777779,0,25.472222222222225,0
tile_4.27_44.png,train,0,0,0,68.53472222222223,4.486111111111111,26.979166666666664,0
tile_4.27_45.png,train,0,0,0,68.19444444444444,4.486111111111111,27.319444444444446,0
tile_4.27_46.png,train,0,0,0,67.82638888888889,0.548611111111111,31.624999999999996,0
tile_4.27_47.png,train,0,0,0,67.52777777777777,0.8472222222222223,31.624999999999996,0
tile_4.27_48.png,train,0,0,0,61.75694444444444,9.479166666666666,28.76388888888889,0
tile_4.27_49.png,train,0,0,0,60.18750000000001,15.840277777777779,23.97222222222222,0
tile_4.27_5.png,train,0,0,0,100.0,0,0,0
tile_4.27_50.png,train,0,0,0,66.70138888888889,9.916666666666666,23.381944444444443,0
tile_4.27_51.png,train,0,0,0,72.29861111111111,4.0,23.70138888888889,0
tile_4.27_52.png,train,0,0,0,79.02777777777777,1.027777777777778,19.944444444444446,0
tile_4.27_53.png,train,0,0,0,77.5138888888889,9.95138888888889,12.534722222222221,0
tile_4.27_54.png,train,0,0,0,80.60416666666667,15.097222222222223,4.298611111111112,0
tile_4.27_55.png,train,0,0,0,63.326388888888886,5.381944444444445,31.291666666666668,0
tile_4.27_56.png,train,0,0,0,71.33333333333334,2.388888888888889,26.27777777777778,0
tile_4.27_57.png,train,0,0,0,81.65277777777777,1.7222222222222223,16.625,0
tile_4.27_58.png,train,0,0,0,91.48611111111111,2.4027777777777777,6.111111111111111,0
tile_4.27_59.png,train,0,0,0,95.38194444444444,4.236111111111112,0.3819444444444444,0
tile_4.27_6.png,train,0,0,0,100.0,0,0,0
tile_4.27_60.png,train,0,0,0,96.0,4.0,0,0
tile_4.27_61.png,train,0,0,0,98.97222222222221,1.027777777777778,0,0
tile_4.27_62.png,train,0,0,0,88.14583333333333,11.854166666666668,0,0
tile_4.27_63.png,train,0,0,0,80.47222222222223,19.52777777777778,0,0
tile_4.27_64.png,train,0,0,0,87.83333333333333,12.166666666666668,0,0
tile_4.27_65.png,train,0,0,0,97.71527777777777,2.2847222222222223,0,0
tile_4.27_66.png,train,0,0,0,100.0,0,0,0
tile_4.27_67.png,train,0,0,0,94.69444444444444,5.305555555555555,0,0
tile_4.27_68.png,train,0,0,0,94.69444444444444,5.305555555555555,0,0
tile_4.27_69.png,train,0,0,0,95.23611111111111,4.763888888888889,0,0
tile_4.27_7.png,train,0,0,0,100.0,0,0,0
tile_4.27_70.png,train,0,0,0,95.23611111111111,4.763888888888889,0,0
tile_4.27_71.png,train,0,0,0,93.20138888888889,6.798611111111111,0,0
tile_4.27_72.png,train,0,0,0,82.09722222222223,17.90277777777778,0,0
tile_4.27_73.png,train,0,0,0,92.29166666666667,7.708333333333334,0,0
tile_4.27_74.png,train,0,0,0,99.25694444444444,0.7430555555555556,0,0
tile_4.27_75.png,train,0,0,0,100.0,0,0,0
tile_4.27_76.png,train,0,0,0,91.77083333333333,8.229166666666666,0,0
tile_4.27_77.png,train,0,0,0,91.77083333333333,8.229166666666666,0,0
tile_4.27_78.png,train,0,0,0,91.29166666666667,8.708333333333334,0,0
tile_4.27_79.png,train,0,0,0,91.29166666666667,8.708333333333334,0,0
tile_4.27_8.png,train,0,0,0,100.0,0,0,0
tile_4.27_80.png,train,0,0,0,99.59027777777779,0.40972222222222227,0,0
tile_4.27_81.png,train,0,0,0,91.0138888888889,8.98611111111111,0,0
tile_4.27_9.png,train,0,0,0,100.0,0,0,0
tile_4.28_1.png,train,0,0,0,100.0,0,0,0
tile_4.28_10.png,train,0,0,0,100.0,0,0,0
tile_4.28_11.png,train,0,0,0,100.0,0,0,0
tile_4.28_12.png,train,0,0,0,100.0,0,0,0
tile_4.28_13.png,train,0,0,0,100.0,0,0,0
tile_4.28_14.png,train,0,0,0,99.94444444444444,0,0.05555555555555555,0
tile_4.28_15.png,train,0,0,0,90.16666666666666,0,9.833333333333332,0
tile_4.28_16.png,train,0,0,0,67.11805555555556,0,32.88194444444444,0
tile_4.28_17.png,train,0,0,0,43.47916666666667,0,56.52083333333333,0
tile_4.28_18.png,train,0,0,0,32.90972222222222,0,67.09027777777777,0
tile_4.28_19.png,train,0,0,0,93.72916666666666,6.069444444444445,0.2013888888888889,0
tile_4.28_2.png,train,0,0,0,100.0,0,0,0
tile_4.28_20.png,train,0,0,0,94.65972222222221,1.5555555555555556,3.784722222222222,0
tile_4.28_21.png,train,0,0,0,87.03472222222223,0,12.965277777777779,0
tile_4.28_22.png,train,0,0,0,76.08333333333334,0,23.916666666666668,0
tile_4.28_23.png,train,0,0,0,70.22222222222221,0,29.777777777777775,0
tile_4.28_24.png,train,0,0,0,70.88194444444444,0,29.118055555555557,0
tile_4.28_25.png,train,0,0,0,73.23611111111111,1.840277777777778,24.92361111111111,0
tile_4.28_26.png,train,0,0,0,58.56944444444444,12.159722222222221,29.270833333333336,0
tile_4.28_27.png,train,0,0,0,27.88888888888889,33.34027777777778,38.77083333333333,0
tile_4.28_28.png,train,0,0,0,65.04166666666666,10.631944444444445,24.32638888888889,0
tile_4.28_29.png,train,0,0,0,73.84722222222221,1.5555555555555556,24.59722222222222,0
tile_4.28_3.png,train,0,0,0,100.0,0,0,0
tile_4.28_30.png,train,0,0,0,74.39583333333334,2.1041666666666665,23.5,0
tile_4.28_31.png,train,0,0,0,71.66666666666667,2.1041666666666665,26.229166666666664,0
tile_4.28_32.png,train,0,0,0,63.604166666666664,6.618055555555556,29.777777777777775,0
tile_4.28_33.png,train,0,0,0,64.4513888888889,6.986111111111111,28.5625,0
tile_4.28_34.png,train,0,0,0,71.23611111111111,5.9375,22.82638888888889,0
tile_4.28_35.png,train,0,0,0,58.50694444444444,26.71527777777778,14.777777777777779,0
tile_4.28_36.png,train,0.020833333333333336,0,0,23.583333333333336,69.14583333333333,7.249999999999999,0
tile_4.28_37.png,train,0,0,0,71.3125,4.5625,24.125,0
tile_4.28_38.png,train,0,0,0,70.3125,0,29.6875,0
tile_4.28_39.png,train,0,0,0,69.95138888888889,10.29861111111111,19.75,0
tile_4.28_4.png,train,0,0,0,98.3125,0,1.6875,0
tile_4.28_40.png,train,0,0,0,83.09722222222223,14.249999999999998,2.6527777777777777,0
tile_4.28_41.png,train,0,0,0,79.92361111111111,20.07638888888889,0,0
tile_4.28_42.png,train,0,0,0,82.54861111111111,17.45138888888889,0,0
tile_4.28_43.png,train,0,0,0,90.08333333333334,9.916666666666666,0,0
tile_4.28_44.png,train,0,0,0,55.96527777777778,44.03472222222222,0,0
tile_4.28_45.png,train,5.25,0,0,14.555555555555555,80.19444444444444,0,0
tile_4.28_46.png,train,0,0,0,100.0,0,0,0
tile_4.28_47.png,train,0,0,0,71.92361111111111,0,28.076388888888886,0
tile_4.28_48.png,train,0,0,0,54.5625,13.027777777777777,32.40972222222222,0
tile_4.28_49.png,train,0,0,0,54.1875,41.479166666666664,4.333333333333334,0
tile_4.28_5.png,train,0,0,0,80.61805555555556,0,19.381944444444443,0
tile_4.28_50.png,train,0,0,0,51.9375,48.0625,0,0
tile_4.28_51.png,train,0,0,0,58.27777777777777,41.72222222222222,0,0
tile_4.28_52.png,train,0,0,0,49.49305555555556,50.50694444444444,0,0
tile_4.28_53.png,train,0,0,0,21.98611111111111,78.0138888888889,0,0
tile_4.28_54.png,train,20.541666666666668,0,0,0.3819444444444444,79.0763888888889,0,0
tile_4.28_55.png,train,0,0,0,100.0,0,0,0
tile_4.28_56.png,train,0,0,0,63.583333333333336,0,36.41666666666667,0
tile_4.28_57.png,train,0,0,0,40.875,8.819444444444445,50.30555555555556,0
tile_4.28_58.png,train,0,0,0,27.979166666666664,58.13194444444445,13.88888888888889,0
tile_4.28_59.png,train,0,0,0,25.708333333333332,74.29166666666667,0,0
tile_4.28_6.png,train,0,0,0,48.083333333333336,0,51.916666666666664,0
tile_4.28_60.png,train,0,0,0,36.15277777777778,63.84722222222222,0,0
tile_4.28_61.png,train,0,0,0,12.597222222222223,87.40277777777777,0,0
tile_4.28_62.png,train,12.027777777777777,0,0,3.256944444444444,84.71527777777777,0,0
tile_4.28_63.png,train,51.0,0,0,2.9583333333333335,46.041666666666664,0,0
tile_4.28_64.png,train,0,13.29861111111111,0,69.59027777777777,17.11111111111111,0,0
tile_4.28_65.png,train,0,1.25,0,68.70138888888889,11.006944444444445,19.041666666666668,0
tile_4.28_66.png,train,0,0,0,55.00000000000001,15.597222222222223,29.40277777777778,0
tile_4.28_67.png,train,0,0,0,39.08333333333333,50.55555555555556,10.36111111111111,0
tile_4.28_68.png,train,0,0,0,40.54861111111111,59.45138888888889,0,0
tile_4.28_69.png,train,0,0,0,53.1875,46.8125,0,0
tile_4.28_7.png,train,0,0,0,19.21527777777778,0,80.78472222222223,0
tile_4.28_70.png,train,0.05555555555555555,0,0,43.22916666666667,56.71527777777777,0,0
tile_4.28_71.png,train,32.208333333333336,0,0,24.65972222222222,43.13194444444444,0,0
tile_4.28_72.png,train,80.8125,0,0,6.402777777777778,12.784722222222221,0,0
tile_4.28_73.png,train,0,38.90277777777777,0,33.13194444444444,27.965277777777775,0,0
tile_4.28_74.png,train,0,4.951388888888889,0,64.85416666666667,28.368055555555554,1.8263888888888888,0
tile_4.28_75.png,train,0,0,0,77.32638888888889,20.381944444444443,2.2916666666666665,0
tile_4.28_76.png,train,0,0,0,74.65972222222223,24.875,0.46527777777777773,0
tile_4.28_77.png,train,0,0,0,63.388888888888886,36.611111111111114,0,0
tile_4.28_78.png,train,0,0,0,51.86805555555556,48.13194444444445,0,0
tile_4.28_79.png,train,3.784722222222222,0,0,50.09027777777778,46.125,0,0
tile_4.28_8.png,train,0,0,0,7.972222222222222,0,92.02777777777777,0
tile_4.28_80.png,train,48.70833333333333,0,0,32.395833333333336,18.895833333333336,0,0
tile_4.28_81.png,train,87.11805555555556,0,0,11.45138888888889,1.4305555555555556,0,0
tile_4.28_9.png,train,0,0,0,14.430555555555555,0,85.56944444444444,0
tile_4.34_1.png,train,0,0,0,17.444444444444446,0,82.55555555555556,0
tile_4.34_10.png,train,0,0,0,65.28472222222223,0,34.71527777777778,0
tile_4.34_11.png,train,0,0,0,75.72222222222223,0,24.27777777777778,0
tile_4.34_12.png,train,0,0,0,88.55555555555556,0,11.444444444444445,0
tile_4.34_13.png,train,0,0,0,97.45833333333334,0,2.5416666666666665,0
tile_4.34_14.png,train,0,0,0,100.0,0,0,0
tile_4.34_15.png,train,0,0,0,98.19444444444444,0,1.8055555555555554,0
tile_4.34_16.png,train,0,0,0,79.27083333333333,0,20.729166666666668,0
tile_4.34_17.png,train,0,0,0,61.965277777777786,0,38.03472222222222,0
tile_4.34_18.png,train,0,0,0,32.229166666666664,0,67.77083333333334,0
tile_4.34_19.png,train,0,0,0,92.78472222222223,0,7.215277777777778,0
tile_4.34_2.png,train,0,0,0,27.256944444444443,0,72.74305555555556,0
tile_4.34_20.png,train,0,0,0,89.64583333333334,0,10.354166666666668,0
tile_4.34_21.png,train,0,0,0,94.59722222222223,0,5.402777777777778,0
tile_4.34_22.png,train,0,0,0,81.46527777777777,0,18.53472222222222,0
tile_4.34_23.png,train,0,0,0,59.77777777777777,0,40.22222222222222,0
tile_4.34_24.png,train,0,0,0,54.479166666666664,0,45.520833333333336,0
tile_4.34_25.png,train,0,0,0,60.64583333333333,0,39.35416666666667,0
tile_4.34_26.png,train,0,0,0,64.92361111111111,0,35.076388888888886,0
tile_4.34_27.png,train,0,0,0,33.94444444444444,0,66.05555555555556,0
tile_4.34_28.png,train,0,0,0,79.89583333333333,0,20.104166666666668,0
tile_4.34_29.png,train,0,0,0,74.24305555555556,0,25.756944444444446,0
tile_4.34_3.png,train,0,0,0,38.55555555555556,0,61.44444444444444,0
tile_4.34_30.png,train,0,0,0,85.42361111111111,0,14.57638888888889,0
tile_4.34_31.png,train,0,0,0,52.77777777777778,0,47.22222222222222,0
tile_4.34_32.png,train,0,0,0,9.777777777777779,0,90.22222222222223,0
tile_4.34_33.png,train,0,0,0,6.284722222222222,0,93.71527777777777,0
tile_4.34_34.png,train,0,0,0,24.88888888888889,0,75.1111111111111,0
tile_4.34_35.png,train,0,0,0,55.791666666666664,0,44.208333333333336,0
tile_4.34_36.png,train,0,0,0,51.986111111111114,0,48.013888888888886,0
tile_4.34_37.png,train,0,0,0,81.55555555555556,0,18.444444444444443,0
tile_4.34_38.png,train,0,0,0,71.15277777777777,0,28.847222222222225,0
tile_4.34_39.png,train,0,0,0,75.72916666666667,0,24.270833333333332,0
tile_4.34_4.png,train,0,0,0,55.50000000000001,0,44.5,0
tile_4.34_40.png,train,0,0,0,50.638888888888886,0,49.361111111111114,0
tile_4.34_41.png,train,0,0,0,23.145833333333332,0,76.85416666666667,0
tile_4.34_42.png,train,0,0,0,22.895833333333336,0,77.10416666666666,0
tile_4.34_43.png,train,0,0,0,29.90277777777778,0,70.09722222222223,0
tile_4.34_44.png,train,0,0,0,55.49305555555556,0,44.50694444444444,0
tile_4.34_45.png,train,0,0,0,67.73611111111111,0,32.263888888888886,0
tile_4.34_46.png,train,0,0,0,89.90277777777777,2.722222222222222,7.375,0
tile_4.34_47.png,train,0,0,0,82.46527777777779,0,17.53472222222222,0
tile_4.34_48.png,train,0,0,0,73.67361111111111,0,26.32638888888889,0
tile_4.34_49.png,train,0,0,0,56.84722222222223,0,43.15277777777778,0
tile_4.34_5.png,train,0,0,0,72.56944444444444,0,27.430555555555557,0
tile_4.34_50.png,train,0,0,0,42.076388888888886,0,57.92361111111111,0
tile_4.34_51.png,train,0,0,0,40.34722222222222,0,59.65277777777778,0
tile_4.34_52.png,train,0,0,0,56.56944444444445,0,43.43055555555556,0
tile_4.34_53.png,train,0,0,0,75.56944444444444,0,24.430555555555557,0
tile_4.34_54.png,train,0,0,0,76.875,0,23.125,0
tile_4.34_55.png,train,0,0,9.625,79.80555555555556,8.75,1.8194444444444444,0
tile_4.34_56.png,train,0,0,0,95.90277777777779,0.006944444444444444,4.090277777777778,0
tile_4.34_57.png,train,0,0,0,82.61805555555556,0,17.381944444444443,0
tile_4.34_58.png,train,0,0,0,49.59027777777778,0,50.40972222222222,0
tile_4.34_59.png,train,0,0,0,23.006944444444443,0,76.99305555555556,0
tile_4.34_6.png,train,0,0,0,78.125,0,21.875,0
tile_4.34_60.png,train,0,0,0,18.743055555555554,0,81.25694444444444,0
tile_4.34_61.png,train,0,0,0,46.833333333333336,0,53.166666666666664,0
tile_4.34_62.png,train,0,0,0,73.36805555555556,0,26.631944444444443,0
tile_4.34_63.png,train,0,0,0,80.11111111111111,0,19.88888888888889,0
tile_4.34_64.png,train,0,0,32.770833333333336,50.59722222222223,16.5625,0.06944444444444445,0
tile_4.34_65.png,train,0,0,4.055555555555555,91.24305555555556,4.701388888888889,0,0
tile_4.34_66.png,train,0,0,0,93.84722222222223,0,6.152777777777778,0
tile_4.34_67.png,train,0,0,0,65.64583333333334,0,34.35416666666667,0
tile_4.34_68.png,train,0,0,0,24.319444444444443,0,75.68055555555556,0
tile_4.34_69.png,train,0,0,0,5.506944444444444,0,94.49305555555556,0
tile_4.34_7.png,train,0,0,0,50.020833333333336,0,49.97916666666667,0
tile_4.34_70.png,train,0,0,0,28.118055555555554,0,71.88194444444444,0
tile_4.34_71.png,train,0,0,0,61.83333333333333,0,38.166666666666664,0
tile_4.34_72.png,train,0,0,0,83.74305555555556,0,16.256944444444443,0
tile_4.34_73.png,train,0,0,45.520833333333336,17.555555555555554,28.180555555555554,8.743055555555555,0
tile_4.34_74.png,train,0,0,22.993055555555557,64.95833333333333,12.04861111111111,0,0
tile_4.34_75.png,train,0,0,0.4027777777777778,97.40277777777779,2.194444444444444,0,0
tile_4.34_76.png,train,0,0,0,92.89583333333333,0,7.104166666666667,0
tile_4.34_77.png,train,0,0,0,65.38194444444444,0,34.61805555555556,0
tile_4.34_78.png,train,0,0,0,49.76388888888889,0,50.236111111111114,0
tile_4.34_79.png,train,0,0,0,63.027777777777786,0,36.97222222222222,0
tile_4.34_8.png,train,0,0,0,44.27777777777778,4.076388888888889,51.645833333333336,0
tile_4.34_80.png,train,0,0,0,82.625,0,17.375,0
tile_4.34_81.png,train,0,0,0,87.1875,0,12.812499999999998,0
tile_4.34_9.png,train,0,0,0,45.90972222222222,4.076388888888889,50.01388888888889,0
tile_4.35_1.png,train,0,0,0,43.5625,0,56.43749999999999,0
tile_4.35_10.png,train,0,0,0,31.01388888888889,0,68.98611111111111,0
tile_4.35_11.png,train,0,0,0,33.18055555555556,0,66.81944444444444,0
tile_4.35_12.png,train,0,0,0,23.458333333333332,0,76.54166666666666,0
tile_4.35_13.png,train,0,0,0,22.47222222222222,0,77.52777777777777,0
tile_4.35_14.png,train,0,0,0,13.965277777777777,0,86.03472222222223,0
tile_4.35_15.png,train,0,0,0,6.791666666666667,0,93.20833333333334,0
tile_4.35_16.png,train,0,0,0,40.208333333333336,0,59.791666666666664,0
tile_4.35_17.png,train,0,0,0,88.5,0,11.5,0
tile_4.35_18.png,train,10.875,0,0,86.17361111111111,1.0625,1.8888888888888888,0
tile_4.35_19.png,train,0,0,0,31.145833333333332,0,68.85416666666667,0
tile_4.35_2.png,train,0,0,0,41.70138888888889,0,58.29861111111111,0
tile_4.35_20.png,train,0,0,0,41.34027777777778,0,58.65972222222222,0
tile_4.35_21.png,train,0,0,0,39.29166666666667,0,60.70833333333333,0
tile_4.35_22.png,train,0,0,0,42.736111111111114,0,57.26388888888889,0
tile_4.35_23.png,train,0,0,0,34.166666666666664,0,65.83333333333333,0
tile_4.35_24.png,train,0,0,0,26.20138888888889,0,73.79861111111111,0
tile_4.35_25.png,train,0,0,0,46.27777777777778,0,53.72222222222223,0
tile_4.35_26.png,train,1.7847222222222223,0,0,77.50694444444444,4.041666666666666,16.666666666666664,0
tile_4.35_27.png,train,35.9375,0,0,58.340277777777786,5.722222222222222,0,0
tile_4.35_28.png,train,0,0,0,46.33333333333333,0,53.666666666666664,0
tile_4.35_29.png,train,0,0,0,60.68750000000001,0,39.3125,0
tile_4.35_3.png,train,0,0,0,31.548611111111114,0,68.45138888888889,0
tile_4.35_30.png,train,0,0,0,64.69444444444444,0,35.30555555555556,0
tile_4.35_31.png,train,0,0,0,62.38194444444445,0,37.61805555555556,0
tile_4.35_32.png,train,0,0,0,53.423611111111114,0,46.576388888888886,0
tile_4.35_33.png,train,0,0,0,62.10416666666667,0,37.895833333333336,0
tile_4.35_34.png,train,0,0,0,79.63194444444444,0,20.368055555555557,0
tile_4.35_35.png,train,4.048611111111111,0,0,81.93055555555556,6.409722222222222,7.611111111111112,0
tile_4.35_36.png,train,46.99305555555556,0,0,44.479166666666664,7.027777777777777,1.5,0
tile_4.35_37.png,train,0,0,0,47.50694444444444,0,52.49305555555556,0
tile_4.35_38.png,train,0,0,0,48.638888888888886,0,51.361111111111114,0
tile_4.35_39.png,train,0,0,0,39.263888888888886,0,60.736111111111114,0
tile_4.35_4.png,train,0,0,0,23.48611111111111,0,76.51388888888889,0
tile_4.35_40.png,train,0,0,0,33.24305555555556,0,66.75694444444444,0
tile_4.35_41.png,train,0,0,0,41.94444444444444,0,58.05555555555556,0
tile_4.35_42.png,train,0,0,0,70.06944444444444,0,29.930555555555554,0
tile_4.35_43.png,train,0,0,0,97.04166666666667,0,2.9583333333333335,0
tile_4.35_44.png,train,2.263888888888889,0,0,77.92361111111111,2.3680555555555554,17.444444444444446,0
tile_4.35_45.png,train,23.243055555555557,0,0,51.15277777777778,2.3680555555555554,23.23611111111111,0
tile_4.35_46.png,train,0,0,0,54.659722222222214,0,45.34027777777778,0
tile_4.35_47.png,train,0,0,0,58.46527777777778,0,41.53472222222222,0
tile_4.35_48.png,train,0,0,0,51.95833333333333,0,48.041666666666664,0
tile_4.35_49.png,train,0,0,0,44.375,0,55.625,0
tile_4.35_5.png,train,0,0,0,23.208333333333332,0.2222222222222222,76.56944444444444,0
tile_4.35_50.png,train,0,0,0,49.77083333333333,0,50.22916666666667,0
tile_4.35_51.png,train,0,0,0,72.97916666666666,0,27.020833333333332,0
tile_4.35_52.png,train,0,0,0,76.125,0,23.875,0
tile_4.35_53.png,train,0,0,0,42.01388888888889,0,57.986111111111114,0
tile_4.35_54.png,train,4.729166666666667,0,0,45.75,0,49.52083333333333,0
tile_4.35_55.png,train,0,0,0,77.21527777777779,0,22.78472222222222,0
tile_4.35_56.png,train,0,0,0,88.20138888888889,0,11.79861111111111,0
tile_4.35_57.png,train,0,0,0,76.53472222222221,0,23.465277777777775,0
tile_4.35_58.png,train,0,0,0,48.13194444444445,0,51.86805555555556,0
tile_4.35_59.png,train,0,0,0,53.41666666666667,0,46.58333333333333,0
tile_4.35_6.png,train,0,0,0,29.82638888888889,9.458333333333334,60.71527777777778,0
tile_4.35_60.png,train,0,0,0,82.94444444444444,0,17.055555555555554,0
tile_4.35_61.png,train,0.7916666666666667,0,0,66.49305555555556,3.729166666666667,28.986111111111114,0
tile_4.35_62.png,train,6.611111111111111,0,0,36.59027777777778,7.402777777777778,49.395833333333336,0
tile_4.35_63.png,train,30.020833333333336,0,0,37.02777777777778,3.6736111111111107,29.27777777777778,0
tile_4.35_64.png,train,0,0,0,78.05555555555556,0,21.944444444444443,0
tile_4.35_65.png,train,0,0,0,80.70138888888889,0,19.29861111111111,0
tile_4.35_66.png,train,0,0,0,68.23611111111111,0,31.763888888888893,0
tile_4.35_67.png,train,0,0,0,42.6875,0,57.3125,0
tile_4.35_68.png,train,0,0,0,53.44444444444445,0,46.55555555555556,0
tile_4.35_69.png,train,13.930555555555554,0,0,67.76388888888889,0,18.305555555555557,0
tile_4.35_7.png,train,0,0,0,60.61805555555555,9.23611111111111,30.145833333333332,0
tile_4.35_70.png,train,38.75,0,0,51.604166666666664,3.729166666666667,5.916666666666667,0
tile_4.35_71.png,train,55.63888888888889,0,0,29.604166666666664,7.402777777777778,7.354166666666667,0
tile_4.35_72.png,train,76.76388888888889,0,0,18.069444444444443,3.6736111111111107,1.4930555555555556,0
tile_4.35_73.png,train,0,0,0,60.291666666666664,0,39.708333333333336,0
tile_4.35_74.png,train,0,0,0,62.59722222222223,0,37.40277777777778,0
tile_4.35_75.png,train,0,0,0,53.63888888888889,4.208333333333333,42.15277777777778,0
tile_4.35_76.png,train,0,0,0,46.18055555555556,8.027777777777779,45.79166666666667,0
tile_4.35_77.png,train,11.86111111111111,0,0,37.47222222222222,8.256944444444445,42.40972222222222,0
tile_4.35_78.png,train,50.79166666666667,0,0,25.96527777777778,4.4375,18.805555555555557,0
tile_4.35_79.png,train,87.95833333333334,0,0,11.993055555555555,0,0.04861111111111111,0
tile_4.35_8.png,train,0,0,0,94.94444444444444,0,5.055555555555555,0
tile_4.35_80.png,train,99.02777777777779,0,0,0.9722222222222222,0,0,0
tile_4.35_81.png,train,100.0,0,0,0,0,0,0
tile_4.35_9.png,train,0.15972222222222224,0,0,96.01388888888889,0,3.826388888888889,0
tile_4.49_1.png,train,0,0,0,89.95138888888889,10.04861111111111,0,0
tile_4.49_10.png,train,0,0.24305555555555555,0,83.53472222222223,16.22222222222222,0,0
tile_4.49_11.png,train,0,8.104166666666666,0,73.59722222222223,18.29861111111111,0,0
tile_4.49_12.png,train,0,11.652777777777777,0,45.63888888888889,42.70833333333333,0,0
tile_4.49_13.png,train,0.0625,3.791666666666667,0,37.361111111111114,58.78472222222222,0,0
tile_4.49_14.png,train,10.6875,0,1.875,28.680555555555554,58.75694444444445,0,0
tile_4.49_15.png,train,23.944444444444443,0,16.0625,26.222222222222225,33.770833333333336,0,0
tile_4.49_16.png,train,22.881944444444443,0.5763888888888888,42.06944444444444,25.98611111111111,8.48611111111111,0,0
tile_4.49_17.png,train,18.243055555555557,0.5763888888888888,61.854166666666664,15.270833333333334,4.055555555555555,0,0
tile_4.49_18.png,train,10.354166666666668,0,60.25694444444445,15.993055555555555,13.395833333333334,0,0
tile_4.49_19.png,train,0,5.583333333333333,0,88.02083333333334,6.395833333333334,0,0
tile_4.49_2.png,train,0,5.034722222222222,0,90.86805555555556,4.097222222222222,0,0
tile_4.49_20.png,train,0,7.75,0,57.395833333333336,34.85416666666667,0,0
tile_4.49_21.png,train,0,7.187499999999999,0.4930555555555555,36.888888888888886,55.43055555555556,0,0
tile_4.49_22.png,train,0.0625,0,10.104166666666666,39.020833333333336,50.81250000000001,0,0
tile_4.49_23.png,train,10.784722222222221,0,34.38194444444444,12.541666666666668,42.291666666666664,0,0
tile_4.49_24.png,train,19.541666666666664,0,63.49305555555556,2.7083333333333335,14.256944444444445,0,0
tile_4.49_25.png,train,9.020833333333334,0.5416666666666667,76.94444444444444,11.5625,1.9305555555555556,0,0
tile_4.49_26.png,train,0.2013888888888889,10.520833333333334,63.75694444444444,24.069444444444443,1.4513888888888888,0,0
tile_4.49_27.png,train,3.2847222222222223,15.42361111111111,36.388888888888886,37.354166666666664,7.548611111111112,0,0
tile_4.49_28.png,train,0,9.11111111111111,0,64.72222222222223,6.722222222222222,19.444444444444446,0
tile_4.49_29.png,train,0,6.381944444444445,0.3472222222222222,50.93055555555556,37.72222222222222,4.618055555555555,0
tile_4.49_3.png,train,0,23.756944444444443,0,61.09027777777778,15.152777777777779,0,0
tile_4.49_30.png,train,0,3.201388888888889,18.118055555555557,30.729166666666668,47.95138888888889,0,0
tile_4.49_31.png,train,0,0,50.94444444444445,24.57638888888889,24.479166666666664,0,0
tile_4.49_32.png,train,0.09722222222222222,0,66.125,18.368055555555557,15.409722222222221,0,0
tile_4.49_33.png,train,0.09722222222222222,4.861111111111112,62.45138888888889,30.583333333333336,2.0069444444444446,0,0
tile_4.49_34.png,train,0,21.36111111111111,50.9375,27.70138888888889,0,0,0
tile_4.49_35.png,train,0,37.69444444444445,37.51388888888889,24.72222222222222,0.06944444444444445,0,0
tile_4.49_36.png,train,21.15277777777778,26.63888888888889,18.54861111111111,32.03472222222222,1.625,0,0
tile_4.49_37.png,train,0,12.937499999999998,0.5,31.03472222222222,7.4375,48.09027777777778,0
tile_4.49_38.png,train,0,16.854166666666668,12.666666666666668,44.145833333333336,18.006944444444446,8.32638888888889,0
tile_4.49_39.png,train,0,4.826388888888889,46.326388888888886,26.611111111111114,22.23611111111111,0,0
tile_4.49_4.png,train,0,26.52777777777778,0,27.756944444444443,45.71527777777778,0,0
tile_4.49_40.png,train,0,0,58.88888888888889,35.13194444444444,5.979166666666667,0,0
tile_4.49_41.png,train,0,0,34.78472222222222,65.21527777777779,0,0,0
tile_4.49_42.png,train,0,5.354166666666667,15.097222222222223,79.54861111111111,0,0,0
tile_4.49_43.png,train,0,24.77777777777778,18.11111111111111,57.111111111111114,0,0,0
tile_4.49_44.png,train,0,41.39583333333333,29.618055555555557,28.986111111111114,0,0,0
tile_4.49_45.png,train,26.743055555555557,30.194444444444446,20.256944444444443,22.805555555555557,0,0,0
tile_4.49_46.png,train,0,10.11111111111111,18.541666666666668,27.423611111111114,4.916666666666666,39.00694444444445,0
tile_4.49_47.png,train,0,11.229166666666666,46.666666666666664,30.854166666666664,6.305555555555556,4.944444444444445,0
tile_4.49_48.png,train,0,2.0625,45.22222222222222,45.951388888888886,6.763888888888888,0,0
tile_4.49_49.png,train,0,0,18.194444444444443,79.36805555555554,2.4375,0,0
tile_4.49_5.png,train,0,14.840277777777777,0,26.75,58.40972222222223,0,0
tile_4.49_50.png,train,0,0,1.1666666666666667,98.83333333333333,0,0,0
tile_4.49_51.png,train,0,0.4930555555555555,0.0763888888888889,99.43055555555556,0,0,0
tile_4.49_52.png,train,0,3.958333333333333,5.4375,90.60416666666666,0,0,0
tile_4.49_53.png,train,0,14.222222222222221,16.708333333333332,69.06944444444446,0,0,0
tile_4.49_54.png,train,8.875,23.875,27.013888888888886,40.236111111111114,0,0,0
tile_4.49_55.png,train,0,5.930555555555555,49.09722222222222,30.631944444444443,3.979166666666667,10.36111111111111,0
tile_4.49_56.png,train,0,20.868055555555557,54.888888888888886,17.63888888888889,5.368055555555555,1.2361111111111112,0
tile_4.49_57.png,train,0,17.881944444444446,18.444444444444443,56.90972222222223,6.763888888888888,0,0
tile_4.49_58.png,train,0,0.027777777777777776,0.14583333333333334,97.0,2.826388888888889,0,0
tile_4.49_59.png,train,0,0.6319444444444444,0,85.17361111111111,14.194444444444446,0,0
tile_4.49_6.png,train,4.5,9.01388888888889,0,50.59027777777778,35.895833333333336,0,0
tile_4.49_60.png,train,0,0.6041666666666666,0,85.57638888888889,13.819444444444445,0,0
tile_4.49_61.png,train,0,0,0,99.52777777777779,0.4722222222222222,0,0
tile_4.49_62.png,train,0,0,5.958333333333334,93.58333333333333,0.4583333333333333,0,0
tile_4.49_63.png,train,0,11.381944444444445,31.458333333333332,57.15972222222222,0,0,0
tile_4.49_64.png,train,0,28.791666666666664,56.41666666666667,14.791666666666666,0,0,0
tile_4.49_65.png,train,0,43.25694444444444,25.513888888888893,31.229166666666668,0,0,0
tile_4.49_66.png,train,0,20.555555555555554,2.4444444444444446,77.0,0,0,0
tile_4.49_67.png,train,0,1.1944444444444444,0,97.20138888888889,1.6041666666666665,0,0
tile_4.49_68.png,train,0,9.0,0,65.72916666666667,25.270833333333332,0,0
tile_4.49_69.png,train,0,7.805555555555556,0,66.86805555555554,25.32638888888889,0,0
tile_4.49_7.png,train,13.86111111111111,10.42361111111111,3.3888888888888893,56.97222222222222,15.354166666666666,0,0
tile_4.49_70.png,train,0,0,0,94.80555555555556,5.194444444444445,0,0
tile_4.49_71.png,train,0,2.3819444444444446,5.180555555555555,88.90277777777777,3.5347222222222223,0,0
tile_4.49_72.png,train,0,27.875,24.298611111111114,47.826388888888886,0,0,0
tile_4.49_73.png,train,0,60.42361111111111,37.24305555555556,2.3333333333333335,0,0,0
tile_4.49_74.png,train,0,35.513888888888886,18.07638888888889,46.40972222222222,0,0,0
tile_4.49_75.png,train,0,2.673611111111111,3.25,94.07638888888889,0,0,0
tile_4.49_76.png,train,0,6.708333333333333,0,92.0763888888889,1.215277777777778,0,0
tile_4.49_77.png,train,0,13.909722222222223,0,73.83333333333333,12.256944444444445,0,0
tile_4.49_78.png,train,0,7.201388888888889,0,76.9375,15.861111111111112,0,0
tile_4.49_79.png,train,0,0,0,91.0138888888889,8.98611111111111,0,0
tile_4.49_8.png,train,18.819444444444443,15.284722222222221,16.96527777777778,42.38194444444445,6.548611111111111,0,0
tile_4.49_80.png,train,0,10.145833333333334,7.423611111111112,78.26388888888889,4.166666666666666,0,0
tile_4.49_81.png,train,0,48.25,19.319444444444443,32.43055555555556,0,0,0
tile_4.49_9.png,train,19.65972222222222,9.67361111111111,31.0625,31.645833333333336,7.958333333333334,0,0
tile_5.15_1.png,train,99.48611111111111,0,0,0.513888888888889,0,0,0
tile_5.15_10.png,train,99.46527777777779,0,0,0.5347222222222222,0,0,0
tile_5.15_11.png,train,83.54861111111111,1.215277777777778,0,5.152777777777778,10.083333333333332,0,0
tile_5.15_12.png,train,78.19444444444444,1.6805555555555556,0,8.777777777777777,11.347222222222223,0,0
tile_5.15_13.png,train,86.84722222222221,0.46527777777777773,0,11.42361111111111,1.2638888888888888,0,0
tile_5.15_14.png,train,80.22222222222221,0,0,19.77777777777778,0,0,0
tile_5.15_15.png,train,87.48611111111111,0,0,12.513888888888888,0,0,0
tile_5.15_16.png,train,100.0,0,0,0,0,0,0
tile_5.15_17.png,train,100.0,0,0,0,0,0,0
tile_5.15_18.png,train,100.0,0,0,0,0,0,0
tile_5.15_19.png,train,80.20138888888889,16.22222222222222,1.9166666666666665,1.3472222222222223,0.3125,0,0
tile_5.15_2.png,train,82.27083333333334,0,0,8.75,8.979166666666668,0,0
tile_5.15_20.png,train,55.1875,30.5,8.270833333333332,3.861111111111111,2.180555555555556,0,0
tile_5.15_21.png,train,56.97916666666667,20.59722222222222,6.354166666666666,14.20138888888889,1.8680555555555554,0,0
tile_5.15_22.png,train,77.89583333333333,3.4513888888888884,0,18.652777777777775,0,0,0
tile_5.15_23.png,train,76.4513888888889,0,0,23.54861111111111,0,0,0
tile_5.15_24.png,train,83.41666666666666,0,0,16.583333333333332,0,0,0
tile_5.15_25.png,train,100.0,0,0,0,0,0,0
tile_5.15_26.png,train,100.0,0,0,0,0,0,0
tile_5.15_27.png,train,100.0,0,0,0,0,0,0
tile_5.15_28.png,train,35.65972222222222,37.97222222222222,3.361111111111111,12.305555555555555,10.70138888888889,0,0
tile_5.15_29.png,train,26.270833333333332,33.55555555555556,8.270833333333332,12.381944444444445,19.520833333333336,0,0
tile_5.15_3.png,train,72.01388888888889,0,0,17.743055555555557,10.243055555555555,0,0
tile_5.15_30.png,train,50.65972222222223,19.77777777777778,6.354166666666666,14.38888888888889,8.819444444444445,0,0
tile_5.15_31.png,train,73.6875,2.986111111111111,0,23.32638888888889,0,0,0
tile_5.15_32.png,train,82.59722222222223,0,0,17.40277777777778,0,0,0
tile_5.15_33.png,train,91.88888888888889,0,0,8.11111111111111,0,0,0
tile_5.15_34.png,train,99.8125,0,0,0.1875,0,0,0
tile_5.15_35.png,train,100.0,0,0,0,0,0,0
tile_5.15_36.png,train,100.0,0,0,0,0,0,0
tile_5.15_37.png,train,47.30555555555556,24.57638888888889,1.4444444444444444,15.694444444444445,10.979166666666666,0,0
tile_5.15_38.png,train,45.69444444444444,17.78472222222222,0,15.854166666666666,20.666666666666668,0,0
tile_5.15_39.png,train,62.97222222222222,17.59027777777778,0,9.75,9.6875,0,0
tile_5.15_4.png,train,85.61805555555554,0,0,13.118055555555555,1.2638888888888888,0,0
tile_5.15_40.png,train,74.52777777777779,8.777777777777777,0,16.694444444444446,0,0,0
tile_5.15_41.png,train,74.39583333333334,6.770833333333333,0,18.833333333333332,0,0,0
tile_5.15_42.png,train,76.66666666666667,1.2083333333333333,0,22.125,0,0,0
tile_5.15_43.png,train,89.13194444444444,0,0,10.868055555555555,0,0,0
tile_5.15_44.png,train,99.99305555555556,0,0,0.006944444444444444,0,0,0
tile_5.15_45.png,train,100.0,0,0,0,0,0,0
tile_5.15_46.png,train,82.94444444444444,2.826388888888889,0,13.63888888888889,0.5902777777777778,0,0
tile_5.15_47.png,train,66.45138888888889,23.430555555555554,0,7.895833333333334,2.2222222222222223,0,0
tile_5.15_48.png,train,57.75694444444445,29.569444444444443,0.09722222222222222,10.944444444444445,1.6319444444444446,0,0
tile_5.15_49.png,train,58.229166666666664,21.243055555555557,1.8680555555555554,18.65972222222222,0,0,0
tile_5.15_5.png,train,96.38888888888889,0,0,3.6111111111111107,0,0,0
tile_5.15_50.png,train,50.798611111111114,17.01388888888889,1.7708333333333333,30.416666666666664,0,0,0
tile_5.15_51.png,train,61.52777777777778,1.9097222222222223,0,36.5625,0,0,0
tile_5.15_52.png,train,83.63194444444444,0,0,16.368055555555554,0,0,0
tile_5.15_53.png,train,99.92361111111111,0,0,0.0763888888888889,0,0,0
tile_5.15_54.png,train,100.0,0,0,0,0,0,0
tile_5.15_55.png,train,87.61805555555556,0,0,12.381944444444445,0,0,0
tile_5.15_56.png,train,80.77083333333334,10.527777777777777,0,8.70138888888889,0,0,0
tile_5.15_57.png,train,58.75,18.006944444444446,0.9791666666666667,22.26388888888889,0,0,0
tile_5.15_58.png,train,30.28472222222222,38.645833333333336,3.277777777777778,27.680555555555557,0.1111111111111111,0,0
tile_5.15_59.png,train,17.82638888888889,37.583333333333336,2.298611111111111,26.618055555555554,15.67361111111111,0,0
tile_5.15_6.png,train,100.0,0,0,0,0,0,0
tile_5.15_60.png,train,52.40972222222222,6.416666666666666,0,24.006944444444443,17.166666666666668,0,0
tile_5.15_61.png,train,90.10416666666666,0,0,8.291666666666666,1.6041666666666665,0,0
tile_5.15_62.png,train,99.93055555555556,0,0,0.06944444444444445,0,0,0
tile_5.15_63.png,train,100.0,0,0,0,0,0,0
tile_5.15_64.png,train,96.54166666666667,0,0,3.4583333333333335,0,0,0
tile_5.15_65.png,train,82.22222222222221,11.430555555555555,0.2013888888888889,6.145833333333333,0,0,0
tile_5.15_66.png,train,50.458333333333336,32.43055555555556,1.7083333333333333,15.402777777777779,0,0,0
tile_5.15_67.png,train,30.88888888888889,44.958333333333336,2.0347222222222223,13.61111111111111,8.506944444444445,0,0
tile_5.15_68.png,train,16.680555555555557,29.673611111111107,0.5277777777777778,4.743055555555555,48.375,0,0
tile_5.15_69.png,train,30.180555555555554,5.715277777777778,0,16.01388888888889,48.09027777777778,0,0
tile_5.15_7.png,train,98.22916666666667,1.7708333333333333,0,0,0,0,0
tile_5.15_70.png,train,76.28472222222223,0,0,15.493055555555554,8.222222222222223,0,0
tile_5.15_71.png,train,97.59722222222223,0,0,2.4027777777777777,0,0,0
tile_5.15_72.png,train,99.36111111111111,0,0,0.638888888888889,0,0,0
tile_5.15_73.png,train,97.1875,0,0,2.8125,0,0,0
tile_5.15_74.png,train,80.15972222222221,19.63888888888889,0.2013888888888889,0,0,0,0
tile_5.15_75.png,train,53.6875,45.48611111111111,0.8263888888888888,0,0,0,0
tile_5.15_76.png,train,62.798611111111114,28.180555555555554,0.625,0,8.395833333333332,0,0
tile_5.15_77.png,train,58.22222222222222,2.3333333333333335,0,4.375,35.06944444444444,0,0
tile_5.15_78.png,train,46.30555555555556,0.4930555555555555,0,19.79861111111111,33.40277777777778,0,0
tile_5.15_79.png,train,59.88194444444444,15.562500000000002,0,17.82638888888889,6.729166666666667,0,0
tile_5.15_8.png,train,96.95138888888889,3.048611111111111,0,0,0,0,0
tile_5.15_80.png,train,74.77083333333333,22.82638888888889,0,2.4027777777777777,0,0,0
tile_5.15_81.png,train,85.79861111111111,7.756944444444444,0,6.444444444444445,0,0,0
tile_5.15_9.png,train,98.72222222222223,1.277777777777778,0,0,0,0,0
tile_5.17_1.png,train,100.0,0,0,0,0,0,0
tile_5.17_10.png,train,100.0,0,0,0,0,0,0
tile_5.17_11.png,train,96.53472222222223,0,0,3.4652777777777777,0,0,0
tile_5.17_12.png,train,96.53472222222223,0,0,3.4652777777777777,0,0,0
tile_5.17_13.png,train,100.0,0,0,0,0,0,0
tile_5.17_14.png,train,95.22916666666667,0,0,4.770833333333333,0,0,0
tile_5.17_15.png,train,73.43055555555556,0,0,21.92361111111111,4.645833333333333,0,0
tile_5.17_16.png,train,34.06944444444445,2.138888888888889,0,35.798611111111114,27.993055555555557,0,0
tile_5.17_17.png,train,5.868055555555555,12.82638888888889,1.6736111111111112,52.21527777777778,27.416666666666668,0,0
tile_5.17_18.png,train,0,21.48611111111111,3.8125,70.63194444444446,4.069444444444445,0,0
tile_5.17_19.png,train,100.0,0,0,0,0,0,0
tile_5.17_2.png,train,96.53472222222223,0,0,3.4652777777777777,0,0,0
tile_5.17_20.png,train,100.0,0,0,0,0,0,0
tile_5.17_21.png,train,100.0,0,0,0,0,0,0
tile_5.17_22.png,train,100.0,0,0,0,0,0,0
tile_5.17_23.png,train,81.36805555555556,0,0,18.02777777777778,0.6041666666666666,0,0
tile_5.17_24.png,train,48.42361111111111,3.0277777777777777,0,25.930555555555557,22.618055555555554,0,0
tile_5.17_25.png,train,17.493055555555557,20.53472222222222,0.013888888888888888,27.88888888888889,34.06944444444445,0,0
tile_5.17_26.png,train,0.43750000000000006,30.1875,0.013888888888888888,57.30555555555556,12.055555555555555,0,0
tile_5.17_27.png,train,0,24.243055555555557,0.9166666666666666,74.84027777777777,0,0,0
tile_5.17_28.png,train,93.29166666666666,0.798611111111111,0,0.08333333333333334,5.826388888888888,0,0
tile_5.17_29.png,train,99.45833333333334,0,0,0.5416666666666667,0,0,0
tile_5.17_3.png,train,96.53472222222223,0,0,3.4652777777777777,0,0,0
tile_5.17_30.png,train,99.33333333333333,0,0,0.6666666666666667,0,0,0
tile_5.17_31.png,train,99.875,0,0,0.125,0,0,0
tile_5.17_32.png,train,72.68055555555556,0.2777777777777778,0,13.256944444444443,13.784722222222223,0,0
tile_5.17_33.png,train,27.284722222222225,18.84027777777778,0,13.256944444444443,40.61805555555556,0,0
tile_5.17_34.png,train,4.604166666666667,42.604166666666664,12.430555555555555,12.583333333333332,27.77777777777778,0,0
tile_5.17_35.png,train,0,35.16666666666667,23.04861111111111,40.84027777777778,0.9444444444444444,0,0
tile_5.17_36.png,train,0,32.354166666666664,23.208333333333332,44.4375,0,0,0
tile_5.17_37.png,train,51.90972222222222,11.76388888888889,0,12.555555555555555,23.770833333333332,0,0
tile_5.17_38.png,train,80.41666666666667,2.138888888888889,0,4.638888888888889,12.805555555555555,0,0
tile_5.17_39.png,train,95.82638888888889,0,0,3.6319444444444446,0.5416666666666667,0,0
tile_5.17_4.png,train,100.0,0,0,0,0,0,0
tile_5.17_40.png,train,92.47916666666667,0,0,1.027777777777778,6.493055555555556,0,0
tile_5.17_41.png,train,55.1875,10.743055555555555,0,0,34.06944444444445,0,0
tile_5.17_42.png,train,11.680555555555555,43.65972222222222,1.1944444444444444,6.423611111111111,37.041666666666664,0,0
tile_5.17_43.png,train,0,47.333333333333336,26.618055555555554,16.583333333333332,9.465277777777779,0,0
tile_5.17_44.png,train,0,27.243055555555557,49.30555555555556,23.45138888888889,0,0,0
tile_5.17_45.png,train,0,32.25,43.701388888888886,24.04861111111111,0,0,0
tile_5.17_46.png,train,12.770833333333334,24.145833333333332,0,28.23611111111111,34.84722222222222,0,0
tile_5.17_47.png,train,59.979166666666664,6.590277777777779,0,15.562500000000002,17.868055555555557,0,0
tile_5.17_48.png,train,95.0,0,0,2.9652777777777777,2.0347222222222223,0,0
tile_5.17_49.png,train,69.25,3.5347222222222223,0,0.9027777777777777,26.3125,0,0
tile_5.17_5.png,train,100.0,0,0,0,0,0,0
tile_5.17_50.png,train,21.65277777777778,38.048611111111114,0,0,40.29861111111111,0,0
tile_5.17_51.png,train,0.1388888888888889,66.27777777777779,8.756944444444445,9.479166666666666,15.347222222222223,0,0
tile_5.17_52.png,train,0,50.30555555555556,33.90277777777778,15.791666666666668,0,0,0
tile_5.17_53.png,train,0,31.395833333333336,45.38194444444444,23.22222222222222,0,0,0
tile_5.17_54.png,train,0,33.416666666666664,37.09722222222222,29.486111111111114,0,0,0
tile_5.17_55.png,train,21.86111111111111,13.180555555555557,0,39.9375,25.020833333333332,0,0
tile_5.17_56.png,train,71.65972222222223,4.451388888888888,0,18.82638888888889,5.0625,0,0
tile_5.17_57.png,train,83.22222222222221,0.4722222222222222,0,0,16.305555555555557,0,0
tile_5.17_58.png,train,36.361111111111114,22.645833333333336,0,0,40.99305555555556,0,0
tile_5.17_59.png,train,3.006944444444444,71.22222222222221,0,0,25.770833333333332,0,0
tile_5.17_6.png,train,88.81944444444444,0,0,11.180555555555555,0,0,0
tile_5.17_60.png,train,0,80.72916666666666,15.187500000000002,3.131944444444444,0.951388888888889,0,0
tile_5.17_61.png,train,0,47.22222222222222,45.55555555555556,7.222222222222221,0,0,0
tile_5.17_62.png,train,0,43.94444444444445,41.36805555555556,14.6875,0,0,0
tile_5.17_63.png,train,0,55.49305555555556,25.92361111111111,18.583333333333332,0,0,0
tile_5.17_64.png,train,55.548611111111114,0,0,36.333333333333336,8.118055555555555,0,0
tile_5.17_65.png,train,85.23611111111111,0,0,7.361111111111112,7.402777777777778,0,0
tile_5.17_66.png,train,52.34722222222222,11.083333333333334,0,0,36.56944444444444,0,0
tile_5.17_67.png,train,9.75,54.72222222222223,0,0,35.52777777777778,0,0
tile_5.17_68.png,train,0,93.54166666666667,0.09722222222222222,0,6.361111111111111,0,0
tile_5.17_69.png,train,0,78.06944444444444,16.73611111111111,5.194444444444445,0,0,0
tile_5.17_7.png,train,52.87500000000001,0,0,34.020833333333336,13.104166666666666,0,0
tile_5.17_70.png,train,0,48.20833333333333,36.38194444444444,15.409722222222221,0,0,0
tile_5.17_71.png,train,0,57.125,25.21527777777778,17.65972222222222,0,0,0
tile_5.17_72.png,train,0,54.986111111111114,11.680555555555555,33.33333333333333,0,0,0
tile_5.17_73.png,train,86.41666666666666,0,0,12.159722222222221,1.4236111111111112,0,0
tile_5.17_74.png,train,68.98611111111111,4.048611111111111,0,0,26.96527777777778,0,0
tile_5.17_75.png,train,20.444444444444446,38.24305555555556,0,0,41.3125,0,0
tile_5.17_76.png,train,0.034722222222222224,84.19444444444444,0,0,15.770833333333334,0,0
tile_5.17_77.png,train,0,90.59027777777777,0.1388888888888889,9.270833333333334,0,0,0
tile_5.17_78.png,train,0,62.22916666666667,9.347222222222221,28.423611111111114,0,0,0
tile_5.17_79.png,train,0,57.770833333333336,10.722222222222221,31.506944444444446,0,0,0
tile_5.17_8.png,train,16.875,1.7500000000000002,1.7361111111111112,46.125,33.513888888888886,0,0
tile_5.17_80.png,train,0,66.0,2.9583333333333335,31.041666666666668,0,0,0
tile_5.17_81.png,train,0,42.88194444444444,1.4444444444444444,55.67361111111111,0,0,0
tile_5.17_9.png,train,2.8194444444444446,18.51388888888889,3.916666666666667,54.09722222222222,20.65277777777778,0,0
tile_5.18_1.png,train,0,29.57638888888889,14.166666666666666,55.833333333333336,0.42361111111111116,0,0
tile_5.18_10.png,train,0,24.625,1.3125,50.33333333333333,23.729166666666668,0,0
tile_5.18_11.png,train,0,10.416666666666668,0.08333333333333334,63.0,26.5,0,0
tile_5.18_12.png,train,0,32.52777777777778,10.145833333333334,53.152777777777786,4.173611111111112,0,0
tile_5.18_13.png,train,0,55.888888888888886,25.701388888888886,18.40972222222222,0,0,0
tile_5.18_14.png,train,0,29.82638888888889,63.22222222222222,6.951388888888889,0,0,0
tile_5.18_15.png,train,0,6.618055555555556,68.52083333333333,24.86111111111111,0,0,0
tile_5.18_16.png,train,0,22.555555555555557,20.854166666666664,56.59027777777778,0,0,0
tile_5.18_17.png,train,0,32.951388888888886,5.756944444444445,55.25,6.041666666666667,0,0
tile_5.18_18.png,train,0,29.694444444444446,5.756944444444445,47.41666666666667,17.131944444444443,0,0
tile_5.18_19.png,train,0,10.444444444444445,0,39.13888888888889,50.416666666666664,0,0
tile_5.18_2.png,train,0,23.180555555555554,12.222222222222221,64.1736111111111,0.42361111111111116,0,0
tile_5.18_20.png,train,0,1.6736111111111112,2.0416666666666665,50.11805555555555,46.166666666666664,0,0
tile_5.18_21.png,train,0,12.659722222222221,23.23611111111111,59.93055555555556,4.173611111111112,0,0
tile_5.18_22.png,train,0,28.812500000000004,52.51388888888889,18.67361111111111,0,0,0
tile_5.18_23.png,train,0,17.8125,81.31944444444444,0.8680555555555556,0,0,0
tile_5.18_24.png,train,0,17.54861111111111,67.38888888888889,15.0625,0,0,0
tile_5.18_25.png,train,0,41.34722222222222,21.319444444444443,37.333333333333336,0,0,0
tile_5.18_26.png,train,0,39.55555555555556,10.20138888888889,45.84027777777778,4.402777777777778,0,0
tile_5.18_27.png,train,0,35.479166666666664,10.840277777777779,38.708333333333336,14.972222222222223,0,0
tile_5.18_28.png,train,0,7.798611111111112,3.006944444444444,57.74305555555556,31.451388888888886,0,0
tile_5.18_29.png,train,0,9.319444444444445,6.868055555555555,60.71527777777778,23.09722222222222,0,0
tile_5.18_3.png,train,0,53.479166666666664,13.354166666666668,33.166666666666664,0,0,0
tile_5.18_30.png,train,0,17.006944444444443,37.67361111111111,45.31944444444444,0,0,0
tile_5.18_31.png,train,0,15.493055555555554,72.99305555555556,11.51388888888889,0,0,0
tile_5.18_32.png,train,0,14.118055555555555,78.49305555555556,7.388888888888889,0,0,0
tile_5.18_33.png,train,0,33.69444444444444,50.84722222222222,15.458333333333332,0,0,0
tile_5.18_34.png,train,0,52.38194444444444,20.881944444444443,26.73611111111111,0,0,0
tile_5.18_35.png,train,0,40.06944444444444,11.819444444444445,48.11111111111111,0,0,0
tile_5.18_36.png,train,0,28.875,12.409722222222221,57.208333333333336,1.5069444444444444,0,0
tile_5.18_37.png,train,0,25.680555555555557,7.090277777777778,62.88888888888889,4.340277777777778,0,0
tile_5.18_38.png,train,0,20.11111111111111,13.208333333333332,63.67361111111111,3.006944444444444,0,0
tile_5.18_39.png,train,0,31.770833333333332,29.1875,39.04166666666667,0,0,0
tile_5.18_4.png,train,0,60.49305555555555,30.027777777777775,9.479166666666666,0,0,0
tile_5.18_40.png,train,0,21.083333333333336,63.25694444444444,15.659722222222221,0,0,0
tile_5.18_41.png,train,0,25.201388888888886,65.61805555555556,9.180555555555555,0,0,0
tile_5.18_42.png,train,0,46.03472222222222,37.72916666666667,16.23611111111111,0,0,0
tile_5.18_43.png,train,0,42.92361111111111,30.96527777777778,26.111111111111114,0,0,0
tile_5.18_44.png,train,0,37.625,17.041666666666664,45.33333333333333,0,0,0
tile_5.18_45.png,train,0,30.166666666666668,9.708333333333332,60.12499999999999,0,0,0
tile_5.18_46.png,train,0,30.555555555555557,14.319444444444446,55.125,0,0,0
tile_5.18_47.png,train,0,35.791666666666664,16.90972222222222,47.298611111111114,0,0,0
tile_5.18_48.png,train,0,38.54166666666667,23.4375,38.02083333333333,0,0,0
tile_5.18_49.png,train,0,17.98611111111111,59.798611111111114,22.21527777777778,0,0,0
tile_5.18_5.png,train,0,40.30555555555556,51.583333333333336,8.11111111111111,0,0,0
tile_5.18_50.png,train,0,30.194444444444446,59.548611111111114,10.256944444444445,0,0,0
tile_5.18_51.png,train,0,54.23611111111111,29.388888888888886,16.375,0,0,0
tile_5.18_52.png,train,0,43.88194444444444,35.25694444444444,20.86111111111111,0,0,0
tile_5.18_53.png,train,0,29.555555555555557,32.19444444444444,38.25,0,0,0
tile_5.18_54.png,train,0,34.236111111111114,21.479166666666664,44.28472222222222,0,0,0
tile_5.18_55.png,train,0,37.333333333333336,21.770833333333332,40.89583333333333,0,0,0
tile_5.18_56.png,train,0,38.31944444444444,27.45138888888889,34.229166666666664,0,0,0
tile_5.18_57.png,train,0,21.4375,34.15972222222222,44.40277777777778,0,0,0
tile_5.18_58.png,train,0,8.027777777777779,55.50694444444444,36.46527777777778,0,0,0
tile_5.18_59.png,train,0,30.34027777777778,46.833333333333336,22.82638888888889,0,0,0
tile_5.18_6.png,train,0,21.5625,56.43055555555555,22.006944444444446,0,0,0
tile_5.18_60.png,train,0,50.79166666666667,18.604166666666664,30.604166666666664,0,0,0
tile_5.18_61.png,train,0,36.5,29.055555555555557,34.44444444444444,0,0,0
tile_5.18_62.png,train,0,25.930555555555557,42.26388888888889,31.805555555555554,0,0,0
tile_5.18_63.png,train,0,34.979166666666664,33.5625,31.458333333333332,0,0,0
tile_5.18_64.png,train,0,60.958333333333336,22.75,16.291666666666664,0,0,0
tile_5.18_65.png,train,0,31.874999999999996,33.979166666666664,34.14583333333333,0,0,0
tile_5.18_66.png,train,0,0,37.06944444444444,62.93055555555556,0,0,0
tile_5.18_67.png,train,0,0,32.708333333333336,67.29166666666667,0,0,0
tile_5.18_68.png,train,0,29.458333333333332,29.15277777777778,41.388888888888886,0,0,0
tile_5.18_69.png,train,0,45.263888888888886,23.9375,30.798611111111114,0,0,0
tile_5.18_7.png,train,0,21.291666666666668,26.20138888888889,52.50694444444445,0,0,0
tile_5.18_70.png,train,0,28.53472222222222,33.86111111111111,37.604166666666664,0,0,0
tile_5.18_71.png,train,0,37.79166666666667,41.53472222222222,20.67361111111111,0,0,0
tile_5.18_72.png,train,0,28.805555555555557,31.083333333333336,40.11111111111111,0,0,0
tile_5.18_73.png,train,0,61.71527777777778,24.82638888888889,13.458333333333334,0,0,0
tile_5.18_74.png,train,0,26.437500000000004,49.298611111111114,24.26388888888889,0,0,0
tile_5.18_75.png,train,0,1.6805555555555556,56.1875,42.13194444444445,0,0,0
tile_5.18_76.png,train,0,7.5,40.45138888888889,52.04861111111111,0,0,0
tile_5.18_77.png,train,0,33.451388888888886,36.36805555555556,30.180555555555554,0,0,0
tile_5.18_78.png,train,0,43.583333333333336,30.40277777777778,26.013888888888886,0,0,0
tile_5.18_79.png,train,0,25.243055555555554,22.96527777777778,51.79166666666667,0,0,0
tile_5.18_8.png,train,0,36.55555555555556,1.5277777777777777,60.27777777777777,1.638888888888889,0,0
tile_5.18_80.png,train,0,32.79166666666667,30.527777777777775,36.68055555555556,0,0,0
tile_5.18_81.png,train,0,32.59027777777778,25.090277777777775,42.31944444444444,0,0,0
tile_5.18_9.png,train,0,31.993055555555554,1.5277777777777777,62.81250000000001,3.6666666666666665,0,0
tile_5.19_1.png,train,0,31.32638888888889,2.7083333333333335,65.96527777777777,0,0,0
tile_5.19_10.png,train,0,24.48611111111111,7.305555555555555,68.20833333333334,0,0,0
tile_5.19_11.png,train,0,43.6875,14.916666666666668,41.39583333333333,0,0,0
tile_5.19_12.png,train,0,44.86805555555556,18.756944444444446,36.375,0,0,0
tile_5.19_13.png,train,0,45.71527777777778,14.430555555555555,39.423611111111114,0.4305555555555556,0,0
tile_5.19_14.png,train,0,23.430555555555554,3.6458333333333335,70.36805555555556,2.555555555555556,0,0
tile_5.19_15.png,train,0,22.3125,8.090277777777779,67.47222222222223,2.125,0,0
tile_5.19_16.png,train,0,55.50000000000001,11.54861111111111,32.951388888888886,0,0,0
tile_5.19_17.png,train,0,48.71527777777778,14.631944444444445,31.13888888888889,5.513888888888889,0,0
tile_5.19_18.png,train,10.215277777777777,15.729166666666666,11.131944444444445,33.15972222222222,29.76388888888889,0,0
tile_5.19_19.png,train,0,26.5625,7.513888888888889,65.92361111111111,0,0,0
tile_5.19_2.png,train,0,30.819444444444443,3.722222222222222,65.45833333333333,0,0,0
tile_5.19_20.png,train,0,47.13888888888889,17.78472222222222,35.076388888888886,0,0,0
tile_5.19_21.png,train,0,46.88194444444444,18.34722222222222,34.770833333333336,0,0,0
tile_5.19_22.png,train,0,35.95833333333333,8.07638888888889,55.833333333333336,0.13194444444444445,0,0
tile_5.19_23.png,train,0,16.6875,0.3055555555555556,81.59722222222221,1.4097222222222223,0,0
tile_5.19_24.png,train,0,29.375,10.840277777777779,58.50694444444444,1.277777777777778,0,0
tile_5.19_25.png,train,0,49.77777777777778,19.59027777777778,30.631944444444443,0,0,0
tile_5.19_26.png,train,0,31.791666666666668,14.4375,40.33333333333333,13.25,0,0.1875
tile_5.19_27.png,train,15.652777777777777,7.124999999999999,5.381944444444445,33.35416666666667,38.298611111111114,0,0.1875
tile_5.19_28.png,train,0,29.229166666666668,0.9930555555555556,69.77777777777779,0,0,0
tile_5.19_29.png,train,0,37.96527777777778,3.6527777777777777,58.38194444444444,0,0,0
tile_5.19_3.png,train,0,36.99305555555556,8.70138888888889,54.30555555555555,0,0,0
tile_5.19_30.png,train,0,45.59722222222222,5.4375,48.96527777777778,0,0,0
tile_5.19_31.png,train,0,29.729166666666668,2.7777777777777777,67.49305555555556,0,0,0
tile_5.19_32.png,train,0,14.277777777777779,2.7916666666666665,82.93055555555556,0,0,0
tile_5.19_33.png,train,0,37.145833333333336,12.67361111111111,50.18055555555555,0,0,0
tile_5.19_34.png,train,0,49.958333333333336,20.65277777777778,29.388888888888886,0,0,0
tile_5.19_35.png,train,0.33333333333333337,23.395833333333332,13.1875,38.61805555555556,20.59027777777778,0,3.875
tile_5.19_36.png,train,7.187499999999999,0.20833333333333334,2.4166666666666665,25.090277777777775,61.22222222222222,0,3.875
tile_5.19_37.png,train,0,28.90277777777778,0.09722222222222222,71.0,0,0,0
tile_5.19_38.png,train,0,35.53472222222222,0.09722222222222222,64.36805555555556,0,0,0
tile_5.19_39.png,train,0,39.38888888888889,0,60.611111111111114,0,0,0
tile_5.19_4.png,train,0,38.86805555555555,11.3125,49.52083333333333,0.2986111111111111,0,0
tile_5.19_40.png,train,0,22.618055555555554,0,77.38194444444444,0,0,0
tile_5.19_41.png,train,0,15.972222222222221,2.486111111111111,81.04861111111111,0.4930555555555555,0,0
tile_5.19_42.png,train,0,31.937500000000004,3.722222222222222,63.84722222222222,0.4930555555555555,0,0
tile_5.19_43.png,train,0,36.24305555555555,5.784722222222222,45.99305555555556,10.590277777777777,0,1.3888888888888888
tile_5.19_44.png,train,10.958333333333334,15.513888888888888,4.548611111111111,29.868055555555557,31.590277777777775,0,7.520833333333334
tile_5.19_45.png,train,10.958333333333334,0,0,11.909722222222221,71.0,0,6.131944444444445
tile_5.19_46.png,train,0,28.756944444444443,11.555555555555555,52.79166666666667,0,0,6.895833333333333
tile_5.19_47.png,train,0,30.72222222222222,11.083333333333334,58.19444444444445,0,0,0
tile_5.19_48.png,train,0,24.305555555555554,6.131944444444445,69.5625,0,0,0
tile_5.19_49.png,train,0,22.493055555555554,5.243055555555555,72.2638888888889,0,0,0
tile_5.19_5.png,train,0,17.79861111111111,11.902777777777777,69.15277777777777,1.1458333333333333,0,0
tile_5.19_50.png,train,0,25.340277777777775,4.805555555555555,66.07638888888889,3.7777777777777777,0,0
tile_5.19_51.png,train,0,29.375,0,64.53472222222221,6.090277777777778,0,0
tile_5.19_52.png,train,2.9583333333333335,19.451388888888886,0.9930555555555556,45.173611111111114,26.930555555555557,0,4.493055555555555
tile_5.19_53.png,train,29.59027777777778,5.069444444444445,0.9930555555555556,14.36111111111111,43.048611111111114,0,6.937500000000001
tile_5.19_54.png,train,26.631944444444443,0,0,2.493055555555556,66.20833333333334,2.2222222222222223,2.4444444444444446
tile_5.19_55.png,train,0,42.076388888888886,20.97222222222222,30.055555555555557,0,0,6.895833333333333
tile_5.19_56.png,train,0,34.53472222222223,24.708333333333332,40.75694444444444,0,0,0
tile_5.19_57.png,train,0,26.92361111111111,13.729166666666668,59.166666666666664,0.18055555555555555,0,0
tile_5.19_58.png,train,0,43.604166666666664,14.70138888888889,40.770833333333336,0.9236111111111112,0,0
tile_5.19_59.png,train,0,34.979166666666664,11.729166666666666,41.09027777777778,12.20138888888889,0,0
tile_5.19_6.png,train,0,17.145833333333332,21.02777777777778,60.979166666666664,0.8472222222222223,0,0
tile_5.19_60.png,train,0.3611111111111111,19.65972222222222,0,55.729166666666664,22.75,0,1.5
tile_5.19_61.png,train,20.458333333333336,6.243055555555556,0,36.43055555555556,29.82638888888889,0,7.041666666666667
tile_5.19_62.png,train,41.00694444444444,0,0,6.798611111111111,46.65277777777778,0,5.541666666666667
tile_5.19_63.png,train,21.13888888888889,0,0,9.625,65.04166666666666,4.194444444444445,0
tile_5.19_64.png,train,0,39.451388888888886,18.82638888888889,41.72222222222222,0,0,0
tile_5.19_65.png,train,0,26.868055555555554,16.319444444444446,56.52777777777778,0.2847222222222222,0,0
tile_5.19_66.png,train,0,28.90972222222222,7.597222222222221,53.31249999999999,10.180555555555555,0,0
tile_5.19_67.png,train,0,44.59722222222222,9.458333333333334,18.805555555555557,27.13888888888889,0,0
tile_5.19_68.png,train,0,26.555555555555554,6.923611111111111,28.694444444444443,37.82638888888889,0,0
tile_5.19_69.png,train,10.881944444444445,3.868055555555556,0,41.208333333333336,38.895833333333336,0,5.145833333333334
tile_5.19_7.png,train,0,45.46527777777778,21.881944444444446,32.65277777777777,0,0,0
tile_5.19_70.png,train,44.361111111111114,0,0,17.82638888888889,30.229166666666668,0,7.583333333333334
tile_5.19_71.png,train,38.38194444444444,0,0,15.625,43.55555555555555,0,2.4375
tile_5.19_72.png,train,14.840277777777777,0,0,29.72222222222222,53.46527777777778,1.972222222222222,0
tile_5.19_73.png,train,0,36.86805555555556,12.486111111111112,50.645833333333336,0,0,0
tile_5.19_74.png,train,0,35.68055555555556,3.270833333333333,60.763888888888886,0.2847222222222222,0,0
tile_5.19_75.png,train,0,46.35416666666667,2.6944444444444446,38.86805555555555,12.083333333333334,0,0
tile_5.19_76.png,train,0,37.5625,2.131944444444444,25.479166666666668,29.041666666666664,0,5.784722222222222
tile_5.19_77.png,train,0.11805555555555555,20.8125,0,28.020833333333332,45.263888888888886,0,5.784722222222222
tile_5.19_78.png,train,30.59722222222222,2.2708333333333335,0,21.09027777777778,42.16666666666667,0,3.875
tile_5.19_79.png,train,48.736111111111114,0,0,10.25,37.138888888888886,0,3.875
tile_5.19_8.png,train,0,37.61805555555556,30.333333333333336,30.59722222222222,1.4513888888888888,0,0
tile_5.19_80.png,train,20.5,0,0,36.40972222222222,43.09027777777778,0,0
tile_5.19_81.png,train,33.56944444444444,0,0,38.24305555555556,28.1875,0,0
tile_5.19_9.png,train,1.4166666666666665,10.347222222222221,23.1875,38.604166666666664,26.444444444444443,0,0
tile_5.24_1.png,train,61.33333333333333,0,30.92361111111111,7.743055555555555,0,0,0
tile_5.24_10.png,train,58.138888888888886,0,41.86111111111111,0,0,0,0
tile_5.24_11.png,train,69.88888888888889,0,30.11111111111111,0,0,0,0
tile_5.24_12.png,train,92.82638888888889,0,7.173611111111111,0,0,0,0
tile_5.24_13.png,train,83.72916666666667,0,7.159722222222223,0,9.11111111111111,0,0
tile_5.24_14.png,train,57.04166666666667,5.340277777777778,11.180555555555555,0,26.437500000000004,0,0
tile_5.24_15.png,train,62.94444444444445,5.340277777777778,14.13888888888889,0.19444444444444445,17.381944444444443,0,0
tile_5.24_16.png,train,80.72916666666666,0,9.152777777777779,10.0625,0.05555555555555555,0,0
tile_5.24_17.png,train,73.48611111111111,5.326388888888889,2.125,19.0625,0,0,0
tile_5.24_18.png,train,80.13888888888889,8.118055555555555,0.9444444444444444,10.79861111111111,0,0,0
tile_5.24_19.png,train,75.86805555555556,0,24.131944444444446,0,0,0,0
tile_5.24_2.png,train,87.75694444444444,3.5555555555555554,8.6875,0,0,0,0
tile_5.24_20.png,train,53.17361111111111,0,46.826388888888886,0,0,0,0
tile_5.24_21.png,train,68.82638888888889,0,28.631944444444446,2.5416666666666665,0,0,0
tile_5.24_22.png,train,87.5625,0,9.409722222222221,3.0277777777777777,0,0,0
tile_5.24_23.png,train,85.77083333333333,0,11.180555555555555,0.4861111111111111,2.5625,0,0
tile_5.24_24.png,train,83.10416666666667,0,14.13888888888889,0.19444444444444445,2.5625,0,0
tile_5.24_25.png,train,82.13194444444444,0,9.152777777777779,8.715277777777777,0,0,0
tile_5.24_26.png,train,82.5,0,2.125,15.375,0,0,0
tile_5.24_27.png,train,81.11111111111111,0,0.9444444444444444,7.513888888888889,10.430555555555555,0,0
tile_5.24_28.png,train,95.79861111111111,0,3.875,0.3263888888888889,0,0,0
tile_5.24_29.png,train,68.65972222222221,0,31.340277777777775,0,0,0,0
tile_5.24_3.png,train,85.85416666666667,10.583333333333334,3.5624999999999996,0,0,0,0
tile_5.24_30.png,train,46.65972222222222,0,50.798611111111114,2.5416666666666665,0,0,0
tile_5.24_31.png,train,71.9861111111111,0,24.98611111111111,3.0277777777777777,0,0,0
tile_5.24_32.png,train,94.97222222222223,0,1.6527777777777777,3.375,0,0,0
tile_5.24_33.png,train,83.93055555555556,3.784722222222222,0,12.284722222222221,0,0,0
tile_5.24_34.png,train,78.06944444444444,3.958333333333333,0,17.97222222222222,0,0,0
tile_5.24_35.png,train,89.41666666666667,0.1736111111111111,0,10.409722222222221,0,0,0
tile_5.24_36.png,train,87.73611111111111,0,0,1.8333333333333333,10.430555555555555,0,0
tile_5.24_37.png,train,88.91666666666667,0,0.25,10.833333333333334,0,0,0
tile_5.24_38.png,train,94.0625,0,5.9375,0,0,0,0
tile_5.24_39.png,train,55.20138888888889,6.590277777777779,38.208333333333336,0,0,0,0
tile_5.24_4.png,train,74.95138888888889,7.027777777777777,1.2430555555555556,1.3541666666666667,15.42361111111111,0,0
tile_5.24_40.png,train,38.75,7.340277777777778,49.09027777777778,4.819444444444445,0,0,0
tile_5.24_41.png,train,53.44444444444445,2.111111111111111,16.82638888888889,27.618055555555554,0,0,0
tile_5.24_42.png,train,38.854166666666664,27.833333333333332,0.006944444444444444,33.30555555555556,0,0,0
tile_5.24_43.png,train,49.01388888888889,29.25,0,21.73611111111111,0,0,0
tile_5.24_44.png,train,85.99305555555556,2.7777777777777777,0,11.229166666666666,0,0,0
tile_5.24_45.png,train,93.3125,6.6875,0,0,0,0,0
tile_5.24_46.png,train,71.65972222222223,3.763888888888889,7.944444444444445,16.631944444444443,0,0,0
tile_5.24_47.png,train,99.0,0.1388888888888889,0.8611111111111112,0,0,0,0
tile_5.24_48.png,train,57.22222222222222,24.40972222222222,18.368055555555557,0,0,0,0
tile_5.24_49.png,train,12.486111111111112,37.1875,45.50694444444445,4.819444444444445,0,0,0
tile_5.24_5.png,train,38.11805555555556,16.0625,0,4.958333333333333,40.86111111111111,0,0
tile_5.24_50.png,train,8.604166666666666,18.041666666666668,42.86805555555556,30.486111111111114,0,0,0
tile_5.24_51.png,train,13.6875,39.77777777777778,18.67361111111111,27.861111111111107,0,0,0
tile_5.24_52.png,train,54.09027777777777,37.25694444444444,3.805555555555556,4.847222222222222,0,0,0
tile_5.24_53.png,train,93.88888888888889,2.604166666666667,0,3.5069444444444446,0,0,0
tile_5.24_54.png,train,88.86111111111111,6.701388888888888,0,4.4375,0,0,0
tile_5.24_55.png,train,49.72916666666667,18.430555555555557,16.520833333333336,15.319444444444445,0,0,0
tile_5.24_56.png,train,80.19444444444444,8.0625,8.152777777777779,3.5902777777777777,0,0,0
tile_5.24_57.png,train,40.15277777777778,46.50694444444444,13.340277777777779,0,0,0,0
tile_5.24_58.png,train,2.2430555555555554,69.39583333333333,28.36111111111111,0,0,0,0
tile_5.24_59.png,train,0.6180555555555556,39.08333333333333,54.541666666666664,5.756944444444445,0,0,0
tile_5.24_6.png,train,50.888888888888886,16.0625,0,3.6041666666666665,29.444444444444446,0,0
tile_5.24_60.png,train,22.479166666666668,20.243055555555557,47.71527777777778,9.5625,0,0,0
tile_5.24_61.png,train,71.86111111111111,11.965277777777777,12.368055555555555,3.805555555555556,0,0,0
tile_5.24_62.png,train,94.26388888888889,4.798611111111111,0.08333333333333334,0.8541666666666666,0,0,0
tile_5.24_63.png,train,89.69444444444444,5.375,0.4930555555555555,4.4375,0,0,0
tile_5.24_64.png,train,20.5625,34.45138888888889,18.34027777777778,26.645833333333336,0,0,0
tile_5.24_65.png,train,36.736111111111114,25.11111111111111,29.22222222222222,8.930555555555555,0,0,0
tile_5.24_66.png,train,21.20138888888889,51.72916666666667,25.88888888888889,1.1805555555555556,0,0,0
tile_5.24_67.png,train,13.354166666666668,65.11805555555556,21.52777777777778,0,0,0,0
tile_5.24_68.png,train,8.375,46.423611111111114,45.1875,0.013888888888888888,0,0,0
tile_5.24_69.png,train,15.597222222222223,20.680555555555554,60.98611111111111,2.736111111111111,0,0,0
tile_5.24_7.png,train,94.64583333333333,0,0,1.3472222222222223,4.006944444444445,0,0
tile_5.24_70.png,train,59.55555555555555,5.555555555555555,32.166666666666664,2.722222222222222,0,0,0
tile_5.24_71.png,train,65.72916666666667,27.965277777777775,5.527777777777778,0,0.7777777777777778,0,0
tile_5.24_72.png,train,57.23611111111111,39.61805555555556,1.2430555555555556,0,1.902777777777778,0,0
tile_5.24_73.png,train,3.25,46.44444444444444,20.26388888888889,30.041666666666668,0,0,0
tile_5.24_74.png,train,5.541666666666667,36.875,38.52083333333333,19.0625,0,0,0
tile_5.24_75.png,train,12.916666666666668,38.83333333333333,36.56944444444444,11.680555555555555,0,0,0
tile_5.24_76.png,train,39.611111111111114,34.45138888888889,14.4375,11.5,0,0,0
tile_5.24_77.png,train,42.548611111111114,30.47222222222222,20.541666666666668,6.4375,0,0,0
tile_5.24_78.png,train,17.680555555555554,38.75694444444445,40.423611111111114,3.138888888888889,0,0,0
tile_5.24_79.png,train,24.847222222222225,25.319444444444443,45.55555555555556,4.277777777777778,0,0,0
tile_5.24_8.png,train,83.00694444444444,11.472222222222223,0,5.520833333333333,0,0,0
tile_5.24_80.png,train,27.666666666666668,32.84722222222222,29.958333333333332,3.208333333333333,6.319444444444445,0,0
tile_5.24_81.png,train,18.444444444444443,56.63888888888889,9.597222222222221,0,15.319444444444445,0,0
tile_5.24_9.png,train,76.45833333333333,18.42361111111111,0,5.118055555555555,0,0,0
tile_5.26_1.png,train,100.0,0,0,0,0,0,0
tile_5.26_10.png,train,100.0,0,0,0,0,0,0
tile_5.26_11.png,train,100.0,0,0,0,0,0,0
tile_5.26_12.png,train,100.0,0,0,0,0,0,0
tile_5.26_13.png,train,100.0,0,0,0,0,0,0
tile_5.26_14.png,train,100.0,0,0,0,0,0,0
tile_5.26_15.png,train,100.0,0,0,0,0,0,0
tile_5.26_16.png,train,100.0,0,0,0,0,0,0
tile_5.26_17.png,train,97.01388888888889,0,0,2.986111111111111,0,0,0
tile_5.26_18.png,train,93.1875,0,0,2.986111111111111,3.826388888888889,0,0
tile_5.26_19.png,train,93.3611111111111,0,0,6.534722222222222,0.10416666666666667,0,0
tile_5.26_2.png,train,100.0,0,0,0,0,0,0
tile_5.26_20.png,train,100.0,0,0,0,0,0,0
tile_5.26_21.png,train,100.0,0,0,0,0,0,0
tile_5.26_22.png,train,100.0,0,0,0,0,0,0
tile_5.26_23.png,train,100.0,0,0,0,0,0,0
tile_5.26_24.png,train,100.0,0,0,0,0,0,0
tile_5.26_25.png,train,100.0,0,0,0,0,0,0
tile_5.26_26.png,train,98.95138888888889,0,0,1.0486111111111112,0,0,0
tile_5.26_27.png,train,78.50694444444444,0.3194444444444445,0,1.0486111111111112,20.125,0,0
tile_5.26_28.png,train,61.74305555555556,0,0,25.472222222222225,12.784722222222221,0,0
tile_5.26_29.png,train,92.27083333333333,0,0,1.5069444444444444,6.222222222222222,0,0
tile_5.26_3.png,train,100.0,0,0,0,0,0,0
tile_5.26_30.png,train,100.0,0,0,0,0,0,0
tile_5.26_31.png,train,100.0,0,0,0,0,0,0
tile_5.26_32.png,train,98.53472222222223,0,0,1.465277777777778,0,0,0
tile_5.26_33.png,train,95.11111111111111,0,0,4.888888888888889,0,0,0
tile_5.26_34.png,train,96.57638888888889,0,0,3.423611111111111,0,0,0
tile_5.26_35.png,train,93.17361111111111,0,0,0,6.826388888888888,0,0
tile_5.26_36.png,train,51.645833333333336,6.888888888888889,0,1.7986111111111112,39.666666666666664,0,0
tile_5.26_37.png,train,18.46527777777778,0,0,37.67361111111111,43.861111111111114,0,0
tile_5.26_38.png,train,52.19444444444444,0,0,8.909722222222221,38.895833333333336,0,0
tile_5.26_39.png,train,83.93055555555556,0,0,0.2569444444444445,15.812499999999998,0,0
tile_5.26_4.png,train,100.0,0,0,0,0,0,0
tile_5.26_40.png,train,99.09027777777779,0,0,0,0.9097222222222222,0,0
tile_5.26_41.png,train,98.53472222222223,0,0,1.465277777777778,0,0,0
tile_5.26_42.png,train,95.11111111111111,0,0,4.888888888888889,0,0,0
tile_5.26_43.png,train,94.55555555555556,0,0,3.423611111111111,2.020833333333333,0,0
tile_5.26_44.png,train,68.66666666666667,4.055555555555555,0,0,27.27777777777778,0,0
tile_5.26_45.png,train,20.77777777777778,20.555555555555554,0,15.20138888888889,43.46527777777778,0,0
tile_5.26_46.png,train,0.08333333333333334,0,0,43.75,56.166666666666664,0,0
tile_5.26_47.png,train,9.92361111111111,0,0,11.32638888888889,78.75,0,0
tile_5.26_48.png,train,39.486111111111114,0,0,1.7152777777777777,58.79861111111111,0,0
tile_5.26_49.png,train,79.125,0,0,0,20.875,0,0
tile_5.26_5.png,train,100.0,0,0,0,0,0,0
tile_5.26_50.png,train,96.72916666666667,0,0,2.75,0.5208333333333333,0,0
tile_5.26_51.png,train,97.10416666666667,0,0,2.75,0.14583333333333334,0,0
tile_5.26_52.png,train,80.45138888888889,0.006944444444444444,0,0,19.541666666666664,0,0
tile_5.26_53.png,train,33.111111111111114,15.125,0,7.701388888888889,44.0625,0,0
tile_5.26_54.png,train,2.513888888888889,36.30555555555556,1.9305555555555556,32.916666666666664,26.333333333333332,0,0
tile_5.26_55.png,train,0.39583333333333337,0,0,65.52083333333333,34.08333333333333,0,0
tile_5.26_56.png,train,0,0,0,33.22222222222222,66.77777777777779,0,0
tile_5.26_57.png,train,5.555555555555555,0,0,14.875,79.56944444444444,0,0
tile_5.26_58.png,train,52.923611111111114,0,0,0.020833333333333336,47.05555555555556,0,0
tile_5.26_59.png,train,94.61805555555556,0,0,2.75,2.631944444444444,0,0
tile_5.26_6.png,train,100.0,0,0,0,0,0,0
tile_5.26_60.png,train,85.45833333333334,0,0,2.75,11.791666666666668,0,0
tile_5.26_61.png,train,45.82638888888889,9.277777777777779,0,2.2847222222222223,42.611111111111114,0,0
tile_5.26_62.png,train,7.618055555555555,27.47222222222222,0,27.479166666666664,37.43055555555556,0,0
tile_5.26_63.png,train,0,42.486111111111114,1.9305555555555556,48.97222222222222,6.611111111111111,0,0
tile_5.26_64.png,train,7.972222222222222,0,0,82.93055555555556,9.097222222222221,0,0
tile_5.26_65.png,train,0,0,0,79.2986111111111,20.70138888888889,0,0
tile_5.26_66.png,train,0,0,0,44.01388888888889,55.986111111111114,0,0
tile_5.26_67.png,train,45.52777777777778,0,0,5.618055555555555,48.854166666666664,0,0
tile_5.26_68.png,train,89.125,0,0,0,10.875,0,0
tile_5.26_69.png,train,57.36805555555555,2.555555555555556,0,0.7708333333333334,39.30555555555556,0,0
tile_5.26_7.png,train,100.0,0,0,0,0,0,0
tile_5.26_70.png,train,13.770833333333332,19.666666666666664,0.15972222222222224,19.270833333333336,47.13194444444444,0,0
tile_5.26_71.png,train,0,43.82638888888889,0.6597222222222222,40.90972222222222,14.604166666666666,0,0
tile_5.26_72.png,train,0,50.10416666666667,0.5,49.020833333333336,0.375,0,0
tile_5.26_73.png,train,24.40972222222222,0,0,66.59722222222221,8.993055555555555,0,0
tile_5.26_74.png,train,0,0,0,79.24305555555556,20.756944444444443,0,0
tile_5.26_75.png,train,3.6041666666666665,0,0,44.354166666666664,52.041666666666664,0,0
tile_5.26_76.png,train,47.86805555555556,0,0,6.118055555555555,46.013888888888886,0,0
tile_5.26_77.png,train,64.80555555555556,0.3055555555555556,0,0,34.88888888888889,0,0
tile_5.26_78.png,train,20.958333333333336,15.222222222222223,0.33333333333333337,7.576388888888889,55.90972222222222,0,0
tile_5.26_79.png,train,0.4166666666666667,38.21527777777778,6.284722222222222,27.541666666666664,27.541666666666664,0,0
tile_5.26_8.png,train,98.0625,0,0,1.9375,0,0,0
tile_5.26_80.png,train,0,55.6875,12.562499999999998,30.96527777777778,0.7847222222222222,0,0
tile_5.26_81.png,train,0,48.25694444444444,6.611111111111111,42.9375,2.194444444444444,0,0
tile_5.26_9.png,train,98.0625,0,0,1.9375,0,0,0
tile_5.27_1.png,train,47.375,5.791666666666666,0,3.902777777777778,42.93055555555556,0,0
tile_5.27_10.png,train,19.055555555555557,11.152777777777779,1.0347222222222223,20.02777777777778,48.72916666666667,0,0
tile_5.27_11.png,train,0.1875,35.86111111111111,1.0347222222222223,39.55555555555556,23.36111111111111,0,0
tile_5.27_12.png,train,0,64.81944444444444,0,33.40277777777778,1.7777777777777777,0,0
tile_5.27_13.png,train,0,55.826388888888886,0,44.173611111111114,0,0,0
tile_5.27_14.png,train,0,59.98611111111111,0,40.013888888888886,0,0,0
tile_5.27_15.png,train,0,61.16666666666667,3.5069444444444446,35.326388888888886,0,0,0
tile_5.27_16.png,train,0,33.86805555555556,4.375,61.75694444444444,0,0,0
tile_5.27_17.png,train,0,37.8125,0.8680555555555556,61.31944444444445,0,0,0
tile_5.27_18.png,train,0,37.81944444444444,12.270833333333334,49.90972222222222,0,0,0
tile_5.27_19.png,train,2.9375,34.63888888888889,14.083333333333334,18.048611111111114,30.291666666666668,0,0
tile_5.27_2.png,train,6.444444444444445,48.576388888888886,0,5.361111111111111,39.61805555555556,0,0
tile_5.27_20.png,train,0,24.40972222222222,16.645833333333336,51.01388888888889,7.930555555555556,0,0
tile_5.27_21.png,train,0,26.569444444444446,8.430555555555555,63.22222222222222,1.7777777777777777,0,0
tile_5.27_22.png,train,0,52.90972222222222,3.3125,43.77777777777778,0,0,0
tile_5.27_23.png,train,0,69.54861111111111,2.256944444444444,28.194444444444443,0,0,0
tile_5.27_24.png,train,0,50.98611111111111,3.2847222222222223,45.729166666666664,0,0,0
tile_5.27_25.png,train,0,35.986111111111114,8.604166666666666,55.40972222222222,0,0,0
tile_5.27_26.png,train,0,39.75,5.361111111111111,54.888888888888886,0,0,0
tile_5.27_27.png,train,0,31.541666666666668,31.340277777777775,37.11805555555556,0,0,0
tile_5.27_28.png,train,0,46.61805555555556,39.04166666666667,8.277777777777779,6.0625,0,0
tile_5.27_29.png,train,0,33.07638888888889,35.59722222222222,31.32638888888889,0,0,0
tile_5.27_3.png,train,0,92.78472222222223,0,1.4583333333333333,5.756944444444445,0,0
tile_5.27_30.png,train,0,33.263888888888886,19.46527777777778,47.270833333333336,0,0,0
tile_5.27_31.png,train,0,64.33333333333333,11.0625,24.604166666666664,0,0,0
tile_5.27_32.png,train,0,56.50694444444444,5.618055555555555,37.875,0,0,0
tile_5.27_33.png,train,0,39.520833333333336,13.805555555555554,46.673611111111114,0,0,0
tile_5.27_34.png,train,0,43.548611111111114,18.82638888888889,37.625,0,0,0
tile_5.27_35.png,train,0,36.84027777777778,20.340277777777775,42.81944444444444,0,0,0
tile_5.27_36.png,train,0,17.055555555555554,53.46527777777778,29.479166666666668,0,0,0
tile_5.27_37.png,train,0,35.70833333333333,46.03472222222222,18.256944444444446,0,0,0
tile_5.27_38.png,train,0,27.131944444444443,36.11805555555556,36.75,0,0,0
tile_5.27_39.png,train,0,56.49305555555556,14.770833333333332,28.73611111111111,0,0,0
tile_5.27_4.png,train,0,78.65972222222221,0,21.34027777777778,0,0,0
tile_5.27_40.png,train,0,65.6875,9.381944444444445,24.930555555555557,0,0,0
tile_5.27_41.png,train,0,36.72916666666667,5.138888888888888,58.13194444444445,0,0,0
tile_5.27_42.png,train,0,33.04166666666667,13.944444444444445,53.01388888888889,0,0,0
tile_5.27_43.png,train,0,42.65972222222222,17.333333333333336,40.00694444444444,0,0,0
tile_5.27_44.png,train,0,26.07638888888889,43.72222222222222,30.201388888888893,0,0,0
tile_5.27_45.png,train,0,12.284722222222221,62.02777777777778,25.687500000000004,0,0,0
tile_5.27_46.png,train,0,39.60416666666667,26.006944444444446,34.38888888888889,0,0,0
tile_5.27_47.png,train,0,33.38888888888889,24.618055555555557,41.99305555555555,0,0,0
tile_5.27_48.png,train,0,49.076388888888886,11.097222222222221,39.826388888888886,0,0,0
tile_5.27_49.png,train,0,46.44444444444444,3.194444444444444,50.361111111111114,0,0,0
tile_5.27_5.png,train,0,48.25694444444444,0,51.74305555555555,0,0,0
tile_5.27_50.png,train,0,45.74305555555556,5.833333333333333,48.42361111111111,0,0,0
tile_5.27_51.png,train,0,52.6875,7.736111111111112,39.57638888888889,0,0,0
tile_5.27_52.png,train,0,40.00694444444444,27.59027777777778,32.40277777777778,0,0,0
tile_5.27_53.png,train,0,17.979166666666664,62.145833333333336,19.875,0,0,0
tile_5.27_54.png,train,0,21.680555555555557,46.826388888888886,31.493055555555554,0,0,0
tile_5.27_55.png,train,0,35.1875,7.055555555555555,57.75694444444445,0,0,0
tile_5.27_56.png,train,0,51.604166666666664,12.708333333333332,35.6875,0,0,0
tile_5.27_57.png,train,0,43.71527777777778,10.527777777777777,45.75694444444444,0,0,0
tile_5.27_58.png,train,0,29.312500000000004,3.4027777777777777,67.28472222222223,0,0,0
tile_5.27_59.png,train,0,52.020833333333336,7.631944444444444,40.34722222222222,0,0,0
tile_5.27_6.png,train,0,51.354166666666664,7.8125,40.833333333333336,0,0,0
tile_5.27_60.png,train,0,61.81944444444445,13.86111111111111,24.319444444444443,0,0,0
tile_5.27_61.png,train,0,27.194444444444443,52.4375,20.368055555555557,0,0,0
tile_5.27_62.png,train,0,15.812499999999998,65.65972222222223,18.52777777777778,0,0,0
tile_5.27_63.png,train,0,33.90972222222222,24.979166666666668,41.11111111111111,0,0,0
tile_5.27_64.png,train,0,31.819444444444443,5.340277777777778,62.84027777777778,0,0,0
tile_5.27_65.png,train,0,51.33333333333333,4.340277777777778,44.32638888888889,0,0,0
tile_5.27_66.png,train,0,53.88194444444444,4.527777777777778,41.59027777777778,0,0,0
tile_5.27_67.png,train,0,46.24305555555556,6.701388888888888,47.05555555555556,0,0,0
tile_5.27_68.png,train,0,48.083333333333336,9.625,42.291666666666664,0,0,0
tile_5.27_69.png,train,0,29.388888888888886,34.45138888888889,36.15972222222222,0,0,0
tile_5.27_7.png,train,0,50.84027777777778,11.17361111111111,37.98611111111111,0,0,0
tile_5.27_70.png,train,0,10.79861111111111,66.34027777777777,22.86111111111111,0,0,0
tile_5.27_71.png,train,0,23.34722222222222,44.923611111111114,31.729166666666668,0,0,0
tile_5.27_72.png,train,0,32.53472222222222,8.743055555555555,58.72222222222222,0,0,0
tile_5.27_73.png,train,0,43.25,12.055555555555555,44.69444444444444,0,0,0
tile_5.27_74.png,train,0,41.208333333333336,2.826388888888889,55.96527777777778,0,0,0
tile_5.27_75.png,train,0,47.45138888888889,2.7430555555555554,49.80555555555555,0,0,0
tile_5.27_76.png,train,0,58.29861111111111,8.29861111111111,33.40277777777778,0,0,0
tile_5.27_77.png,train,0,48.66666666666667,17.70138888888889,33.63194444444444,0,0,0
tile_5.27_78.png,train,0,14.166666666666666,52.43055555555556,33.40277777777778,0,0,0
tile_5.27_79.png,train,0,6.368055555555556,61.520833333333336,32.111111111111114,0,0,0
tile_5.27_8.png,train,0,45.75,3.361111111111111,50.888888888888886,0,0,0
tile_5.27_80.png,train,0,23.041666666666664,30.201388888888893,46.75694444444444,0,0,0
tile_5.27_81.png,train,0,34.59027777777778,14.319444444444446,51.09027777777778,0,0,0
tile_5.27_9.png,train,0,46.49305555555556,2.3194444444444446,51.1875,0,0,0
tile_5.5_1.png,train,13.73611111111111,31.263888888888893,28.138888888888893,24.993055555555554,1.8680555555555554,0,0
tile_5.5_10.png,train,26.541666666666668,30.729166666666668,17.63888888888889,25.090277777777775,0,0,0
tile_5.5_11.png,train,67.10416666666667,12.736111111111112,1.6458333333333333,18.51388888888889,0,0,0
tile_5.5_12.png,train,93.73611111111111,2.4375,0,3.826388888888889,0,0,0
tile_5.5_13.png,train,100.0,0,0,0,0,0,0
tile_5.5_14.png,train,100.0,0,0,0,0,0,0
tile_5.5_15.png,train,94.79861111111111,0,0,5.152777777777778,0.04861111111111111,0,0
tile_5.5_16.png,train,86.15972222222223,0,0,13.791666666666666,0.04861111111111111,0,0
tile_5.5_17.png,train,85.64583333333333,0,0,14.354166666666668,0,0,0
tile_5.5_18.png,train,69.07638888888889,12.1875,0,18.73611111111111,0,0,0
tile_5.5_19.png,train,49.45833333333333,28.15972222222222,8.666666666666668,13.715277777777779,0,0,0
tile_5.5_2.png,train,34.85416666666667,21.131944444444446,9.694444444444445,18.65972222222222,15.659722222222221,0,0
tile_5.5_20.png,train,87.23611111111111,7.986111111111111,0,4.777777777777778,0,0,0
tile_5.5_21.png,train,100.0,0,0,0,0,0,0
tile_5.5_22.png,train,100.0,0,0,0,0,0,0
tile_5.5_23.png,train,88.13194444444444,0,0,11.729166666666666,0.1388888888888889,0,0
tile_5.5_24.png,train,69.40972222222223,0,0,14.784722222222221,15.805555555555555,0,0
tile_5.5_25.png,train,65.625,0,0,4.340277777777778,30.03472222222222,0,0
tile_5.5_26.png,train,80.70138888888889,0,0,4.930555555555555,14.368055555555555,0,0
tile_5.5_27.png,train,78.06944444444444,10.354166666666668,0,11.57638888888889,0,0,0
tile_5.5_28.png,train,81.00694444444444,12.472222222222221,0.1388888888888889,6.381944444444445,0,0,0
tile_5.5_29.png,train,96.78472222222221,0.25,0,2.9652777777777777,0,0,0
tile_5.5_3.png,train,62.88888888888889,9.819444444444445,0,9.333333333333334,17.958333333333336,0,0
tile_5.5_30.png,train,100.0,0,0,0,0,0,0
tile_5.5_31.png,train,100.0,0,0,0,0,0,0
tile_5.5_32.png,train,82.86805555555556,0,0,16.993055555555557,0.1388888888888889,0,0
tile_5.5_33.png,train,66.71527777777779,0,0,17.52777777777778,15.756944444444446,0,0
tile_5.5_34.png,train,67.40972222222223,0,0,2.548611111111111,30.041666666666668,0,0
tile_5.5_35.png,train,83.5625,0,0,2.013888888888889,14.423611111111112,0,0
tile_5.5_36.png,train,99.08333333333333,0,0,0.9166666666666666,0,0,0
tile_5.5_37.png,train,100.0,0,0,0,0,0,0
tile_5.5_38.png,train,96.38888888888889,0,0,3.6111111111111107,0,0,0
tile_5.5_39.png,train,96.38888888888889,0,0,3.6111111111111107,0,0,0
tile_5.5_4.png,train,91.59722222222221,0,0,4.236111111111112,4.166666666666666,0,0
tile_5.5_40.png,train,93.54861111111111,0,0,6.451388888888888,0,0,0
tile_5.5_41.png,train,81.78472222222221,0,0,18.21527777777778,0,0,0
tile_5.5_42.png,train,88.23611111111111,0,0,11.76388888888889,0,0,0
tile_5.5_43.png,train,96.64583333333333,0,0,3.298611111111111,0.05555555555555555,0,0
tile_5.5_44.png,train,96.35416666666666,0.2916666666666667,0,3.298611111111111,0.05555555555555555,0,0
tile_5.5_45.png,train,96.10416666666667,0.40972222222222227,0,3.486111111111111,0,0,0
tile_5.5_46.png,train,96.4375,0,0,3.5624999999999996,0,0,0
tile_5.5_47.png,train,91.15277777777779,0,0,8.847222222222221,0,0,0
tile_5.5_48.png,train,92.8125,0,0,7.187499999999999,0,0,0
tile_5.5_49.png,train,93.27083333333334,0,0,6.729166666666667,0,0,0
tile_5.5_5.png,train,100.0,0,0,0,0,0,0
tile_5.5_50.png,train,84.65972222222223,0,0,15.340277777777779,0,0,0
tile_5.5_51.png,train,91.35416666666667,0.034722222222222224,0,8.61111111111111,0,0,0
tile_5.5_52.png,train,86.10416666666667,12.0,0.6111111111111112,1.284722222222222,0,0,0
tile_5.5_53.png,train,68.93055555555556,25.416666666666664,4.368055555555555,1.284722222222222,0,0,0
tile_5.5_54.png,train,58.5,30.951388888888886,5.972222222222222,4.576388888888889,0,0,0
tile_5.5_55.png,train,91.64583333333334,0,0,8.354166666666666,0,0,0
tile_5.5_56.png,train,93.78472222222223,0,0,6.215277777777778,0,0,0
tile_5.5_57.png,train,95.67361111111111,0,0,4.326388888888888,0,0,0
tile_5.5_58.png,train,98.29861111111111,0,0,1.7013888888888888,0,0,0
tile_5.5_59.png,train,95.28472222222221,0,0,4.715277777777778,0,0,0
tile_5.5_6.png,train,97.36805555555556,0,0,2.631944444444444,0,0,0
tile_5.5_60.png,train,96.95138888888889,0.034722222222222224,0,3.013888888888889,0,0,0
tile_5.5_61.png,train,87.22222222222223,12.166666666666668,0.6111111111111112,0,0,0,0
tile_5.5_62.png,train,55.65277777777777,37.13194444444444,7.215277777777778,0,0,0,0
tile_5.5_63.png,train,22.708333333333332,58.12500000000001,18.07638888888889,1.090277777777778,0,0,0
tile_5.5_64.png,train,89.73611111111111,0,0,10.26388888888889,0,0,0
tile_5.5_65.png,train,95.09027777777777,0,0,4.909722222222222,0,0,0
tile_5.5_66.png,train,78.66666666666666,0,0,21.333333333333336,0,0,0
tile_5.5_67.png,train,74.86805555555556,0,0,25.131944444444443,0,0,0
tile_5.5_68.png,train,90.52083333333333,0,0,9.479166666666666,0,0,0
tile_5.5_69.png,train,96.58333333333333,0,0,3.4166666666666665,0,0,0
tile_5.5_7.png,train,87.63888888888889,0,0,12.36111111111111,0,0,0
tile_5.5_70.png,train,94.95833333333333,0.16666666666666669,0,4.875,0,0,0
tile_5.5_71.png,train,82.00694444444444,12.687499999999998,2.8472222222222223,2.458333333333333,0,0,0
tile_5.5_72.png,train,40.763888888888886,42.854166666666664,16.381944444444443,0,0,0,0
tile_5.5_73.png,train,94.52777777777777,0,0,5.472222222222222,0,0,0
tile_5.5_74.png,train,93.72222222222221,0,0,6.277777777777778,0,0,0
tile_5.5_75.png,train,68.85416666666667,0,0,31.145833333333332,0,0,0
tile_5.5_76.png,train,66.00694444444444,0,0,33.99305555555556,0,0,0
tile_5.5_77.png,train,88.10416666666666,0,0,11.895833333333334,0,0,0
tile_5.5_78.png,train,94.03472222222223,0,0,5.1875,0.7777777777777778,0,0
tile_5.5_79.png,train,86.06944444444444,3.6249999999999996,0,4.875,5.430555555555556,0,0
tile_5.5_8.png,train,88.20138888888889,0,0,11.79861111111111,0,0,0
tile_5.5_80.png,train,75.09027777777779,17.79861111111111,0,2.458333333333333,4.652777777777778,0,0
tile_5.5_81.png,train,61.51388888888889,34.208333333333336,4.277777777777778,0,0,0,0
tile_5.5_9.png,train,88.80555555555556,2.048611111111111,0,9.145833333333334,0,0,0
tile_5.6_1.png,train,71.32638888888889,18.916666666666668,0,9.756944444444445,0,0,0
tile_5.6_10.png,train,68.75,23.52777777777778,0,7.722222222222222,0,0,0
tile_5.6_11.png,train,82.31944444444444,13.625000000000002,0.2013888888888889,3.854166666666667,0,0,0
tile_5.6_12.png,train,53.17361111111111,39.458333333333336,3.75,3.618055555555556,0,0,0
tile_5.6_13.png,train,62.958333333333336,33.49305555555556,3.5486111111111116,0,0,0,0
tile_5.6_14.png,train,91.40277777777777,8.597222222222223,0,0,0,0,0
tile_5.6_15.png,train,99.0625,0.9375,0,0,0,0,0
tile_5.6_16.png,train,64.59027777777779,19.03472222222222,0,0.4930555555555555,15.881944444444446,0,0
tile_5.6_17.png,train,26.729166666666664,41.78472222222222,0,0.4930555555555555,30.993055555555554,0,0
tile_5.6_18.png,train,45.88194444444444,34.10416666666667,0,0,20.01388888888889,0,0
tile_5.6_19.png,train,78.00694444444444,9.67361111111111,0,12.319444444444445,0,0,0
tile_5.6_2.png,train,81.06944444444444,14.194444444444446,0.2013888888888889,4.534722222222222,0,0,0
tile_5.6_20.png,train,80.61111111111111,12.347222222222221,0.75,6.291666666666666,0,0,0
tile_5.6_21.png,train,53.729166666666664,39.13194444444444,1.361111111111111,5.777777777777778,0,0,0
tile_5.6_22.png,train,60.18750000000001,39.201388888888886,0.6111111111111112,0,0,0,0
tile_5.6_23.png,train,87.58333333333333,12.416666666666666,0,0,0,0,0
tile_5.6_24.png,train,99.31944444444444,0.6805555555555555,0,0,0,0,0
tile_5.6_25.png,train,78.80555555555556,20.166666666666664,0,0,1.027777777777778,0,0
tile_5.6_26.png,train,54.00694444444445,44.65972222222222,0.1111111111111111,0,1.2222222222222223,0,0
tile_5.6_27.png,train,47.263888888888886,49.361111111111114,3.1805555555555554,0,0.19444444444444445,0,0
tile_5.6_28.png,train,92.22916666666666,2.944444444444444,0,4.826388888888889,0,0,0
tile_5.6_29.png,train,70.61805555555556,19.5625,1.5069444444444444,8.3125,0,0,0
tile_5.6_3.png,train,48.59027777777778,46.15277777777778,5.256944444444445,0,0,0,0
tile_5.6_30.png,train,45.173611111111114,42.02777777777777,1.5069444444444444,11.291666666666666,0,0,0
tile_5.6_31.png,train,55.84722222222223,40.89583333333333,0,3.256944444444444,0,0,0
tile_5.6_32.png,train,81.56944444444446,18.430555555555557,0,0,0,0,0
tile_5.6_33.png,train,93.47222222222223,0.986111111111111,0.3819444444444444,5.159722222222222,0,0,0
tile_5.6_34.png,train,62.06944444444444,20.34722222222222,8.541666666666666,9.041666666666668,0,0,0
tile_5.6_35.png,train,31.722222222222225,47.791666666666664,16.604166666666668,3.881944444444444,0,0,0
tile_5.6_36.png,train,17.368055555555557,63.81250000000001,18.819444444444443,0,0,0,0
tile_5.6_37.png,train,96.33333333333334,0,0,3.6666666666666665,0,0,0
tile_5.6_38.png,train,68.70833333333334,22.3125,0.7569444444444444,8.222222222222223,0,0,0
tile_5.6_39.png,train,42.21527777777778,42.27777777777778,0.7569444444444444,14.75,0,0,0
tile_5.6_4.png,train,38.701388888888886,55.15277777777777,6.145833333333333,0,0,0,0
tile_5.6_40.png,train,57.20138888888889,36.270833333333336,0,6.527777777777779,0,0,0
tile_5.6_41.png,train,83.69444444444444,16.305555555555557,0,0,0,0,0
tile_5.6_42.png,train,91.0,3.277777777777778,0.3819444444444444,5.340277777777778,0,0,0
tile_5.6_43.png,train,42.95833333333333,35.36805555555556,12.340277777777779,9.333333333333334,0,0,0
tile_5.6_44.png,train,2.194444444444444,64.90277777777777,28.90972222222222,3.9930555555555554,0,0,0
tile_5.6_45.png,train,18.520833333333332,56.576388888888886,24.902777777777775,0,0,0,0
tile_5.6_46.png,train,93.31944444444444,0,0,6.680555555555556,0,0,0
tile_5.6_47.png,train,87.91666666666667,9.73611111111111,0,2.347222222222222,0,0,0
tile_5.6_48.png,train,71.97222222222223,22.40972222222222,0,5.618055555555555,0,0,0
tile_5.6_49.png,train,61.645833333333336,34.84722222222222,0,3.270833333333333,0.2361111111111111,0,0
tile_5.6_5.png,train,65.59027777777777,33.31944444444444,1.090277777777778,0,0,0,0
tile_5.6_50.png,train,63.59027777777778,34.5625,0,0,1.8472222222222223,0,0
tile_5.6_51.png,train,77.88888888888889,18.0625,0,1.2291666666666665,2.8194444444444446,0,0
tile_5.6_52.png,train,62.05555555555555,26.437500000000004,3.8125,6.486111111111111,1.2083333333333333,0,0
tile_5.6_53.png,train,25.513888888888893,51.79166666666667,16.84027777777778,5.854166666666667,0,0,0
tile_5.6_54.png,train,39.49305555555556,46.041666666666664,13.868055555555555,0.5972222222222222,0,0,0
tile_5.6_55.png,train,90.4375,2.576388888888889,0,6.986111111111111,0,0,0
tile_5.6_56.png,train,100.0,0,0,0,0,0,0
tile_5.6_57.png,train,99.98611111111111,0.013888888888888888,0,0,0,0,0
tile_5.6_58.png,train,67.71527777777779,24.555555555555557,0,1.7361111111111112,5.993055555555555,0,0
tile_5.6_59.png,train,34.00694444444444,47.604166666666664,0,1.7361111111111112,16.65277777777778,0,0
tile_5.6_6.png,train,89.60416666666666,10.125,0,0.27083333333333337,0,0,0
tile_5.6_60.png,train,58.20833333333333,26.75,0,1.0486111111111112,13.993055555555555,0,0
tile_5.6_61.png,train,85.15277777777777,5.305555555555555,0.013888888888888888,6.194444444444445,3.3333333333333335,0,0
tile_5.6_62.png,train,72.91666666666666,16.916666666666664,4.423611111111111,5.743055555555555,0,0,0
tile_5.6_63.png,train,57.43055555555555,25.819444444444446,16.15277777777778,0.5972222222222222,0,0,0
tile_5.6_64.png,train,89.36111111111111,6.048611111111111,0,4.590277777777778,0,0,0
tile_5.6_65.png,train,100.0,0,0,0,0,0,0
tile_5.6_66.png,train,99.99305555555556,0.006944444444444444,0,0,0,0,0
tile_5.6_67.png,train,79.65277777777777,11.36111111111111,0,3.229166666666667,5.756944444444445,0,0
tile_5.6_68.png,train,58.94444444444444,22.027777777777775,0,4.222222222222222,14.805555555555555,0,0
tile_5.6_69.png,train,76.1736111111111,11.659722222222223,0,0.9930555555555556,11.17361111111111,0,0
tile_5.6_7.png,train,63.763888888888886,5.965277777777778,0,5.097222222222222,25.17361111111111,0,0
tile_5.6_70.png,train,96.88888888888889,0.986111111111111,0,0,2.125,0,0
tile_5.6_71.png,train,91.74305555555556,0.4166666666666667,7.840277777777778,0,0,0,0
tile_5.6_72.png,train,59.375,13.63888888888889,26.98611111111111,0,0,0,0
tile_5.6_73.png,train,92.65277777777777,6.729166666666667,0,0.6180555555555556,0,0,0
tile_5.6_74.png,train,100.0,0,0,0,0,0,0
tile_5.6_75.png,train,100.0,0,0,0,0,0,0
tile_5.6_76.png,train,98.50694444444444,0,0,1.4930555555555556,0,0,0
tile_5.6_77.png,train,97.51388888888889,0,0,2.486111111111111,0,0,0
tile_5.6_78.png,train,99.00694444444444,0,0,0.9930555555555556,0,0,0
tile_5.6_79.png,train,94.31944444444444,0,5.680555555555555,0,0,0,0
tile_5.6_8.png,train,23.340277777777775,15.305555555555555,0,6.5,54.85416666666667,0,0
tile_5.6_80.png,train,78.04861111111111,0,21.95138888888889,0,0,0,0
tile_5.6_81.png,train,61.05555555555555,15.07638888888889,23.868055555555557,0,0,0,0
tile_5.6_9.png,train,35.75694444444444,14.51388888888889,0,1.6736111111111112,48.05555555555556,0,0
tile_6.10_1.png,train,0,0,0,0,100.0,0,0
tile_6.10_10.png,train,0,0,0,0,100.0,0,0
tile_6.10_11.png,train,0,0,0,0,100.0,0,0
tile_6.10_12.png,train,0,0,0,0,100.0,0,0
tile_6.10_13.png,train,0,0,0,0,100.0,0,0
tile_6.10_14.png,train,0,0,0,0,100.0,0,0
tile_6.10_15.png,train,0,0,0,0,100.0,0,0
tile_6.10_16.png,train,0,0,0,0,100.0,0,0
tile_6.10_17.png,train,0,0,0,0,100.0,0,0
tile_6.10_18.png,train,0,0,0,0,100.0,0,0
tile_6.10_19.png,train,0,0,0,0,100.0,0,0
tile_6.10_2.png,train,0,0,0,0,100.0,0,0
tile_6.10_20.png,train,0,0,0,0,100.0,0,0
tile_6.10_21.png,train,0,0,0,0,100.0,0,0
tile_6.10_22.png,train,0,0,0,0,100.0,0,0
tile_6.10_23.png,train,0,0,0,0,100.0,0,0
tile_6.10_24.png,train,0,0,0,0,100.0,0,0
tile_6.10_25.png,train,0,0,0,0,100.0,0,0
tile_6.10_26.png,train,0,0,0,0,100.0,0,0
tile_6.10_27.png,train,0,0,0,0,100.0,0,0
tile_6.10_28.png,train,0,0,0,0,100.0,0,0
tile_6.10_29.png,train,0,0,0,0,100.0,0,0
tile_6.10_3.png,train,0,0,0,0,100.0,0,0
tile_6.10_30.png,train,0,0,0,0,100.0,0,0
tile_6.10_31.png,train,0,0,0,0,100.0,0,0
tile_6.10_32.png,train,0,0,0,0,100.0,0,0
tile_6.10_33.png,train,0,0,0,0,100.0,0,0
tile_6.10_34.png,train,0,0,0,0,100.0,0,0
tile_6.10_35.png,train,0,0,0,0,100.0,0,0
tile_6.10_36.png,train,0,0,0,0,100.0,0,0
tile_6.10_37.png,train,0,0,0,0,100.0,0,0
tile_6.10_38.png,train,1.7916666666666667,0,0,0,98.20833333333333,0,0
tile_6.10_39.png,train,1.8333333333333333,0,0,0,98.16666666666667,0,0
tile_6.10_4.png,train,0,0,0,0,100.0,0,0
tile_6.10_40.png,train,0.04166666666666667,0,0,0,99.95833333333334,0,0
tile_6.10_41.png,train,0,0,0,0,100.0,0,0
tile_6.10_42.png,train,0,0,0,0,100.0,0,0
tile_6.10_43.png,train,0,0,0,0,100.0,0,0
tile_6.10_44.png,train,0,0,0,0,100.0,0,0
tile_6.10_45.png,train,0,0,0,0,100.0,0,0
tile_6.10_46.png,train,11.784722222222223,0,0,0,88.21527777777777,0,0
tile_6.10_47.png,train,35.979166666666664,0,0,0,64.02083333333334,0,0
tile_6.10_48.png,train,46.5,0,0,0,53.5,0,0
tile_6.10_49.png,train,33.013888888888886,0,0,0,66.98611111111111,0,0
tile_6.10_5.png,train,0,0,0,0,100.0,0,0
tile_6.10_50.png,train,13.17361111111111,0,1.0694444444444444,0.24305555555555555,85.51388888888889,0,0
tile_6.10_51.png,train,0.9375,0,1.0694444444444444,0.24305555555555555,97.75,0,0
tile_6.10_52.png,train,0,0,0,0,100.0,0,0
tile_6.10_53.png,train,0,0,0,0,100.0,0,0
tile_6.10_54.png,train,0,0,0,2.048611111111111,97.95138888888889,0,0
tile_6.10_55.png,train,59.55555555555555,0,0,0,40.44444444444444,0,0
tile_6.10_56.png,train,84.1875,0,0,0,15.812499999999998,0,0
tile_6.10_57.png,train,94.66666666666667,0,0,0,5.333333333333334,0,0
tile_6.10_58.png,train,79.26388888888889,0.1875,0.006944444444444444,3.5138888888888884,17.02777777777778,0,0
tile_6.10_59.png,train,34.833333333333336,11.79861111111111,9.944444444444445,7.736111111111112,35.6875,0,0
tile_6.10_6.png,train,0,0,0,0,100.0,0,0
tile_6.10_60.png,train,1.3055555555555556,11.61111111111111,27.041666666666668,4.222222222222222,55.81944444444444,0,0
tile_6.10_61.png,train,0,0,22.46527777777778,0,77.53472222222221,0,0
tile_6.10_62.png,train,0,0,5.361111111111111,0,94.63888888888889,0,0
tile_6.10_63.png,train,0,0,0,19.04861111111111,80.95138888888889,0,0
tile_6.10_64.png,train,96.88888888888889,0,0,0.8819444444444444,2.229166666666667,0,0
tile_6.10_65.png,train,100.0,0,0,0,0,0,0
tile_6.10_66.png,train,100.0,0,0,0,0,0,0
tile_6.10_67.png,train,78.89583333333333,8.993055555555555,0.006944444444444444,12.104166666666668,0,0,0
tile_6.10_68.png,train,29.26388888888889,29.291666666666664,25.1875,16.083333333333332,0.1736111111111111,0,0
tile_6.10_69.png,train,0.3680555555555555,20.29861111111111,67.28472222222223,3.979166666666667,8.069444444444445,0,0
tile_6.10_7.png,train,0,0,0,0,100.0,0,0
tile_6.10_70.png,train,0,0,72.45138888888889,0,27.54861111111111,0,0
tile_6.10_71.png,train,0,0,48.93055555555556,0,51.06944444444444,0,0
tile_6.10_72.png,train,0,0,24.38888888888889,18.493055555555554,57.11805555555556,0,0
tile_6.10_73.png,train,97.84722222222221,0,0,2.1527777777777777,0,0,0
tile_6.10_74.png,train,100.0,0,0,0,0,0,0
tile_6.10_75.png,train,93.36805555555556,0.4583333333333333,0,6.173611111111111,0,0,0
tile_6.10_76.png,train,51.0,26.666666666666668,3.916666666666667,18.416666666666668,0,0,0
tile_6.10_77.png,train,7.631944444444444,35.104166666666664,45.02083333333333,12.243055555555555,0,0,0
tile_6.10_78.png,train,0,8.895833333333334,91.10416666666666,0,0,0,0
tile_6.10_79.png,train,0,6.854166666666667,88.90277777777777,4.229166666666666,0.013888888888888888,0,0
tile_6.10_8.png,train,0,0,0,0,100.0,0,0
tile_6.10_80.png,train,0,6.854166666666667,72.74305555555556,6.041666666666667,14.36111111111111,0,0
tile_6.10_81.png,train,0,0,64.36805555555556,3.3055555555555554,32.32638888888889,0,0
tile_6.10_9.png,train,0,0,0,0,100.0,0,0
tile_6.19_1.png,train,93.97222222222223,0,0,0,6.027777777777778,0,0
tile_6.19_10.png,train,98.6875,0,0,0,1.3125,0,0
tile_6.19_11.png,train,91.15277777777779,0,0,0,8.847222222222221,0,0
tile_6.19_12.png,train,92.46527777777777,0,0,0,7.534722222222221,0,0
tile_6.19_13.png,train,82.77777777777777,0,0,0,17.22222222222222,0,0
tile_6.19_14.png,train,32.77777777777778,0,0,0,67.22222222222223,0,0
tile_6.19_15.png,train,0,0,0,0,100.0,0,0
tile_6.19_16.png,train,0,0,0,0,100.0,0,0
tile_6.19_17.png,train,0,0,0,0,100.0,0,0
tile_6.19_18.png,train,0,0,0,0,100.0,0,0
tile_6.19_19.png,train,100.0,0,0,0,0,0,0
tile_6.19_2.png,train,71.27083333333334,0,0,0,28.729166666666668,0,0
tile_6.19_20.png,train,100.0,0,0,0,0,0,0
tile_6.19_21.png,train,100.0,0,0,0,0,0,0
tile_6.19_22.png,train,81.47222222222223,0,0,0,18.52777777777778,0,0
tile_6.19_23.png,train,31.472222222222225,0,0,0,68.52777777777777,0,0
tile_6.19_24.png,train,0,0,0,0,100.0,0,0
tile_6.19_25.png,train,0,0,0,0,100.0,0,0
tile_6.19_26.png,train,0,0,0,0,100.0,0,0
tile_6.19_27.png,train,0,0,0,0,100.0,0,0
tile_6.19_28.png,train,100.0,0,0,0,0,0,0
tile_6.19_29.png,train,100.0,0,0,0,0,0,0
tile_6.19_3.png,train,77.29861111111111,0,0,0,22.70138888888889,0,0
tile_6.19_30.png,train,100.0,0,0,0,0,0,0
tile_6.19_31.png,train,82.22222222222221,0,0,0,17.77777777777778,0,0
tile_6.19_32.png,train,32.22222222222222,0,0,0,67.77777777777779,0,0
tile_6.19_33.png,train,0,0,0,0,100.0,0,0
tile_6.19_34.png,train,0,0,0,0,100.0,0,0
tile_6.19_35.png,train,0,0,0,0,100.0,0,0
tile_6.19_36.png,train,0,0,0,0,100.0,0,0
tile_6.19_37.png,train,100.0,0,0,0,0,0,0
tile_6.19_38.png,train,100.0,0,0,0,0,0,0
tile_6.19_39.png,train,100.0,0,0,0,0,0,0
tile_6.19_4.png,train,83.26388888888889,0,0,0,16.73611111111111,0,0
tile_6.19_40.png,train,83.79166666666666,0,0,0,16.208333333333332,0,0
tile_6.19_41.png,train,33.791666666666664,0,0,0,66.20833333333334,0,0
tile_6.19_42.png,train,0,0,0,0,100.0,0,0
tile_6.19_43.png,train,0,0,0,0,100.0,0,0
tile_6.19_44.png,train,0,0,0,0,100.0,0,0
tile_6.19_45.png,train,0,0,0,0,100.0,0,0
tile_6.19_46.png,train,100.0,0,0,0,0,0,0
tile_6.19_47.png,train,100.0,0,0,0,0,0,0
tile_6.19_48.png,train,100.0,0,0,0,0,0,0
tile_6.19_49.png,train,83.88194444444444,0,0,0,16.118055555555554,0,0
tile_6.19_5.png,train,33.263888888888886,0,0,0,66.73611111111111,0,0
tile_6.19_50.png,train,33.88194444444444,0,0,0,66.11805555555556,0,0
tile_6.19_51.png,train,0,0,0,0,100.0,0,0
tile_6.19_52.png,train,0,0,0,0,100.0,0,0
tile_6.19_53.png,train,0,0,0,0,100.0,0,0
tile_6.19_54.png,train,0,0,0,0,100.0,0,0
tile_6.19_55.png,train,100.0,0,0,0,0,0,0
tile_6.19_56.png,train,100.0,0,0,0,0,0,0
tile_6.19_57.png,train,100.0,0,0,0,0,0,0
tile_6.19_58.png,train,83.11805555555556,0,0,0,16.881944444444443,0,0
tile_6.19_59.png,train,33.11805555555555,0,0,0,66.88194444444444,0,0
tile_6.19_6.png,train,0,0,0,0,100.0,0,0
tile_6.19_60.png,train,0,0,0,0,100.0,0,0
tile_6.19_61.png,train,0,0,0,0,100.0,0,0
tile_6.19_62.png,train,0,0,0,0,100.0,0,0
tile_6.19_63.png,train,0,0,0,0,100.0,0,0
tile_6.19_64.png,train,100.0,0,0,0,0,0,0
tile_6.19_65.png,train,100.0,0,0,0,0,0,0
tile_6.19_66.png,train,100.0,0,0,0,0,0,0
tile_6.19_67.png,train,83.70833333333333,0,0,0,16.291666666666664,0,0
tile_6.19_68.png,train,33.708333333333336,0,0,0,66.29166666666667,0,0
tile_6.19_69.png,train,0,0,0,0,100.0,0,0
tile_6.19_7.png,train,0,0,0,0,100.0,0,0
tile_6.19_70.png,train,0,0,0,0,100.0,0,0
tile_6.19_71.png,train,0,0,0,0,100.0,0,0
tile_6.19_72.png,train,0,0,0,0,100.0,0,0
tile_6.19_73.png,train,100.0,0,0,0,0,0,0
tile_6.19_74.png,train,100.0,0,0,0,0,0,0
tile_6.19_75.png,train,100.0,0,0,0,0,0,0
tile_6.19_76.png,train,76.80555555555556,0,0,0,23.194444444444446,0,0
tile_6.19_77.png,train,26.805555555555554,0,0,0,73.19444444444444,0,0
tile_6.19_78.png,train,0,0,0,0,100.0,0,0
tile_6.19_79.png,train,0,0,0,0,100.0,0,0
tile_6.19_8.png,train,0,0,0,0,100.0,0,0
tile_6.19_80.png,train,0,0,0,0,100.0,0,0
tile_6.19_81.png,train,0,0,0,0,100.0,0,0
tile_6.19_9.png,train,0,0,0,0,100.0,0,0
tile_6.1_1.png,train,0,0,0,99.32638888888889,0,0.6736111111111112,0
tile_6.1_10.png,train,0,0,0,53.20138888888889,0,46.79861111111111,0
tile_6.1_11.png,train,0,0,0,52.763888888888886,0,47.236111111111114,0
tile_6.1_12.png,train,0,0,0,49.270833333333336,0,50.72916666666667,0
tile_6.1_13.png,train,0,0,0,45.27777777777778,0,54.72222222222223,0
tile_6.1_14.png,train,0,0,0,40.201388888888886,0,59.798611111111114,0
tile_6.1_15.png,train,0,0,0,36.076388888888886,0,63.923611111111114,0
tile_6.1_16.png,train,0,0,0,33.97222222222222,0,66.02777777777777,0
tile_6.1_17.png,train,0,0,0,29.666666666666668,0,70.33333333333334,0
tile_6.1_18.png,train,0,0,0,35.833333333333336,0,64.16666666666667,0
tile_6.1_19.png,train,0,0,0,4.125,0,95.875,0
tile_6.1_2.png,train,0,0,0,99.64583333333333,0,0.35416666666666663,0
tile_6.1_20.png,train,0,0,0,3.1180555555555554,0,96.88194444444444,0
tile_6.1_21.png,train,0,0,0,1.1041666666666667,0,98.89583333333334,0
tile_6.1_22.png,train,0,0,0,4.631944444444445,0,95.36805555555556,0
tile_6.1_23.png,train,0,0,0,24.38888888888889,0,75.6111111111111,0
tile_6.1_24.png,train,0,0,0,47.16666666666667,0.4305555555555556,52.40277777777778,0
tile_6.1_25.png,train,0,0,0,54.5625,2.8541666666666665,42.583333333333336,0
tile_6.1_26.png,train,0,0,0,49.5,16.125,34.375,0
tile_6.1_27.png,train,0,0,0,46.076388888888886,29.90277777777778,24.020833333333332,0
tile_6.1_28.png,train,0,0,0,26.402777777777775,4.118055555555555,69.47916666666667,0
tile_6.1_29.png,train,0,0,0,7.979166666666666,0,92.02083333333333,0
tile_6.1_3.png,train,0,0,0,98.16666666666667,0,1.8333333333333333,0
tile_6.1_30.png,train,0,0,0,6.840277777777779,0,93.15972222222221,0
tile_6.1_31.png,train,0,0,0,33.0625,0,66.9375,0
tile_6.1_32.png,train,0,0,0,61.375,9.604166666666666,29.020833333333336,0
tile_6.1_33.png,train,0,0,0,63.83333333333333,30.88888888888889,5.277777777777778,0
tile_6.1_34.png,train,0,0,0,55.96527777777778,44.0,0.034722222222222224,0
tile_6.1_35.png,train,0,0,0,38.58333333333333,61.416666666666664,0,0
tile_6.1_36.png,train,0,0,0,20.09722222222222,79.90277777777777,0,0
tile_6.1_37.png,train,0,0,0,49.020833333333336,30.90277777777778,20.07638888888889,0
tile_6.1_38.png,train,0,0,0,49.291666666666664,5.4375,45.270833333333336,0
tile_6.1_39.png,train,0,0,0,50.83333333333333,3.0208333333333335,46.145833333333336,0
tile_6.1_4.png,train,0,0,0,95.27777777777777,0,4.722222222222222,0
tile_6.1_40.png,train,0,0,0,67.5,10.847222222222221,21.65277777777778,0
tile_6.1_41.png,train,0,0,0,52.125,44.46527777777778,3.4097222222222223,0
tile_6.1_42.png,train,0,0,0,20.4375,79.5625,0,0
tile_6.1_43.png,train,0,0,0,8.854166666666668,91.14583333333334,0,0
tile_6.1_44.png,train,0,0,0,4.708333333333333,95.29166666666666,0,0
tile_6.1_45.png,train,0,0,0,0,100.0,0,0
tile_6.1_46.png,train,0,0,0,24.73611111111111,74.91666666666667,0.3472222222222222,0
tile_6.1_47.png,train,0,0,0,49.59722222222222,47.15277777777778,3.25,0
tile_6.1_48.png,train,0,0,0,57.6875,39.32638888888889,2.986111111111111,0
tile_6.1_49.png,train,0,0,0,46.34722222222222,53.56944444444445,0.08333333333333334,0
tile_6.1_5.png,train,0,0,0,90.20138888888889,0,9.79861111111111,0
tile_6.1_50.png,train,0,0,0,15.138888888888888,84.86111111111111,0,0
tile_6.1_51.png,train,0,0,0,0.8958333333333334,99.10416666666667,0,0
tile_6.1_52.png,train,0,0,0,0,100.0,0,0
tile_6.1_53.png,train,0,0,0,0,100.0,0,0
tile_6.1_54.png,train,0,0,0,0,100.0,0,0
tile_6.1_55.png,train,0,0,0,1.8680555555555554,98.13194444444444,0,0
tile_6.1_56.png,train,0,0,0,8.284722222222223,91.71527777777779,0,0
tile_6.1_57.png,train,0,0,0,13.694444444444445,86.30555555555556,0,0
tile_6.1_58.png,train,0,0,0,7.277777777777778,92.72222222222221,0,0
tile_6.1_59.png,train,0,0,0,0,100.0,0,0
tile_6.1_6.png,train,0,0,0,83.2013888888889,0,16.79861111111111,0
tile_6.1_60.png,train,0,0,0,0,100.0,0,0
tile_6.1_61.png,train,0,0,0,0,100.0,0,0
tile_6.1_62.png,train,0,0,0,0,100.0,0,0
tile_6.1_63.png,train,0,0,0,0,100.0,0,0
tile_6.1_64.png,train,0,0,0,0,100.0,0,0
tile_6.1_65.png,train,0,0,0,0,100.0,0,0
tile_6.1_66.png,train,0,0,0,0,100.0,0,0
tile_6.1_67.png,train,0,0,0,0,100.0,0,0
tile_6.1_68.png,train,0,0,0,0,100.0,0,0
tile_6.1_69.png,train,0,0,0,0,100.0,0,0
tile_6.1_7.png,train,0,0,0,76.52083333333334,0,23.479166666666668,0
tile_6.1_70.png,train,0,0,0,0,100.0,0,0
tile_6.1_71.png,train,0,0,0,0,100.0,0,0
tile_6.1_72.png,train,0,0,0,0,100.0,0,0
tile_6.1_73.png,train,0,0,0,0,100.0,0,0
tile_6.1_74.png,train,0,0,0,0,100.0,0,0
tile_6.1_75.png,train,0,0,0,0,100.0,0,0
tile_6.1_76.png,train,0,0,0,0,100.0,0,0
tile_6.1_77.png,train,0,0,0,0,100.0,0,0
tile_6.1_78.png,train,0,0,0,0,100.0,0,0
tile_6.1_79.png,train,0,0,0,0,100.0,0,0
tile_6.1_8.png,train,0,0,0,64.04166666666666,0,35.95833333333333,0
tile_6.1_80.png,train,0,0,0,0,100.0,0,0
tile_6.1_81.png,train,0,0,0,0,100.0,0,0
tile_6.1_9.png,train,0,0,0,59.854166666666664,0,40.14583333333333,0
tile_6.2_1.png,train,0,0,0,65.40972222222223,0,34.59027777777778,0
tile_6.2_10.png,train,0,0,0,28.152777777777775,0.2222222222222222,71.625,0
tile_6.2_11.png,train,0,0,0,34.263888888888886,5.930555555555555,59.80555555555556,0
tile_6.2_12.png,train,0,0,0,45.666666666666664,17.444444444444446,36.888888888888886,0
tile_6.2_13.png,train,0,0,0,45.08333333333333,24.895833333333332,30.020833333333336,0
tile_6.2_14.png,train,0,0,0,40.875,32.43055555555556,26.694444444444443,0
tile_6.2_15.png,train,0,0,0,38.395833333333336,36.21527777777778,25.38888888888889,0
tile_6.2_16.png,train,0,0,0,45.958333333333336,25.055555555555554,28.986111111111114,0
tile_6.2_17.png,train,0,0,0,65.09027777777779,8.11111111111111,26.79861111111111,0
tile_6.2_18.png,train,0,0,0,76.02083333333334,0,23.979166666666664,0
tile_6.2_19.png,train,0,0,0,16.208333333333332,43.44444444444445,40.34722222222222,0
tile_6.2_2.png,train,0,0,0,69.3611111111111,0,30.63888888888889,0
tile_6.2_20.png,train,0,0,0,14.902777777777779,54.91666666666667,30.180555555555554,0
tile_6.2_21.png,train,0,0,0,22.13888888888889,67.44444444444444,10.416666666666668,0
tile_6.2_22.png,train,0,0,0,18.90972222222222,73.25694444444444,7.833333333333334,0
tile_6.2_23.png,train,0,0,0,9.152777777777779,80.14583333333334,10.70138888888889,0
tile_6.2_24.png,train,0,0,0,1.472222222222222,85.56944444444444,12.958333333333332,0
tile_6.2_25.png,train,0,0,0,2.986111111111111,75.03472222222223,21.979166666666668,0
tile_6.2_26.png,train,0,0,0,24.868055555555554,48.8125,26.319444444444446,0
tile_6.2_27.png,train,0,0,0,46.020833333333336,20.65277777777778,33.32638888888889,0
tile_6.2_28.png,train,0,0,0,3.4652777777777777,93.22222222222221,3.3125,0
tile_6.2_29.png,train,0,0,0,0,98.98611111111111,1.0138888888888888,0
tile_6.2_3.png,train,0,0,0,72.30555555555556,1.2222222222222223,26.472222222222225,0
tile_6.2_30.png,train,0,0,0,0,100.0,0,0
tile_6.2_31.png,train,0,0,0,1.638888888888889,98.36111111111111,0,0
tile_6.2_32.png,train,0,0,0,2.2847222222222223,97.71527777777777,0,0
tile_6.2_33.png,train,0,0,0,0.6458333333333334,99.35416666666667,0,0
tile_6.2_34.png,train,0,0,0,0.020833333333333336,99.97916666666666,0,0
tile_6.2_35.png,train,0,0,0,9.13888888888889,90.70138888888889,0.15972222222222224,0
tile_6.2_36.png,train,0,0,0,22.055555555555557,68.59722222222221,9.347222222222221,0
tile_6.2_37.png,train,0,0,0,0,100.0,0,0
tile_6.2_38.png,train,0,0,0,0,100.0,0,0
tile_6.2_39.png,train,0,0,0,0,100.0,0,0
tile_6.2_4.png,train,0,0,0,73.36111111111111,4.451388888888888,22.1875,0
tile_6.2_40.png,train,0,0,0,0,100.0,0,0
tile_6.2_41.png,train,0,0,0,0,100.0,0,0
tile_6.2_42.png,train,0,0,0,0,100.0,0,0
tile_6.2_43.png,train,0,0,0,0,100.0,0,0
tile_6.2_44.png,train,0,0,0,0,100.0,0,0
tile_6.2_45.png,train,0,0,0,2.055555555555556,97.94444444444444,0,0
tile_6.2_46.png,train,0,0,0,0,100.0,0,0
tile_6.2_47.png,train,0,0,0,0,100.0,0,0
tile_6.2_48.png,train,0,0,0,0,100.0,0,0
tile_6.2_49.png,train,0,0,0,0,100.0,0,0
tile_6.2_5.png,train,0,0,0,80.77777777777779,3.229166666666667,15.993055555555555,0
tile_6.2_50.png,train,0,0,0,0,100.0,0,0
tile_6.2_51.png,train,0,0,0,0,100.0,0,0
tile_6.2_52.png,train,0,0,0,0,100.0,0,0
tile_6.2_53.png,train,0,0,0,0,100.0,0,0
tile_6.2_54.png,train,0,0,0,0,100.0,0,0
tile_6.2_55.png,train,0,0,0,0,100.0,0,0
tile_6.2_56.png,train,0,0,0,0,100.0,0,0
tile_6.2_57.png,train,0,0,0,0,100.0,0,0
tile_6.2_58.png,train,0,0,0,0,100.0,0,0
tile_6.2_59.png,train,0,0,0,0,100.0,0,0
tile_6.2_6.png,train,0,0,0,87.56944444444444,0,12.430555555555555,0
tile_6.2_60.png,train,0,0,0,0,100.0,0,0
tile_6.2_61.png,train,0,0,0,0,100.0,0,0
tile_6.2_62.png,train,0,0,0,0,100.0,0,0
tile_6.2_63.png,train,0,0,0,0,100.0,0,0
tile_6.2_64.png,train,0,0,0,0,100.0,0,0
tile_6.2_65.png,train,0,0,0,0,100.0,0,0
tile_6.2_66.png,train,0,0,0,0,100.0,0,0
tile_6.2_67.png,train,0,0,0,0,100.0,0,0
tile_6.2_68.png,train,0,0,0,0,100.0,0,0
tile_6.2_69.png,train,0,0,0,0,100.0,0,0
tile_6.2_7.png,train,0,0,0,89.19444444444444,3.7986111111111107,7.006944444444445,0
tile_6.2_70.png,train,0,0,0,0,100.0,0,0
tile_6.2_71.png,train,0,0,0,0,100.0,0,0
tile_6.2_72.png,train,0,0,0,0,100.0,0,0
tile_6.2_73.png,train,0,0,0,0,100.0,0,0
tile_6.2_74.png,train,0,0,0,0,100.0,0,0
tile_6.2_75.png,train,0,0,0,0,100.0,0,0
tile_6.2_76.png,train,0,0,0,0,100.0,0,0
tile_6.2_77.png,train,0,0,0,0,100.0,0,0
tile_6.2_78.png,train,0,0,0,0,100.0,0,0
tile_6.2_79.png,train,0,0,0,0,100.0,0,0
tile_6.2_8.png,train,0,0,0,92.09722222222221,7.263888888888889,0.638888888888889,0
tile_6.2_80.png,train,0,0,0,0,100.0,0,0
tile_6.2_81.png,train,0,0,0,0,100.0,0,0
tile_6.2_9.png,train,0,0,0,82.54166666666667,17.458333333333336,0,0
tile_6.4_1.png,train,22.0,0,0,0,3.895833333333333,74.10416666666667,0
tile_6.4_10.png,train,9.840277777777779,0,0,0,4.541666666666667,85.61805555555554,0
tile_6.4_11.png,train,46.08333333333333,0,0,0,0,53.91666666666667,0
tile_6.4_12.png,train,85.95833333333334,0,0,0,2.388888888888889,11.652777777777777,0
tile_6.4_13.png,train,69.17361111111111,0,0,0,29.868055555555557,0.9583333333333333,0
tile_6.4_14.png,train,26.708333333333336,0,0,0,73.29166666666667,0,0
tile_6.4_15.png,train,4.1875,0,0,0,95.8125,0,0
tile_6.4_16.png,train,0,0,0,0,100.0,0,0
tile_6.4_17.png,train,0,0,0,0,100.0,0,0
tile_6.4_18.png,train,0,0,0,0,100.0,0,0
tile_6.4_19.png,train,29.40972222222222,0,0,0,0.7430555555555556,69.84722222222223,0
tile_6.4_2.png,train,14.784722222222221,0,0,0,0,85.21527777777777,0
tile_6.4_20.png,train,79.1875,0,0,0,0,20.8125,0
tile_6.4_21.png,train,100.0,0,0,0,0,0,0
tile_6.4_22.png,train,97.43055555555556,0,0,0,2.569444444444444,0,0
tile_6.4_23.png,train,59.979166666666664,0,0,0,40.020833333333336,0,0
tile_6.4_24.png,train,12.54861111111111,0,0,0,87.45138888888889,0,0
tile_6.4_25.png,train,0,0,0,0,100.0,0,0
tile_6.4_26.png,train,0,0,0,0,100.0,0,0
tile_6.4_27.png,train,0,0,0,0,100.0,0,0
tile_6.4_28.png,train,49.49305555555556,0,0,0,0,50.50694444444444,0
tile_6.4_29.png,train,97.45138888888889,0,0,0,0,2.548611111111111,0
tile_6.4_3.png,train,36.05555555555556,0,0,3.9722222222222223,16.28472222222222,43.6875,0
tile_6.4_30.png,train,100.0,0,0,0,0,0,0
tile_6.4_31.png,train,96.14583333333333,0,0,0,3.854166666666667,0,0
tile_6.4_32.png,train,54.79861111111111,0,0,0,45.201388888888886,0,0
tile_6.4_33.png,train,8.652777777777777,0,0,0,91.34722222222223,0,0
tile_6.4_34.png,train,0,0,0,0,100.0,0,0
tile_6.4_35.png,train,0,0,0,0,100.0,0,0
tile_6.4_36.png,train,0,0,0,0,100.0,0,0
tile_6.4_37.png,train,66.36111111111111,0,0,0,0,33.63888888888889,0
tile_6.4_38.png,train,99.97916666666666,0,0,0,0,0.020833333333333336,0
tile_6.4_39.png,train,100.0,0,0,0,0,0,0
tile_6.4_4.png,train,21.84027777777778,0,0,3.9722222222222223,66.19444444444444,7.993055555555556,0
tile_6.4_40.png,train,79.97222222222223,0,0,0,20.02777777777778,0,0
tile_6.4_41.png,train,30.26388888888889,0,0,0,69.73611111111111,0,0
tile_6.4_42.png,train,0.2916666666666667,0,0,0,99.70833333333333,0,0
tile_6.4_43.png,train,0,0,0,0,100.0,0,0
tile_6.4_44.png,train,0,0,0,0,100.0,0,0
tile_6.4_45.png,train,0,0,0,0,100.0,0,0
tile_6.4_46.png,train,83.38194444444444,0,0,0,0,16.618055555555557,0
tile_6.4_47.png,train,100.0,0,0,0,0,0,0
tile_6.4_48.png,train,99.63194444444444,0,0,0,0.3680555555555555,0,0
tile_6.4_49.png,train,62.173611111111114,0,0,0,37.82638888888889,0,0
tile_6.4_5.png,train,0.09027777777777778,0,0,0,99.90972222222221,0,0
tile_6.4_50.png,train,12.541666666666668,0,0,0,87.45833333333334,0,0
tile_6.4_51.png,train,0,0,0,0,100.0,0,0
tile_6.4_52.png,train,0,0,0,0,100.0,0,0
tile_6.4_53.png,train,0,0,0,0,100.0,0,0
tile_6.4_54.png,train,0,0,0,0,100.0,0,0
tile_6.4_55.png,train,93.4375,0,0,0,0,6.5625,0
tile_6.4_56.png,train,100.0,0,0,0,0,0,0
tile_6.4_57.png,train,99.63194444444444,0,0,0,0.3680555555555555,0,0
tile_6.4_58.png,train,76.86111111111111,0,0,0,23.13888888888889,0,0
tile_6.4_59.png,train,40.06944444444444,0,0,0,59.93055555555556,0,0
tile_6.4_6.png,train,0,0,0,0,100.0,0,0
tile_6.4_60.png,train,14.284722222222221,0,0,0,85.71527777777777,0,0
tile_6.4_61.png,train,1.4444444444444444,0,0,0,98.55555555555556,0,0
tile_6.4_62.png,train,0,0,0,0,100.0,0,0
tile_6.4_63.png,train,0,0,0,0,100.0,0,0
tile_6.4_64.png,train,99.61805555555556,0,0,0,0,0.3819444444444444,0
tile_6.4_65.png,train,100.0,0,0,0,0,0,0
tile_6.4_66.png,train,100.0,0,0,0,0,0,0
tile_6.4_67.png,train,98.51388888888889,0,0,0,1.4861111111111112,0,0
tile_6.4_68.png,train,86.35416666666667,0,0,0,13.645833333333332,0,0
tile_6.4_69.png,train,56.666666666666664,0,0,0,43.333333333333336,0,0
tile_6.4_7.png,train,0,0,0,0,100.0,0,0
tile_6.4_70.png,train,18.82638888888889,0,0,0,81.17361111111111,0,0
tile_6.4_71.png,train,0,0,0,0,100.0,0,0
tile_6.4_72.png,train,0,0,0,0,100.0,0,0
tile_6.4_73.png,train,100.0,0,0,0,0,0,0
tile_6.4_74.png,train,100.0,0,0,0,0,0,0
tile_6.4_75.png,train,100.0,0,0,0,0,0,0
tile_6.4_76.png,train,100.0,0,0,0,0,0,0
tile_6.4_77.png,train,100.0,0,0,0,0,0,0
tile_6.4_78.png,train,88.6736111111111,0,0,0,11.32638888888889,0,0
tile_6.4_79.png,train,38.673611111111114,0,0,0,61.32638888888889,0,0
tile_6.4_8.png,train,0,0,0,0,100.0,0,0
tile_6.4_80.png,train,0,0,0,0,100.0,0,0
tile_6.4_81.png,train,0,0,0,0,100.0,0,0
tile_6.4_9.png,train,0,0,0,0,100.0,0,0
tile_6.5_1.png,train,0,0,0,0,100.0,0,0
tile_6.5_10.png,train,0,0,0,0,100.0,0,0
tile_6.5_11.png,train,0,0,0,0,100.0,0,0
tile_6.5_12.png,train,0,0,0,0,100.0,0,0
tile_6.5_13.png,train,0,0,0,0,100.0,0,0
tile_6.5_14.png,train,0,0,0,0,100.0,0,0
tile_6.5_15.png,train,0,0,0,0,100.0,0,0
tile_6.5_16.png,train,0,0,0,0,100.0,0,0
tile_6.5_17.png,train,0,0,0,0,100.0,0,0
tile_6.5_18.png,train,0,0,0,0,100.0,0,0
tile_6.5_19.png,train,0,0,0,0,100.0,0,0
tile_6.5_2.png,train,0,0,0,0,100.0,0,0
tile_6.5_20.png,train,0,0,0,0,100.0,0,0
tile_6.5_21.png,train,0,0,0,0,100.0,0,0
tile_6.5_22.png,train,0,0,0,0,100.0,0,0
tile_6.5_23.png,train,0,0,0,0,100.0,0,0
tile_6.5_24.png,train,0,0,0,0,100.0,0,0
tile_6.5_25.png,train,0,0,0,0,100.0,0,0
tile_6.5_26.png,train,0,0,0,0,100.0,0,0
tile_6.5_27.png,train,0,0,0,0,100.0,0,0
tile_6.5_28.png,train,0,0,0,0,100.0,0,0
tile_6.5_29.png,train,0,0,0,0,100.0,0,0
tile_6.5_3.png,train,0,0,0,0,100.0,0,0
tile_6.5_30.png,train,0,0,0,0,100.0,0,0
tile_6.5_31.png,train,0,0,0,0,100.0,0,0
tile_6.5_32.png,train,0,0,0,0,100.0,0,0
tile_6.5_33.png,train,0,0,0,0,100.0,0,0
tile_6.5_34.png,train,0,0,0,0,100.0,0,0
tile_6.5_35.png,train,0,0,0,0,100.0,0,0
tile_6.5_36.png,train,0,0,0,0,100.0,0,0
tile_6.5_37.png,train,0,0,0,0,100.0,0,0
tile_6.5_38.png,train,0,0,0,0,100.0,0,0
tile_6.5_39.png,train,0,0,0,0,100.0,0,0
tile_6.5_4.png,train,0,0,0,0,100.0,0,0
tile_6.5_40.png,train,0,0,0,0,100.0,0,0
tile_6.5_41.png,train,0,0,0,0,100.0,0,0
tile_6.5_42.png,train,0,0,0,0,100.0,0,0
tile_6.5_43.png,train,0,0,0,0,100.0,0,0
tile_6.5_44.png,train,0,0,0,0,100.0,0,0
tile_6.5_45.png,train,0,0,0,0,100.0,0,0
tile_6.5_46.png,train,0,0,0,0,100.0,0,0
tile_6.5_47.png,train,0,0,0,0,100.0,0,0
tile_6.5_48.png,train,0,0,0,0,100.0,0,0
tile_6.5_49.png,train,0,0,0,0,100.0,0,0
tile_6.5_5.png,train,0,0,0,0,100.0,0,0
tile_6.5_50.png,train,0,0,0,0,100.0,0,0
tile_6.5_51.png,train,0,0,0,0,100.0,0,0
tile_6.5_52.png,train,0,0,0,0,100.0,0,0
tile_6.5_53.png,train,0,0,0,0,100.0,0,0
tile_6.5_54.png,train,0,0,0,0,100.0,0,0
tile_6.5_55.png,train,0,0,0,0,100.0,0,0
tile_6.5_56.png,train,0,0,0,0,100.0,0,0
tile_6.5_57.png,train,0,0,0,0,100.0,0,0
tile_6.5_58.png,train,0,0,0,0,100.0,0,0
tile_6.5_59.png,train,0,0,0,0,100.0,0,0
tile_6.5_6.png,train,0,0,0,0,100.0,0,0
tile_6.5_60.png,train,0,0,0,0,100.0,0,0
tile_6.5_61.png,train,0,0,0,0,100.0,0,0
tile_6.5_62.png,train,0,0,0,0,100.0,0,0
tile_6.5_63.png,train,0,0,0,0,100.0,0,0
tile_6.5_64.png,train,0,0,0,0,100.0,0,0
tile_6.5_65.png,train,0,0,0,0,100.0,0,0
tile_6.5_66.png,train,0,0,0,0,100.0,0,0
tile_6.5_67.png,train,0,0,0,0,100.0,0,0
tile_6.5_68.png,train,0,0,0,0,100.0,0,0
tile_6.5_69.png,train,0,0,0,0,100.0,0,0
tile_6.5_7.png,train,0,0,0,0,100.0,0,0
tile_6.5_70.png,train,0,0,0,0,100.0,0,0
tile_6.5_71.png,train,0,0,0,0,100.0,0,0
tile_6.5_72.png,train,0,0,0,0,100.0,0,0
tile_6.5_73.png,train,0,0,0,0,100.0,0,0
tile_6.5_74.png,train,0,0,0,0,100.0,0,0
tile_6.5_75.png,train,0,0,0,0,100.0,0,0
tile_6.5_76.png,train,0,0,0,0,100.0,0,0
tile_6.5_77.png,train,0,0,0,0,100.0,0,0
tile_6.5_78.png,train,0,0,0,0,100.0,0,0
tile_6.5_79.png,train,0,0,0,0,100.0,0,0
tile_6.5_8.png,train,0,0,0,0,100.0,0,0
tile_6.5_80.png,train,0,0,0,0,100.0,0,0
tile_6.5_81.png,train,0,0,0,0,100.0,0,0
tile_6.5_9.png,train,0,0,0,0,100.0,0,0
tile_6.7_1.png,train,0,0,0,0,100.0,0,0
tile_6.7_10.png,train,0,0,0,0,100.0,0,0
tile_6.7_11.png,train,0,0,0,0,100.0,0,0
tile_6.7_12.png,train,0,0,0,0,100.0,0,0
tile_6.7_13.png,train,0,0,0,0,100.0,0,0
tile_6.7_14.png,train,0,0,0,0,100.0,0,0
tile_6.7_15.png,train,0,0,0,0.798611111111111,99.20138888888889,0,0
tile_6.7_16.png,train,0,0,0,37.59027777777778,61.5625,0.8472222222222223,0
tile_6.7_17.png,train,0,0,0,53.37499999999999,12.36111111111111,34.263888888888886,0
tile_6.7_18.png,train,0,0,0,20.333333333333332,0,79.66666666666666,0
tile_6.7_19.png,train,0,0,0,0,100.0,0,0
tile_6.7_2.png,train,0,0,0,0,100.0,0,0
tile_6.7_20.png,train,0,0,0,0,100.0,0,0
tile_6.7_21.png,train,0,0,0,0,100.0,0,0
tile_6.7_22.png,train,0,0,0,0,100.0,0,0
tile_6.7_23.png,train,0,0,0,0,100.0,0,0
tile_6.7_24.png,train,0,0,0,0,100.0,0,0
tile_6.7_25.png,train,0,0,0,30.819444444444443,69.0,0.18055555555555555,0
tile_6.7_26.png,train,0,0,0,60.236111111111114,19.0,20.76388888888889,0
tile_6.7_27.png,train,0,0,0,29.416666666666668,0,70.58333333333333,0
tile_6.7_28.png,train,0,0,0,0,100.0,0,0
tile_6.7_29.png,train,0,0,0,0,100.0,0,0
tile_6.7_3.png,train,0,0,0,0,100.0,0,0
tile_6.7_30.png,train,0,0,0,0,100.0,0,0
tile_6.7_31.png,train,0,0,0,0,100.0,0,0
tile_6.7_32.png,train,0,0,0,0,100.0,0,0
tile_6.7_33.png,train,0,0,0,0.2361111111111111,99.76388888888889,0,0
tile_6.7_34.png,train,0,0,0,37.6875,62.31250000000001,0,0
tile_6.7_35.png,train,0,0,0,75.30555555555556,12.54861111111111,12.145833333333334,0
tile_6.7_36.png,train,0,0,0,39.361111111111114,0,60.638888888888886,0
tile_6.7_37.png,train,0,0,0,0,100.0,0,0
tile_6.7_38.png,train,0,0,0,0,100.0,0,0
tile_6.7_39.png,train,0,0,0,0,100.0,0,0
tile_6.7_4.png,train,0,0,0,0,100.0,0,0
tile_6.7_40.png,train,0,0,0,0,100.0,0,0
tile_6.7_41.png,train,0,0,0,0,100.0,0,0
tile_6.7_42.png,train,0,0,0,0.2361111111111111,99.76388888888889,0,0
tile_6.7_43.png,train,0,0,0,37.82638888888889,62.173611111111114,0,0
tile_6.7_44.png,train,0,0,0,84.35416666666666,12.409722222222221,3.236111111111111,0
tile_6.7_45.png,train,0,0,0,54.09027777777777,0,45.90972222222222,0
tile_6.7_46.png,train,0,0,0,0,100.0,0,0
tile_6.7_47.png,train,0,0,0,0,100.0,0,0
tile_6.7_48.png,train,0,0,0,0,100.0,0,0
tile_6.7_49.png,train,0,0,0,0,100.0,0,0
tile_6.7_5.png,train,0,0,0,0,100.0,0,0
tile_6.7_50.png,train,0,0,0,0,100.0,0,0
tile_6.7_51.png,train,0,0,0,0,100.0,0,0
tile_6.7_52.png,train,0,0,0,16.9375,83.0625,0,0
tile_6.7_53.png,train,0,0,0,61.51388888888889,38.48611111111111,0,0
tile_6.7_54.png,train,0,0,0,66.72916666666666,5.423611111111111,27.84722222222222,0
tile_6.7_55.png,train,0,0,0,0,100.0,0,0
tile_6.7_56.png,train,0,0,0,0,100.0,0,0
tile_6.7_57.png,train,0,0,0,0,100.0,0,0
tile_6.7_58.png,train,0,0,0,0,100.0,0,0
tile_6.7_59.png,train,0,0,0,0,100.0,0,0
tile_6.7_6.png,train,0,0,0,6.611111111111111,93.38888888888889,0,0
tile_6.7_60.png,train,0,0,0,0,100.0,0,0
tile_6.7_61.png,train,0,0,0,1.597222222222222,98.40277777777777,0,0
tile_6.7_62.png,train,0,0,0,40.78472222222223,59.21527777777777,0,0
tile_6.7_63.png,train,0,0,0,78.44444444444446,10.8125,10.743055555555555,0
tile_6.7_64.png,train,0,0,0,0,100.0,0,0
tile_6.7_65.png,train,0,0,0,0,100.0,0,0
tile_6.7_66.png,train,0,0,0,0,100.0,0,0
tile_6.7_67.png,train,0,0,0,0,100.0,0,0
tile_6.7_68.png,train,0,0,0,0,100.0,0,0
tile_6.7_69.png,train,0,0,0,0,100.0,0,0
tile_6.7_7.png,train,0,0,0,44.548611111111114,46.54861111111111,8.902777777777777,0
tile_6.7_70.png,train,0,0,0,0.6805555555555555,99.31944444444444,0,0
tile_6.7_71.png,train,0,0,0,38.54166666666667,61.458333333333336,0,0
tile_6.7_72.png,train,0,0,0,85.78472222222221,12.13888888888889,2.076388888888889,0
tile_6.7_73.png,train,0,0,0,0,100.0,0,0
tile_6.7_74.png,train,0,0,0,0,100.0,0,0
tile_6.7_75.png,train,0,0,0,0,100.0,0,0
tile_6.7_76.png,train,0,0,0,0,100.0,0,0
tile_6.7_77.png,train,0,0,0,0,100.0,0,0
tile_6.7_78.png,train,0,0,0,0,100.0,0,0
tile_6.7_79.png,train,0,0,0,0.6805555555555555,99.31944444444444,0,0
tile_6.7_8.png,train,0,0,0,44.04166666666667,3.1597222222222223,52.798611111111114,0
tile_6.7_80.png,train,0,0,0,19.229166666666668,80.77083333333334,0,0
tile_6.7_81.png,train,0,0,0,54.888888888888886,45.111111111111114,0,0
tile_6.7_9.png,train,0,0,0,16.9375,0,83.0625,0
tile_6.9_1.png,train,0,0,0,0,100.0,0,0
tile_6.9_10.png,train,0,0,0,0,100.0,0,0
tile_6.9_11.png,train,0,0,0,0,100.0,0,0
tile_6.9_12.png,train,0,0,0,0,100.0,0,0
tile_6.9_13.png,train,0,0,0,0,100.0,0,0
tile_6.9_14.png,train,0,0,0,0,100.0,0,0
tile_6.9_15.png,train,0,0,0,0,100.0,0,0
tile_6.9_16.png,train,0,0,0,0,100.0,0,0
tile_6.9_17.png,train,0,0,0,0,100.0,0,0
tile_6.9_18.png,train,0,0,0,0,100.0,0,0
tile_6.9_19.png,train,0,0,0,0,100.0,0,0
tile_6.9_2.png,train,0,0,0,0,100.0,0,0
tile_6.9_20.png,train,0,0,0,0,100.0,0,0
tile_6.9_21.png,train,0,0,0,0,100.0,0,0
tile_6.9_22.png,train,0,0,0,0,100.0,0,0
tile_6.9_23.png,train,0,0,0,0,100.0,0,0
tile_6.9_24.png,train,0,0,0,0,100.0,0,0
tile_6.9_25.png,train,0,0,0,0,100.0,0,0
tile_6.9_26.png,train,0,0,0,0,100.0,0,0
tile_6.9_27.png,train,0,0,0,0,100.0,0,0
tile_6.9_28.png,train,0,0,0,0,100.0,0,0
tile_6.9_29.png,train,0,0,0,0,100.0,0,0
tile_6.9_3.png,train,0,0,0,0,100.0,0,0
tile_6.9_30.png,train,0,0,0,0,100.0,0,0
tile_6.9_31.png,train,0,0,0,0,100.0,0,0
tile_6.9_32.png,train,0,0,0,0,100.0,0,0
tile_6.9_33.png,train,0,0,0,0,100.0,0,0
tile_6.9_34.png,train,0,0,0,0,100.0,0,0
tile_6.9_35.png,train,0,0,0,0,100.0,0,0
tile_6.9_36.png,train,0,0,0,0,100.0,0,0
tile_6.9_37.png,train,0,0,0,0,100.0,0,0
tile_6.9_38.png,train,0,0,0,0,100.0,0,0
tile_6.9_39.png,train,0,0,0,0,100.0,0,0
tile_6.9_4.png,train,0,0,0,0,100.0,0,0
tile_6.9_40.png,train,0,0,0,0,100.0,0,0
tile_6.9_41.png,train,0,0,0,0,100.0,0,0
tile_6.9_42.png,train,0,0,0,0,100.0,0,0
tile_6.9_43.png,train,0,0,0,0,100.0,0,0
tile_6.9_44.png,train,0,0,0,0,100.0,0,0
tile_6.9_45.png,train,0,0,0,0,100.0,0,0
tile_6.9_46.png,train,0,0,11.020833333333334,0,88.97916666666667,0,0
tile_6.9_47.png,train,0,0,1.1458333333333333,0,98.85416666666667,0,0
tile_6.9_48.png,train,0,0,0,0,100.0,0,0
tile_6.9_49.png,train,0,0,0,0,100.0,0,0
tile_6.9_5.png,train,0,0,0,0,100.0,0,0
tile_6.9_50.png,train,0,0,0,0,100.0,0,0
tile_6.9_51.png,train,0,0,0,0,100.0,0,0
tile_6.9_52.png,train,0,0,0,0,100.0,0,0
tile_6.9_53.png,train,0,0,0,0,100.0,0,0
tile_6.9_54.png,train,0,0,0,0,100.0,0,0
tile_6.9_55.png,train,0,0,33.201388888888886,0,66.7986111111111,0,0
tile_6.9_56.png,train,0,0,31.805555555555554,0,68.19444444444444,0,0
tile_6.9_57.png,train,0,0,17.895833333333332,0,82.10416666666667,0,0
tile_6.9_58.png,train,0,0,3.7986111111111107,0,96.20138888888889,0,0
tile_6.9_59.png,train,0,0,0,0,100.0,0,0
tile_6.9_6.png,train,0,0,0,0,100.0,0,0
tile_6.9_60.png,train,0.027777777777777776,0,0,0,99.97222222222221,0,0
tile_6.9_61.png,train,3.194444444444444,0,0,0,96.80555555555556,0,0
tile_6.9_62.png,train,9.131944444444445,0,0,0,90.86805555555556,0,0
tile_6.9_63.png,train,16.07638888888889,0,0,0,83.92361111111111,0,0
tile_6.9_64.png,train,21.82638888888889,0,22.180555555555557,0,55.99305555555556,0,0
tile_6.9_65.png,train,8.270833333333332,0,31.972222222222225,0,59.75694444444445,0,0
tile_6.9_66.png,train,0.006944444444444444,0,29.90277777777778,0,70.09027777777777,0,0
tile_6.9_67.png,train,0.1736111111111111,0,23.284722222222225,0,76.54166666666666,0,0
tile_6.9_68.png,train,7.277777777777778,0,9.381944444444445,0,83.34027777777779,0,0
tile_6.9_69.png,train,30.909722222222225,0,0.5902777777777778,0.1736111111111111,68.32638888888889,0,0
tile_6.9_7.png,train,0,0,0,0,100.0,0,0
tile_6.9_70.png,train,48.61111111111111,0,0,3.5277777777777777,47.86111111111111,0,0
tile_6.9_71.png,train,55.77777777777778,0,0,3.3541666666666665,40.86805555555556,0,0
tile_6.9_72.png,train,61.45138888888889,0,0,4.625,33.923611111111114,0,0
tile_6.9_73.png,train,57.44444444444444,0,0,0,42.55555555555556,0,0
tile_6.9_74.png,train,29.520833333333336,0,1.3125,0,69.16666666666667,0,0
tile_6.9_75.png,train,33.32638888888889,0,12.006944444444445,0,54.666666666666664,0,0
tile_6.9_76.png,train,44.979166666666664,0,19.48611111111111,0,35.53472222222222,0,0
tile_6.9_77.png,train,44.4375,0,13.67361111111111,0,41.888888888888886,0,0
tile_6.9_78.png,train,52.6875,0,7.236111111111112,1.2013888888888888,38.875,0,0
tile_6.9_79.png,train,72.13888888888889,0,2.3541666666666665,7.854166666666666,17.65277777777778,0,0
tile_6.9_8.png,train,0,0,0,0,100.0,0,0
tile_6.9_80.png,train,89.0625,0,0,9.645833333333332,1.2916666666666667,0,0
tile_6.9_81.png,train,77.07638888888889,0,0,22.92361111111111,0,0,0
tile_6.9_9.png,train,0,0,0,0,100.0,0,0
jp22_1.10_1.png,val,0,0,0,0,0,100.0,0
jp22_1.10_10.png,val,0,0,0,0,0,100.0,0
jp22_1.10_11.png,val,0,0,0,0,0,100.0,0
jp22_1.10_12.png,val,0,0,0,0,0,100.0,0
jp22_1.10_13.png,val,0,0,0,0,0,100.0,0
jp22_1.10_14.png,val,0,0,0,0,0,100.0,0
jp22_1.10_15.png,val,0,0,0,0,0,100.0,0
jp22_1.10_16.png,val,0,0,0,0,0,100.0,0
jp22_1.10_17.png,val,0,0,0,0,0,100.0,0
jp22_1.10_18.png,val,0,0,0,0,0,100.0,0
jp22_1.10_19.png,val,0,0,0,0,0,100.0,0
jp22_1.10_2.png,val,0,0,0,0,0,100.0,0
jp22_1.10_20.png,val,0,0,0,0,0,100.0,0
jp22_1.10_21.png,val,0,0,0,0,0,100.0,0
jp22_1.10_22.png,val,0,0,0,0,0,100.0,0
jp22_1.10_23.png,val,0,0,0,0,0,100.0,0
jp22_1.10_24.png,val,0,0,0,0,0,100.0,0
jp22_1.10_25.png,val,0,0,0,0,0,100.0,0
jp22_1.10_26.png,val,0,0,0,0,0,100.0,0
jp22_1.10_27.png,val,0,0,0,0,0,100.0,0
jp22_1.10_28.png,val,0,0,0,0,0,100.0,0
jp22_1.10_29.png,val,0,0,0,0,0,100.0,0
jp22_1.10_3.png,val,0,0,0,0,0,100.0,0
jp22_1.10_30.png,val,0,0,0,0,0,100.0,0
jp22_1.10_31.png,val,0,0,0,0,0,100.0,0
jp22_1.10_32.png,val,0,0,0,0,0,100.0,0
jp22_1.10_33.png,val,0,0,0,0,0,100.0,0
jp22_1.10_34.png,val,0,0,0,0,0,100.0,0
jp22_1.10_35.png,val,0,0,0,0,0,100.0,0
jp22_1.10_36.png,val,0,0,0,0,0,100.0,0
jp22_1.10_37.png,val,0,0,0,0,0,100.0,0
jp22_1.10_38.png,val,0,0,0,0,0,100.0,0
jp22_1.10_39.png,val,0,0,0,0,0,100.0,0
jp22_1.10_4.png,val,0,0,0,0,0,100.0,0
jp22_1.10_40.png,val,0,0,0,0,0,100.0,0
jp22_1.10_41.png,val,0,0,0,0,0,100.0,0
jp22_1.10_42.png,val,0,0,0,0,0,100.0,0
jp22_1.10_43.png,val,0,0,0,0,0,100.0,0
jp22_1.10_44.png,val,0,0,0,0,0,100.0,0
jp22_1.10_45.png,val,0,0,0,0,0,100.0,0
jp22_1.10_46.png,val,0,0,0,0,0,100.0,0
jp22_1.10_47.png,val,0,0,0,0,0,100.0,0
jp22_1.10_48.png,val,0,0,0,0,0,100.0,0
jp22_1.10_49.png,val,0,0,0,0,0,100.0,0
jp22_1.10_5.png,val,0,0,0,0,0,100.0,0
jp22_1.10_50.png,val,0,0,0,0,0,100.0,0
jp22_1.10_51.png,val,0,0,0,0,0,100.0,0
jp22_1.10_52.png,val,0,0,0,0,0,100.0,0
jp22_1.10_53.png,val,0,0,0,0,0,100.0,0
jp22_1.10_54.png,val,0,0,0,0,0,100.0,0
jp22_1.10_55.png,val,0,0,0,0,0,100.0,0
jp22_1.10_56.png,val,0,0,0,0,0,100.0,0
jp22_1.10_57.png,val,0,0,0,0,0,100.0,0
jp22_1.10_58.png,val,0,0,0,0,0,100.0,0
jp22_1.10_59.png,val,0,0,0,0,0,100.0,0
jp22_1.10_6.png,val,0,0,0,0,0,100.0,0
jp22_1.10_60.png,val,0,0,0,0,0,100.0,0
jp22_1.10_61.png,val,0,0,0,0,0,100.0,0
jp22_1.10_62.png,val,0,0,0,0,0,100.0,0
jp22_1.10_63.png,val,0,0,0,0,0,100.0,0
jp22_1.10_64.png,val,0,0,0,0,0,100.0,0
jp22_1.10_65.png,val,0,0,0,0,0,100.0,0
jp22_1.10_66.png,val,0,0,0,0,0,100.0,0
jp22_1.10_67.png,val,0,0,0,0,0,100.0,0
jp22_1.10_68.png,val,0,0,0,0,0,100.0,0
jp22_1.10_69.png,val,0,0,0,0,0,100.0,0
jp22_1.10_7.png,val,0,0,0,0,0,100.0,0
jp22_1.10_70.png,val,0,0,0,0,0,100.0,0
jp22_1.10_71.png,val,0,0,0,0,0,100.0,0
jp22_1.10_72.png,val,0,0,0,0,0,100.0,0
jp22_1.10_73.png,val,0,0,0,0,0,100.0,0
jp22_1.10_74.png,val,0,0,0,0,0,100.0,0
jp22_1.10_75.png,val,0,0,0,0,0,100.0,0
jp22_1.10_76.png,val,0,0,0,0,0,100.0,0
jp22_1.10_77.png,val,0,0,0,0,0,100.0,0
jp22_1.10_78.png,val,0,0,0,0,0,100.0,0
jp22_1.10_79.png,val,0,0,0,0,0,100.0,0
jp22_1.10_8.png,val,0,0,0,0,0,100.0,0
jp22_1.10_80.png,val,0,0,0,0,0,100.0,0
jp22_1.10_81.png,val,0,0,0,0,0,100.0,0
jp22_1.10_9.png,val,0,0,0,0,0,100.0,0
jp22_2.1_1.png,val,0,0,0,0,0,100.0,0
jp22_2.1_10.png,val,0,0,0,0,0,100.0,0
jp22_2.1_11.png,val,0,0,0,0,0,100.0,0
jp22_2.1_12.png,val,0,0,0,0,0,100.0,0
jp22_2.1_13.png,val,0,0,0,0,0,100.0,0
jp22_2.1_14.png,val,0,0,0,0,0,100.0,0
jp22_2.1_15.png,val,0,0,0,0,0,100.0,0
jp22_2.1_16.png,val,0,0,0,0,0,100.0,0
jp22_2.1_17.png,val,0,0,0,0,0,100.0,0
jp22_2.1_18.png,val,0,0,0,0,0,100.0,0
jp22_2.1_19.png,val,0,0,0,0,0,100.0,0
jp22_2.1_2.png,val,0,0,0,0,0,100.0,0
jp22_2.1_20.png,val,0,0,0,0,0,100.0,0
jp22_2.1_21.png,val,0,0,0,0,0,100.0,0
jp22_2.1_22.png,val,0,0,0,0,0,100.0,0
jp22_2.1_23.png,val,0,0,0,0,0,100.0,0
jp22_2.1_24.png,val,0,0,0,0,0,100.0,0
jp22_2.1_25.png,val,0,0,0,0,0,100.0,0
jp22_2.1_26.png,val,0,0,0,0,0,100.0,0
jp22_2.1_27.png,val,0,0,0,0,0,100.0,0
jp22_2.1_28.png,val,0,0,0,0,0,100.0,0
jp22_2.1_29.png,val,0,0,0,0,0,100.0,0
jp22_2.1_3.png,val,0,0,0,0,0,100.0,0
jp22_2.1_30.png,val,0,0,0,0,0,100.0,0
jp22_2.1_31.png,val,0,0,0,0,0,100.0,0
jp22_2.1_32.png,val,0,0,0,0,0,100.0,0
jp22_2.1_33.png,val,0,0,0,0,0,100.0,0
jp22_2.1_34.png,val,0,0,0,0,0,100.0,0
jp22_2.1_35.png,val,0,0,0,0,0,100.0,0
jp22_2.1_36.png,val,0,0,0,0,0,100.0,0
jp22_2.1_37.png,val,0,0,0,0,0,100.0,0
jp22_2.1_38.png,val,0,0,0,0,0,100.0,0
jp22_2.1_39.png,val,0,0,0,0,0,100.0,0
jp22_2.1_4.png,val,0,0,0,0,0,100.0,0
jp22_2.1_40.png,val,0,0,0,0,0,100.0,0
jp22_2.1_41.png,val,0,0,0,0,0,100.0,0
jp22_2.1_42.png,val,0,0,0,0,0,100.0,0
jp22_2.1_43.png,val,0,0,0,0,0,100.0,0
jp22_2.1_44.png,val,0,0,0,0,0,100.0,0
jp22_2.1_45.png,val,0,0,0,0,0,100.0,0
jp22_2.1_46.png,val,0,0,0,0,0,100.0,0
jp22_2.1_47.png,val,0,0,0,0,0,100.0,0
jp22_2.1_48.png,val,0,0,0,0,0,100.0,0
jp22_2.1_49.png,val,0,0,0,0,0,100.0,0
jp22_2.1_5.png,val,0,0,0,0,0,100.0,0
jp22_2.1_50.png,val,0,0,0,0,0,100.0,0
jp22_2.1_51.png,val,0,0,0,0,0,100.0,0
jp22_2.1_52.png,val,0,0,0,0,0,100.0,0
jp22_2.1_53.png,val,0,0,0,0,0,100.0,0
jp22_2.1_54.png,val,0,0,0,0,0,100.0,0
jp22_2.1_55.png,val,0,0,0,0,0,100.0,0
jp22_2.1_56.png,val,0,0,0,0,0,100.0,0
jp22_2.1_57.png,val,0,0,0,0,0,100.0,0
jp22_2.1_58.png,val,0,0,0,0,0,100.0,0
jp22_2.1_59.png,val,0,0,0,0,0,100.0,0
jp22_2.1_6.png,val,0,0,0,0,0,100.0,0
jp22_2.1_60.png,val,0,0,0,0,0,100.0,0
jp22_2.1_61.png,val,0,0,0,0,0,100.0,0
jp22_2.1_62.png,val,0,0,0,0,0,100.0,0
jp22_2.1_63.png,val,0,0,0,0,0,100.0,0
jp22_2.1_64.png,val,0,0,0,0,0,100.0,0
jp22_2.1_65.png,val,0,0,0,0,0,100.0,0
jp22_2.1_66.png,val,0,0,0,0,0,100.0,0
jp22_2.1_67.png,val,0,0,0,0,0,100.0,0
jp22_2.1_68.png,val,0,0,0,0,0,100.0,0
jp22_2.1_69.png,val,0,0,0,0,0,100.0,0
jp22_2.1_7.png,val,0,0,0,0,0,100.0,0
jp22_2.1_70.png,val,0,0,0,0,0,100.0,0
jp22_2.1_71.png,val,0,0,0,0,0,100.0,0
jp22_2.1_72.png,val,0,0,0,0,0,100.0,0
jp22_2.1_73.png,val,0,0,0,0,0,100.0,0
jp22_2.1_74.png,val,0,0,0,0,0,100.0,0
jp22_2.1_75.png,val,0,0,0,0,0,100.0,0
jp22_2.1_76.png,val,0,0,0,0,0,100.0,0
jp22_2.1_77.png,val,0,0,0,0,0,100.0,0
jp22_2.1_78.png,val,0,0,0,0,0,100.0,0
jp22_2.1_79.png,val,0,0,0,0,0,100.0,0
jp22_2.1_8.png,val,0,0,0,0,0,100.0,0
jp22_2.1_80.png,val,0,0,0,0,0,100.0,0
jp22_2.1_81.png,val,0,0,0,0,0,100.0,0
jp22_2.1_9.png,val,0,0,0,0,0,100.0,0
jp22_3.8_1.png,val,0,0,0,0,0,100.0,0
jp22_3.8_10.png,val,0,0,0,0,0,100.0,0
jp22_3.8_11.png,val,0,0,0,0,0,100.0,0
jp22_3.8_12.png,val,0,0,0,0,0,100.0,0
jp22_3.8_13.png,val,0,0,0,0,0,100.0,0
jp22_3.8_14.png,val,0,0,0,0,0,100.0,0
jp22_3.8_15.png,val,0,0,0,0,0,100.0,0
jp22_3.8_16.png,val,0,0,0,0,0,100.0,0
jp22_3.8_17.png,val,0,0,0,0,0,100.0,0
jp22_3.8_18.png,val,0,0,0,0,0,100.0,0
jp22_3.8_19.png,val,0,0,0,0,0,100.0,0
jp22_3.8_2.png,val,0,0,0,0,0,100.0,0
jp22_3.8_20.png,val,0,0,0,0,0,100.0,0
jp22_3.8_21.png,val,0,0,0,0,0,100.0,0
jp22_3.8_22.png,val,0,0,0,0,0,100.0,0
jp22_3.8_23.png,val,0,0,0,0,0,100.0,0
jp22_3.8_24.png,val,0,0,0,0,0,100.0,0
jp22_3.8_25.png,val,0,0,0,0,0,100.0,0
jp22_3.8_26.png,val,0,0,0,0,0,100.0,0
jp22_3.8_27.png,val,0,0,0,0,0,100.0,0
jp22_3.8_28.png,val,0,0,0,0,0,100.0,0
jp22_3.8_29.png,val,0,0,0,0,0,100.0,0
jp22_3.8_3.png,val,0,0,0,0,0,100.0,0
jp22_3.8_30.png,val,0,0,0,0,0,100.0,0
jp22_3.8_31.png,val,0,0,0,0,0,100.0,0
jp22_3.8_32.png,val,0,0,0,0,0,100.0,0
jp22_3.8_33.png,val,0,0,0,0,0,100.0,0
jp22_3.8_34.png,val,0,0,0,0,0,100.0,0
jp22_3.8_35.png,val,0,0,0,0,0,100.0,0
jp22_3.8_36.png,val,0,0,0,0,0,100.0,0
jp22_3.8_37.png,val,0,0,0,0,0,100.0,0
jp22_3.8_38.png,val,0,0,0,0,0,100.0,0
jp22_3.8_39.png,val,0,0,0,0,0,100.0,0
jp22_3.8_4.png,val,0,0,0,0,0,100.0,0
jp22_3.8_40.png,val,0,0,0,0,0,100.0,0
jp22_3.8_41.png,val,0,0,0,0,0,100.0,0
jp22_3.8_42.png,val,0,0,0,0,0,100.0,0
jp22_3.8_43.png,val,0,0,0,0,0,100.0,0
jp22_3.8_44.png,val,0,0,0,0,0,100.0,0
jp22_3.8_45.png,val,0,0,0,0,0,100.0,0
jp22_3.8_46.png,val,0,0,0,0,0,100.0,0
jp22_3.8_47.png,val,0,0,0,0,0,100.0,0
jp22_3.8_48.png,val,0,0,0,0,0,100.0,0
jp22_3.8_49.png,val,0,0,0,0,0,100.0,0
jp22_3.8_5.png,val,0,0,0,0,0,100.0,0
jp22_3.8_50.png,val,0,0,0,0,0,100.0,0
jp22_3.8_51.png,val,0,0,0,0,0,100.0,0
jp22_3.8_52.png,val,0,0,0,0,0,100.0,0
jp22_3.8_53.png,val,0,0,0,0,0,100.0,0
jp22_3.8_54.png,val,0,0,0,0,0,100.0,0
jp22_3.8_55.png,val,0,0,0,0,0,100.0,0
jp22_3.8_56.png,val,0,0,0,0,0,100.0,0
jp22_3.8_57.png,val,0,0,0,0,0,100.0,0
jp22_3.8_58.png,val,0,0,0,0,0,100.0,0
jp22_3.8_59.png,val,0,0,0,0,0,100.0,0
jp22_3.8_6.png,val,0,0,0,0,0,100.0,0
jp22_3.8_60.png,val,0,0,0,0,0,100.0,0
jp22_3.8_61.png,val,0,0,0,0,0,100.0,0
jp22_3.8_62.png,val,0,0,0,0,0,100.0,0
jp22_3.8_63.png,val,0,0,0,0,0,100.0,0
jp22_3.8_64.png,val,0,0,0,0,0,100.0,0
jp22_3.8_65.png,val,0,0,0,0,0,100.0,0
jp22_3.8_66.png,val,0,0,0,0,0,100.0,0
jp22_3.8_67.png,val,0,0,0,0,0,100.0,0
jp22_3.8_68.png,val,0,0,0,0,0,100.0,0
jp22_3.8_69.png,val,0,0,0,0,0,100.0,0
jp22_3.8_7.png,val,0,0,0,0,0,100.0,0
jp22_3.8_70.png,val,0,0,0,0,0,100.0,0
jp22_3.8_71.png,val,0,0,0,0,0,100.0,0
jp22_3.8_72.png,val,0,0,0,0,0,100.0,0
jp22_3.8_73.png,val,0,0,0,0,0,100.0,0
jp22_3.8_74.png,val,0,0,0,0,0,100.0,0
jp22_3.8_75.png,val,0,0,0,0,0,100.0,0
jp22_3.8_76.png,val,0,0,0,0,0,100.0,0
jp22_3.8_77.png,val,0,0,0,0,0,100.0,0
jp22_3.8_78.png,val,0,0,0,0,0,100.0,0
jp22_3.8_79.png,val,0,0,0,0,0,100.0,0
jp22_3.8_8.png,val,0,0,0,0,0,100.0,0
jp22_3.8_80.png,val,0,0,0,0,0,100.0,0
jp22_3.8_81.png,val,0,0,0,0,0,100.0,0
jp22_3.8_9.png,val,0,0,0,0,0,100.0,0
tile_1.16_1.png,val,41.9375,28.215277777777775,0,22.40277777777778,7.444444444444444,0,0
tile_1.16_10.png,val,33.06944444444444,28.47222222222222,2.326388888888889,11.222222222222221,24.90972222222222,0,0
tile_1.16_11.png,val,29.875,15.138888888888888,15.67361111111111,17.625,21.6875,0,0
tile_1.16_12.png,val,0.8263888888888888,30.486111111111114,23.645833333333332,24.45138888888889,20.5,0,0.09027777777777778
tile_1.16_13.png,val,20.465277777777775,34.36805555555556,10.29861111111111,25.840277777777775,8.9375,0,0.09027777777777778
tile_1.16_14.png,val,57.84722222222223,28.625,0,12.097222222222221,1.4305555555555556,0,0
tile_1.16_15.png,val,48.67361111111111,48.51388888888889,0,2.8125,0,0,0
tile_1.16_16.png,val,37.96527777777778,59.22222222222222,0,2.8125,0,0,0
tile_1.16_17.png,val,57.41666666666667,40.75,0,1.8333333333333333,0,0,0
tile_1.16_18.png,val,41.56944444444444,43.25,0,15.180555555555555,0,0,0
tile_1.16_19.png,val,20.569444444444446,13.86111111111111,14.63888888888889,8.8125,42.11805555555556,0,0
tile_1.16_2.png,val,55.28472222222223,16.506944444444443,0,20.229166666666668,7.979166666666666,0,0
tile_1.16_20.png,val,20.13888888888889,10.194444444444445,26.88888888888889,25.291666666666668,17.48611111111111,0,0
tile_1.16_21.png,val,0,18.28472222222222,24.88888888888889,31.291666666666668,25.444444444444443,0,0.09027777777777778
tile_1.16_22.png,val,29.180555555555554,17.75,10.29861111111111,24.333333333333336,18.34722222222222,0,0.09027777777777778
tile_1.16_23.png,val,74.27777777777777,12.291666666666666,0,10.73611111111111,2.6944444444444446,0,0
tile_1.16_24.png,val,78.16666666666666,19.020833333333336,0,2.8125,0,0,0
tile_1.16_25.png,val,70.63194444444446,26.555555555555554,0,2.8125,0,0,0
tile_1.16_26.png,val,76.13888888888889,20.0,2.0277777777777777,1.8333333333333333,0,0,0
tile_1.16_27.png,val,45.23611111111111,34.19444444444444,14.423611111111112,6.145833333333333,0,0,0
tile_1.16_28.png,val,6.013888888888888,9.125,17.34722222222222,26.916666666666668,40.59722222222222,0,0
tile_1.16_29.png,val,6.013888888888888,27.881944444444446,11.381944444444445,40.65277777777778,14.069444444444446,0,0
tile_1.16_3.png,val,27.743055555555557,31.277777777777775,0,34.326388888888886,6.652777777777779,0,0
tile_1.16_30.png,val,0,36.354166666666664,1.2430555555555556,36.92361111111111,25.479166666666668,0,0
tile_1.16_31.png,val,39.94444444444444,17.59722222222222,0,19.03472222222222,23.42361111111111,0,0
tile_1.16_32.png,val,89.94444444444444,0,0,7.791666666666666,2.263888888888889,0,0
tile_1.16_33.png,val,100.0,0,0,0,0,0,0
tile_1.16_34.png,val,100.0,0,0,0,0,0,0
tile_1.16_35.png,val,97.5625,0,2.0347222222222223,0.4027777777777778,0,0,0
tile_1.16_36.png,val,54.40277777777778,22.520833333333336,19.02777777777778,4.048611111111111,0,0,0
tile_1.16_37.png,val,0,13.777777777777779,5.034722222222222,32.611111111111114,48.5625,0.013888888888888888,0
tile_1.16_38.png,val,0,21.083333333333336,0.16666666666666669,22.895833333333336,55.85416666666667,0,0
tile_1.16_39.png,val,0.3611111111111111,23.75,0,12.972222222222221,62.916666666666664,0,0
tile_1.16_4.png,val,39.270833333333336,26.875,0,32.138888888888886,1.7152777777777777,0,0
tile_1.16_40.png,val,42.826388888888886,11.86111111111111,0,7.909722222222222,37.40277777777778,0,0
tile_1.16_41.png,val,92.46527777777777,0,0,6.069444444444445,1.465277777777778,0,0
tile_1.16_42.png,val,100.0,0,0,0,0,0,0
tile_1.16_43.png,val,100.0,0,0,0,0,0,0
tile_1.16_44.png,val,97.35416666666666,0,0.006944444444444444,2.638888888888889,0,0,0
tile_1.16_45.png,val,52.61805555555556,30.020833333333336,11.402777777777779,5.652777777777778,0,0,0.3055555555555556
tile_1.16_46.png,val,0,28.833333333333332,0,24.01388888888889,43.798611111111114,3.3541666666666665,0
tile_1.16_47.png,val,0,30.201388888888893,0,9.020833333333334,60.77777777777777,0,0
tile_1.16_48.png,val,3.854166666666667,13.5625,0,13.145833333333334,69.4375,0,0
tile_1.16_49.png,val,46.50694444444444,0.5347222222222222,0,13.625000000000002,39.33333333333333,0,0
tile_1.16_5.png,val,69.875,20.875,0,9.25,0,0,0
tile_1.16_50.png,val,92.33333333333333,0,0,7.201388888888889,0.46527777777777773,0,0
tile_1.16_51.png,val,99.68055555555554,0,0,0.3194444444444445,0,0,0
tile_1.16_52.png,val,100.0,0,0,0,0,0,0
tile_1.16_53.png,val,91.50694444444444,0,0.013888888888888888,8.479166666666666,0,0,0
tile_1.16_54.png,val,43.94444444444445,32.30555555555556,14.61111111111111,8.819444444444445,0,0,0.3194444444444445
tile_1.16_55.png,val,1.3888888888888888,36.26388888888889,0,30.1875,23.11111111111111,9.04861111111111,0
tile_1.16_56.png,val,18.597222222222225,46.173611111111114,0,12.472222222222221,22.756944444444443,0,0
tile_1.16_57.png,val,42.791666666666664,18.09722222222222,0,16.3125,22.79861111111111,0,0
tile_1.16_58.png,val,65.09027777777779,0.9444444444444444,0,19.708333333333332,14.256944444444445,0,0
tile_1.16_59.png,val,77.97916666666667,6.479166666666666,0,15.541666666666668,0,0,0
tile_1.16_6.png,val,47.59722222222222,52.34027777777778,0,0.0625,0,0,0
tile_1.16_60.png,val,79.89583333333333,13.506944444444443,0,6.597222222222222,0,0,0
tile_1.16_61.png,val,88.75,7.173611111111111,0,4.076388888888889,0,0,0
tile_1.16_62.png,val,90.69444444444444,0,0.013888888888888888,9.291666666666666,0,0,0
tile_1.16_63.png,val,54.715277777777786,16.479166666666668,20.006944444444443,8.784722222222221,0,0,0.013888888888888888
tile_1.16_64.png,val,6.6875,17.416666666666668,0,25.631944444444443,41.4375,8.82638888888889,0
tile_1.16_65.png,val,43.19444444444444,18.652777777777775,0,5.416666666666667,31.180555555555557,1.5555555555555556,0
tile_1.16_66.png,val,80.84722222222223,4.875,0,9.055555555555555,5.222222222222222,0,0
tile_1.16_67.png,val,74.67361111111111,2.2152777777777777,0,23.083333333333332,0.027777777777777776,0,0
tile_1.16_68.png,val,47.0,21.604166666666664,0,19.71527777777778,11.680555555555555,0,0
tile_1.16_69.png,val,33.34722222222222,32.861111111111114,0,15.243055555555557,18.54861111111111,0,0
tile_1.16_7.png,val,44.73611111111111,55.26388888888889,0,0,0,0,0
tile_1.16_70.png,val,54.486111111111114,21.625,0,16.59027777777778,7.298611111111112,0,0
tile_1.16_71.png,val,82.96527777777779,8.54861111111111,1.4097222222222223,6.645833333333333,0.4305555555555556,0,0
tile_1.16_72.png,val,71.7638888888889,2.6875,13.604166666666668,11.944444444444445,0,0,0
tile_1.16_73.png,val,35.5625,12.041666666666668,0,11.722222222222223,35.8125,4.861111111111112,0
tile_1.16_74.png,val,50.63194444444444,0,0,0.20833333333333334,43.84722222222222,5.3125,0
tile_1.16_75.png,val,53.63888888888889,0,0,17.52777777777778,26.819444444444446,2.013888888888889,0
tile_1.16_76.png,val,50.01388888888889,5.597222222222222,0,38.19444444444444,6.194444444444445,0,0
tile_1.16_77.png,val,23.805555555555554,34.13194444444444,0,22.354166666666668,19.708333333333332,0,0
tile_1.16_78.png,val,3.826388888888889,48.00694444444444,0,20.020833333333332,28.145833333333332,0,0
tile_1.16_79.png,val,22.930555555555557,44.604166666666664,0.7708333333333334,21.916666666666668,9.777777777777779,0,0
tile_1.16_8.png,val,54.125,45.82638888888889,0,0.04861111111111111,0,0,0
tile_1.16_80.png,val,43.020833333333336,42.95833333333333,9.097222222222221,3.5833333333333335,1.3402777777777777,0,0
tile_1.16_81.png,val,36.59722222222222,33.0,8.375,22.027777777777775,0,0,0
tile_1.16_9.png,val,38.04166666666667,52.24305555555555,0,9.715277777777779,0,0,0
tile_1.17_1.png,val,0,54.895833333333336,0.8611111111111112,8.270833333333332,35.97222222222222,0,0
tile_1.17_10.png,val,0,73.56944444444444,6.159722222222222,15.20138888888889,5.069444444444445,0,0
tile_1.17_11.png,val,0,57.59027777777778,9.541666666666666,21.895833333333332,10.972222222222221,0,0
tile_1.17_12.png,val,0,41.0,19.98611111111111,29.347222222222225,9.666666666666666,0,0
tile_1.17_13.png,val,0,47.791666666666664,27.666666666666668,21.36111111111111,3.1805555555555554,0,0
tile_1.17_14.png,val,0,68.46527777777777,24.118055555555557,7.347222222222221,0.06944444444444445,0,0
tile_1.17_15.png,val,0,43.22222222222222,39.79861111111111,16.77777777777778,0.2013888888888889,0,0
tile_1.17_16.png,val,0,33.63888888888889,50.520833333333336,15.708333333333332,0.13194444444444445,0,0
tile_1.17_17.png,val,0,68.81944444444444,27.652777777777775,3.5277777777777777,0,0,0
tile_1.17_18.png,val,0,76.43055555555556,18.17361111111111,5.395833333333333,0,0,0
tile_1.17_19.png,val,0,61.20833333333333,14.152777777777779,24.63888888888889,0,0,0
tile_1.17_2.png,val,0,27.23611111111111,6.694444444444445,24.680555555555557,41.20138888888889,0,0.1875
tile_1.17_20.png,val,0,56.76388888888889,4.979166666666666,38.25694444444444,0,0,0
tile_1.17_21.png,val,0,33.72222222222222,14.13888888888889,48.34027777777778,3.7986111111111107,0,0
tile_1.17_22.png,val,0,16.055555555555557,35.40972222222222,41.78472222222222,6.75,0,0
tile_1.17_23.png,val,0,44.34027777777778,34.8125,17.666666666666668,3.1805555555555554,0,0
tile_1.17_24.png,val,0,33.32638888888889,43.03472222222222,23.409722222222225,0.22916666666666666,0,0
tile_1.17_25.png,val,0,41.19444444444444,41.94444444444444,16.86111111111111,0,0,0
tile_1.17_26.png,val,0,89.40277777777777,10.597222222222221,0,0,0,0
tile_1.17_27.png,val,0,96.36111111111111,3.638888888888889,0,0,0,0
tile_1.17_28.png,val,0,63.40972222222222,18.868055555555554,17.72222222222222,0,0,0
tile_1.17_29.png,val,0,54.145833333333336,14.215277777777777,31.63888888888889,0,0,0
tile_1.17_3.png,val,0,34.166666666666664,16.02777777777778,27.6875,21.930555555555557,0,0.1875
tile_1.17_30.png,val,0,33.11805555555555,13.368055555555555,44.94444444444444,8.569444444444445,0,0
tile_1.17_31.png,val,0,19.11111111111111,16.708333333333332,45.72222222222222,18.458333333333332,0,0
tile_1.17_32.png,val,0,25.881944444444443,26.38888888888889,35.55555555555556,12.17361111111111,0,0
tile_1.17_33.png,val,0,13.111111111111112,32.708333333333336,39.645833333333336,14.534722222222221,0,0
tile_1.17_34.png,val,0,25.11111111111111,28.84027777777778,23.194444444444446,22.854166666666668,0,0
tile_1.17_35.png,val,0,64.72916666666667,21.305555555555557,1.6458333333333333,12.319444444444445,0,0
tile_1.17_36.png,val,0,74.65277777777779,23.631944444444443,0,1.7152777777777777,0,0
tile_1.17_37.png,val,0,50.06944444444444,22.63888888888889,24.881944444444446,2.4097222222222223,0,0
tile_1.17_38.png,val,0,44.26388888888889,22.493055555555554,29.4375,3.805555555555556,0,0
tile_1.17_39.png,val,0,34.958333333333336,14.645833333333332,37.541666666666664,12.854166666666666,0,0
tile_1.17_4.png,val,0,68.6875,16.125,11.11111111111111,4.076388888888889,0,0
tile_1.17_40.png,val,0,30.381944444444443,7.618055555555555,42.31944444444444,19.680555555555557,0,0
tile_1.17_41.png,val,0,20.54861111111111,21.03472222222222,38.21527777777778,20.20138888888889,0,0
tile_1.17_42.png,val,0,1.1180555555555554,19.98611111111111,31.222222222222225,47.673611111111114,0,0
tile_1.17_43.png,val,0,8.25,9.854166666666666,12.486111111111112,69.40972222222223,0,0
tile_1.17_44.png,val,0,26.84027777777778,17.13888888888889,1.6458333333333333,54.37499999999999,0,0
tile_1.17_45.png,val,0,33.30555555555556,25.381944444444443,5.708333333333333,35.604166666666664,0,0
tile_1.17_46.png,val,0,21.15277777777778,16.15972222222222,42.138888888888886,20.54861111111111,0,0
tile_1.17_47.png,val,0,36.63194444444444,8.277777777777779,30.486111111111114,24.604166666666664,0,0
tile_1.17_48.png,val,0,35.0625,5.673611111111112,33.6875,25.57638888888889,0,0
tile_1.17_49.png,val,0,21.256944444444446,14.5625,44.99305555555556,19.1875,0,0
tile_1.17_5.png,val,0,70.06944444444444,14.506944444444445,12.5,2.923611111111111,0,0
tile_1.17_50.png,val,0,9.01388888888889,22.333333333333332,39.31944444444444,29.333333333333332,0,0
tile_1.17_51.png,val,0,0,9.26388888888889,15.23611111111111,75.5,0,0
tile_1.17_52.png,val,0,2.722222222222222,0,0.7222222222222222,96.55555555555554,0,0
tile_1.17_53.png,val,0,6.680555555555556,1.2638888888888888,0,92.05555555555556,0,0
tile_1.17_54.png,val,0,5.326388888888889,5.076388888888888,15.618055555555554,73.97916666666666,0,0
tile_1.17_55.png,val,0,36.770833333333336,6.402777777777778,37.96527777777778,18.86111111111111,0,0
tile_1.17_56.png,val,0,58.10416666666667,0,18.416666666666668,23.479166666666668,0,0
tile_1.17_57.png,val,0,38.74305555555556,9.645833333333332,21.11111111111111,30.5,0,0
tile_1.17_58.png,val,0,7.895833333333334,22.375,46.0,23.729166666666668,0,0
tile_1.17_59.png,val,0,1.1388888888888888,12.729166666666666,44.15277777777778,41.979166666666664,0,0
tile_1.17_6.png,val,0,43.298611111111114,23.006944444444443,29.78472222222222,3.909722222222222,0,0
tile_1.17_60.png,val,0,0,0,10.76388888888889,89.23611111111111,0,0
tile_1.17_61.png,val,0,0,0,0,100.0,0,0
tile_1.17_62.png,val,0,0,0,0,100.0,0,0
tile_1.17_63.png,val,0,0,0,11.125,88.875,0,0
tile_1.17_64.png,val,0,51.63888888888889,18.84027777777778,28.6875,0.8333333333333334,0,0
tile_1.17_65.png,val,0,53.652777777777786,10.590277777777777,32.71527777777778,3.041666666666667,0,0
tile_1.17_66.png,val,0,24.90972222222222,17.083333333333332,47.229166666666664,10.777777777777779,0,0
tile_1.17_67.png,val,0,0.2222222222222222,25.11111111111111,61.22222222222222,13.444444444444445,0,0
tile_1.17_68.png,val,0,0,10.597222222222221,43.888888888888886,45.513888888888886,0,0
tile_1.17_69.png,val,0,0,0.20833333333333334,9.4375,90.35416666666667,0,0
tile_1.17_7.png,val,0,25.1875,42.65972222222222,29.562500000000004,2.5902777777777777,0,0
tile_1.17_70.png,val,0,1.7013888888888888,0,0,98.29861111111111,0,0
tile_1.17_71.png,val,0,4.597222222222222,0,5.680555555555555,89.72222222222223,0,0
tile_1.17_72.png,val,0,2.895833333333333,0,24.694444444444443,72.40972222222221,0,0
tile_1.17_73.png,val,0,50.71527777777778,28.53472222222222,20.63888888888889,0.1111111111111111,0,0
tile_1.17_74.png,val,0,39.701388888888886,36.18055555555556,23.756944444444443,0.3611111111111111,0,0
tile_1.17_75.png,val,0,12.631944444444446,38.57638888888889,46.95138888888889,1.840277777777778,0,0
tile_1.17_76.png,val,0,19.72222222222222,32.28472222222222,42.99305555555556,5.0,0,0
tile_1.17_77.png,val,0,25.048611111111114,18.847222222222225,33.46527777777778,22.63888888888889,0,0
tile_1.17_78.png,val,0,6.763888888888888,15.0,25.13888888888889,53.097222222222214,0,0
tile_1.17_79.png,val,0,7.055555555555555,10.270833333333334,12.833333333333332,69.84027777777779,0,0
tile_1.17_8.png,val,0,35.576388888888886,48.09722222222222,16.326388888888886,0,0,0
tile_1.17_80.png,val,0,11.555555555555555,0.35416666666666663,30.34027777777778,57.75,0,0
tile_1.17_81.png,val,0,8.3125,0,61.98611111111111,29.701388888888893,0,0
tile_1.17_9.png,val,0,31.291666666666668,51.708333333333336,15.95138888888889,1.0486111111111112,0,0
tile_3.24_1.png,val,0,0,63.24305555555556,0,36.75694444444444,0,0
tile_3.24_10.png,val,0,0,45.31944444444444,0,54.68055555555556,0,0
tile_3.24_11.png,val,0,0,53.645833333333336,0,46.35416666666667,0,0
tile_3.24_12.png,val,0,0,71.95833333333333,0,28.041666666666664,0,0
tile_3.24_13.png,val,0,0,89.40277777777777,0,10.597222222222221,0,0
tile_3.24_14.png,val,0,0,99.48611111111111,0,0.513888888888889,0,0
tile_3.24_15.png,val,0,0,100.0,0,0,0,0
tile_3.24_16.png,val,0,0,100.0,0,0,0,0
tile_3.24_17.png,val,0,0,100.0,0,0,0,0
tile_3.24_18.png,val,0,0,100.0,0,0,0,0
tile_3.24_19.png,val,0,0,82.07638888888889,0,17.92361111111111,0,0
tile_3.24_2.png,val,0,0,60.979166666666664,0,39.020833333333336,0,0
tile_3.24_20.png,val,0,0,92.65277777777777,0,7.347222222222221,0,0
tile_3.24_21.png,val,0,0,94.90277777777779,0,5.097222222222222,0,0
tile_3.24_22.png,val,0,0,87.19444444444444,0,12.805555555555555,0,0
tile_3.24_23.png,val,0,0,91.21527777777779,0,8.784722222222221,0,0
tile_3.24_24.png,val,0,0,99.125,0,0.8750000000000001,0,0
tile_3.24_25.png,val,0,0,90.90277777777777,0,9.097222222222221,0,0
tile_3.24_26.png,val,0,0,68.3611111111111,0,31.63888888888889,0,0
tile_3.24_27.png,val,0,0,58.53472222222222,0,41.46527777777778,0,0
tile_3.24_28.png,val,0,0,97.45138888888889,0,2.548611111111111,0,0
tile_3.24_29.png,val,0,0,85.47916666666666,0,14.520833333333332,0,0
tile_3.24_3.png,val,0,0,72.14583333333333,0,27.854166666666668,0,0
tile_3.24_30.png,val,0,0,63.94444444444445,0,36.05555555555556,0,0
tile_3.24_31.png,val,0,0,48.11805555555556,0,51.88194444444445,0,0
tile_3.24_32.png,val,0,0,68.55555555555556,0,31.444444444444446,0,0
tile_3.24_33.png,val,0,0,96.35416666666666,0,3.6458333333333335,0,0
tile_3.24_34.png,val,0,0,80.01388888888889,0,19.98611111111111,0,0
tile_3.24_35.png,val,0,0,37.47222222222222,0,62.527777777777786,0,0
tile_3.24_36.png,val,0,0,18.145833333333332,0,81.85416666666666,0,0
tile_3.24_37.png,val,0,0,90.17361111111111,0,9.82638888888889,0,0
tile_3.24_38.png,val,0,0,53.21527777777778,0,46.78472222222222,0,0
tile_3.24_39.png,val,0,0,19.54861111111111,0,80.45138888888889,0,0
tile_3.24_4.png,val,0,0,89.40277777777777,0,10.597222222222221,0,0
tile_3.24_40.png,val,0,0,11.631944444444445,0,88.36805555555556,0,0
tile_3.24_41.png,val,0,0,48.3125,0,51.6875,0,0
tile_3.24_42.png,val,0,0,93.1875,0,6.812500000000001,0,0
tile_3.24_43.png,val,0,0,76.34027777777777,0,23.65972222222222,0,0
tile_3.24_44.png,val,0,0,31.340277777777775,0,68.65972222222221,0,0
tile_3.24_45.png,val,0,0,9.61111111111111,0,90.38888888888889,0,0
tile_3.24_46.png,val,0,0,92.44444444444444,0,7.555555555555555,0,0
tile_3.24_47.png,val,0,0,57.90972222222223,0,42.09027777777778,0,0
tile_3.24_48.png,val,0,0,30.270833333333336,0,69.72916666666666,0,0
tile_3.24_49.png,val,0,0,33.47222222222222,0,66.52777777777777,0,0
tile_3.24_5.png,val,0,0,99.48611111111111,0,0.513888888888889,0,0
tile_3.24_50.png,val,0,0,64.625,0,35.375,0,0
tile_3.24_51.png,val,0,0,95.95833333333333,0,4.041666666666666,0,0
tile_3.24_52.png,val,0,0,86.00694444444444,0,13.993055555555555,0,0
tile_3.24_53.png,val,0,0,50.80555555555556,0,49.19444444444444,0,0
tile_3.24_54.png,val,0,0,27.833333333333332,0,72.16666666666667,0,0
tile_3.24_55.png,val,0,0,99.72222222222223,0,0.2777777777777778,0,0
tile_3.24_56.png,val,0,0,90.1875,0,9.8125,0,0
tile_3.24_57.png,val,0,0,79.5763888888889,0,20.42361111111111,0,0
tile_3.24_58.png,val,0,0,82.76388888888889,0,17.23611111111111,0,0
tile_3.24_59.png,val,0,0,93.65277777777777,0,6.347222222222222,0,0
tile_3.24_6.png,val,0,0,100.0,0,0,0,0
tile_3.24_60.png,val,0,0,100.0,0,0,0,0
tile_3.24_61.png,val,0,0,98.77777777777777,0,1.2222222222222223,0,0
tile_3.24_62.png,val,0,0,88.57638888888889,0,11.42361111111111,0,0
tile_3.24_63.png,val,0,0,77.83333333333333,0,22.166666666666668,0,0
tile_3.24_64.png,val,0,0,100.0,0,0,0,0
tile_3.24_65.png,val,0,0,94.52083333333333,0,5.479166666666667,0,0
tile_3.24_66.png,val,0,0,87.25694444444444,0,12.743055555555555,0,0
tile_3.24_67.png,val,0,0,85.04861111111111,0,14.95138888888889,0,0
tile_3.24_68.png,val,0,0,84.39583333333334,0,15.604166666666666,0,0
tile_3.24_69.png,val,0,0,84.125,0,15.875,0,0
tile_3.24_7.png,val,0,0,100.0,0,0,0,0
tile_3.24_70.png,val,0,0,83.70833333333333,0,16.291666666666664,0,0
tile_3.24_71.png,val,0,0,83.33333333333334,0,16.666666666666664,0,0
tile_3.24_72.png,val,0,0,83.05555555555556,0,16.944444444444446,0,0
tile_3.24_73.png,val,0,0,66.5,0,33.5,0,0
tile_3.24_74.png,val,0,0,53.90972222222222,0,46.09027777777778,0,0
tile_3.24_75.png,val,0,0,37.48611111111111,0,62.51388888888889,0,0
tile_3.24_76.png,val,0,0,35.048611111111114,0,64.95138888888889,0,0
tile_3.24_77.png,val,0,0,34.39583333333333,0,65.60416666666666,0,0
tile_3.24_78.png,val,0,0,34.125,0,65.875,0,0
tile_3.24_79.png,val,0,0,33.708333333333336,0,66.29166666666667,0,0
tile_3.24_8.png,val,0,0,100.0,0,0,0,0
tile_3.24_80.png,val,0,0,33.33333333333333,0,66.66666666666666,0,0
tile_3.24_81.png,val,0,0,33.05555555555556,0,66.94444444444444,0,0
tile_3.24_9.png,val,0,0,100.0,0,0,0,0
tile_3.29_1.png,val,0,0,99.80555555555556,0,0.19444444444444445,0,0
tile_3.29_10.png,val,0,0,93.32638888888889,0,6.673611111111111,0,0
tile_3.29_11.png,val,0,0,97.97222222222223,0,2.0277777777777777,0,0
tile_3.29_12.png,val,0,0,100.0,0,0,0,0
tile_3.29_13.png,val,0,0,100.0,0,0,0,0
tile_3.29_14.png,val,0,0,100.0,0,0,0,0
tile_3.29_15.png,val,0,0,99.27083333333333,0,0.7291666666666666,0,0
tile_3.29_16.png,val,0,0,92.54166666666667,0,7.458333333333334,0,0
tile_3.29_17.png,val,0,0,77.03472222222221,0,22.96527777777778,0,0
tile_3.29_18.png,val,0,0,74.64583333333333,0,25.354166666666668,0,0
tile_3.29_19.png,val,0,0,44.13194444444444,0,55.86805555555555,0,0
tile_3.29_2.png,val,0,0,85.80555555555556,0,14.194444444444446,0,0
tile_3.29_20.png,val,0,0,66.27083333333333,0,33.729166666666664,0,0
tile_3.29_21.png,val,0,0,92.49305555555556,0,7.506944444444444,0,0
tile_3.29_22.png,val,0,0,100.0,0,0,0,0
tile_3.29_23.png,val,0,0,91.625,0,8.375,0,0
tile_3.29_24.png,val,0,0,66.11805555555556,0,33.88194444444444,0,0
tile_3.29_25.png,val,0,0,48.548611111111114,0,51.45138888888889,0,0
tile_3.29_26.png,val,0,0,39.04861111111111,0,60.95138888888889,0,0
tile_3.29_27.png,val,0,2.361111111111111,30.944444444444446,0,66.69444444444444,0,0
tile_3.29_28.png,val,0,0,0.8055555555555556,0,99.19444444444444,0,0
tile_3.29_29.png,val,0,0,18.86111111111111,0,81.1388888888889,0,0
tile_3.29_3.png,val,0,0,63.72916666666667,0,36.270833333333336,0,0
tile_3.29_30.png,val,0,0,60.173611111111114,0,39.826388888888886,0,0
tile_3.29_31.png,val,0,0,92.11805555555556,0,7.881944444444445,0,0
tile_3.29_32.png,val,0,0,91.56944444444444,0,8.430555555555555,0,0
tile_3.29_33.png,val,0,0,51.56944444444444,0,48.43055555555556,0,0
tile_3.29_34.png,val,0,0,15.784722222222221,0,84.21527777777777,0,0
tile_3.29_35.png,val,0,0,17.02777777777778,0,82.97222222222223,0,0
tile_3.29_36.png,val,0,2.625,19.09027777777778,0,78.28472222222223,0,0
tile_3.29_37.png,val,0,0,0,0,100.0,0,0
tile_3.29_38.png,val,0,0,0.5625,0,99.4375,0,0
tile_3.29_39.png,val,0,0,18.13888888888889,0,81.8611111111111,0,0
tile_3.29_4.png,val,0,0,61.43055555555556,0,38.56944444444444,0,0
tile_3.29_40.png,val,0,0,59.520833333333336,0,40.479166666666664,0,0
tile_3.29_41.png,val,0,0,91.88888888888889,0,8.11111111111111,0,0
tile_3.29_42.png,val,0,0,84.52777777777779,0,15.472222222222223,0,0
tile_3.29_43.png,val,0,0,44.583333333333336,0,55.41666666666667,0,0
tile_3.29_44.png,val,0,0,15.11111111111111,0,84.88888888888889,0,0
tile_3.29_45.png,val,0,0.2638888888888889,12.88888888888889,0,86.84722222222221,0,0
tile_3.29_46.png,val,0,0,33.958333333333336,0,66.04166666666667,0,0
tile_3.29_47.png,val,0,0,32.96527777777778,0,67.03472222222221,0,0
tile_3.29_48.png,val,0,0,32.958333333333336,0,67.04166666666667,0,0
tile_3.29_49.png,val,0,0,50.80555555555556,0,49.19444444444444,0,0
tile_3.29_5.png,val,0,0,71.54166666666667,0,28.458333333333336,0,0
tile_3.29_50.png,val,0,0,84.09722222222223,0,15.902777777777777,0,0
tile_3.29_51.png,val,0,0,99.80555555555556,0,0.19444444444444445,0,0
tile_3.29_52.png,val,0,0,84.79861111111111,0,15.20138888888889,0,0
tile_3.29_53.png,val,0,0,55.27777777777778,0,44.72222222222222,0,0
tile_3.29_54.png,val,0,0,37.79166666666667,0,62.20833333333333,0,0
tile_3.29_55.png,val,0,0,83.95833333333333,0,16.041666666666668,0,0
tile_3.29_56.png,val,0,0,82.96527777777779,0,17.034722222222225,0,0
tile_3.29_57.png,val,0,0,82.5,0,17.5,0,0
tile_3.29_58.png,val,0,0,83.40277777777779,0,16.59722222222222,0,0
tile_3.29_59.png,val,0,0,92.15277777777777,0,7.847222222222222,0,0
tile_3.29_6.png,val,0,0,79.70138888888889,0,20.29861111111111,0,0
tile_3.29_60.png,val,0,0,100.0,0,0,0,0
tile_3.29_61.png,val,0,0,99.99305555555556,0,0.006944444444444444,0,0
tile_3.29_62.png,val,0,0,95.18055555555556,0,4.819444444444445,0,0
tile_3.29_63.png,val,0,0,87.69444444444444,0,12.305555555555555,0,0
tile_3.29_64.png,val,0,0,100.0,0,0,0,0
tile_3.29_65.png,val,0,0,100.0,0,0,0,0
tile_3.29_66.png,val,0,0,91.25,0,8.75,0,0
tile_3.29_67.png,val,0,0,80.41666666666667,0,19.583333333333332,0,0
tile_3.29_68.png,val,0,0,78.33333333333333,0,21.666666666666668,0,0
tile_3.29_69.png,val,0,0,78.33333333333333,0,21.666666666666668,0,0
tile_3.29_7.png,val,0,0,91.86111111111111,0,8.13888888888889,0,0
tile_3.29_70.png,val,0,0,83.84027777777779,0,16.15972222222222,0,0
tile_3.29_71.png,val,0,0,94.67361111111111,0,5.326388888888889,0,0
tile_3.29_72.png,val,0,0,100.0,0,0,0,0
tile_3.29_73.png,val,0,0,86.04166666666667,0,13.958333333333334,0,0
tile_3.29_74.png,val,0,0,99.97916666666666,0,0.020833333333333336,0,0
tile_3.29_75.png,val,0,0,82.08333333333333,0,17.916666666666668,0,0
tile_3.29_76.png,val,0,0,46.25,0,53.75,0,0
tile_3.29_77.png,val,0,0,28.333333333333332,0,71.66666666666667,0,0
tile_3.29_78.png,val,0,0,28.333333333333332,0,71.66666666666667,0,0
tile_3.29_79.png,val,0,0,34.90277777777778,0,65.09722222222221,0,0
tile_3.29_8.png,val,0,0,100.0,0,0,0,0
tile_3.29_80.png,val,0,0,64.46527777777777,0,35.53472222222222,0,0
tile_3.29_81.png,val,0,0,93.72916666666666,0,6.270833333333334,0,0
tile_3.29_9.png,val,0,0,100.0,0,0,0,0
tile_4.32_1.png,val,0,0,8.666666666666668,4.006944444444445,20.284722222222225,67.04166666666667,0
tile_4.32_10.png,val,0,0,9.04861111111111,18.09027777777778,0.013888888888888888,72.84722222222221,0
tile_4.32_11.png,val,0,0,0,27.284722222222225,0,72.71527777777777,0
tile_4.32_12.png,val,0,0,0,44.21527777777778,0,55.78472222222223,0
tile_4.32_13.png,val,0,0,0,48.40972222222222,0,51.590277777777786,0
tile_4.32_14.png,val,0,0,0,49.53472222222222,0,50.46527777777777,0
tile_4.32_15.png,val,0,0,0,51.95138888888889,0,48.048611111111114,0
tile_4.32_16.png,val,0,0,0,51.041666666666664,0,48.95833333333333,0
tile_4.32_17.png,val,0,0,0,43.77083333333333,0,56.229166666666664,0
tile_4.32_18.png,val,0,0,0,30.59027777777778,0,69.40972222222223,0
tile_4.32_19.png,val,0,0,16.11111111111111,46.875,7.645833333333334,29.368055555555557,0
tile_4.32_2.png,val,0,0,0.24305555555555555,8.979166666666668,6.597222222222222,84.18055555555556,0
tile_4.32_20.png,val,0,0,0,72.0625,0,27.9375,0
tile_4.32_21.png,val,0,0,0,94.18055555555556,0,5.819444444444445,0
tile_4.32_22.png,val,0,0,0,98.34027777777777,0,1.659722222222222,0
tile_4.32_23.png,val,0,0,0,98.67361111111111,0,1.3263888888888888,0
tile_4.32_24.png,val,0,0,0,99.52083333333334,0,0.47916666666666663,0
tile_4.32_25.png,val,0,0,0,99.3125,0,0.6875,0
tile_4.32_26.png,val,0,0,0,93.64583333333333,0,6.354166666666666,0
tile_4.32_27.png,val,0,0,0,80.59027777777777,0,19.40972222222222,0
tile_4.32_28.png,val,0,0,16.59722222222222,67.27777777777779,7.631944444444444,8.493055555555555,0
tile_4.32_29.png,val,0,0,3.0277777777777777,88.47916666666666,0,8.493055555555555,0
tile_4.32_3.png,val,0,0,0,5.006944444444445,0,94.99305555555554,0
tile_4.32_30.png,val,0,0,0,100.0,0,0,0
tile_4.32_31.png,val,0,0,0,100.0,0,0,0
tile_4.32_32.png,val,0,0,0,100.0,0,0,0
tile_4.32_33.png,val,0,0,0,100.0,0,0,0
tile_4.32_34.png,val,0,0,0,100.0,0,0,0
tile_4.32_35.png,val,0,0,0,100.0,0,0,0
tile_4.32_36.png,val,0,0,0,100.0,0,0,0
tile_4.32_37.png,val,0,0,16.930555555555554,77.59027777777779,0,5.479166666666667,0
tile_4.32_38.png,val,0,0,11.67361111111111,82.40277777777779,0,5.923611111111112,0
tile_4.32_39.png,val,0,0,0,99.55555555555556,0,0.4444444444444444,0
tile_4.32_4.png,val,0,0,0,0.06944444444444445,0,99.93055555555556,0
tile_4.32_40.png,val,0,0,0,100.0,0,0,0
tile_4.32_41.png,val,0,0,0,100.0,0,0,0
tile_4.32_42.png,val,0,0,0,100.0,0,0,0
tile_4.32_43.png,val,0,0,0,100.0,0,0,0
tile_4.32_44.png,val,0,0,0,100.0,0,0,0
tile_4.32_45.png,val,0,0,0,100.0,0,0,0
tile_4.32_46.png,val,0,0,17.166666666666668,80.61111111111111,0,2.2222222222222223,0
tile_4.32_47.png,val,0,0,17.131944444444443,77.29166666666667,0,5.576388888888889,0
tile_4.32_48.png,val,0,0,0.013888888888888888,96.63194444444444,0,3.3541666666666665,0
tile_4.32_49.png,val,0,0,0,100.0,0,0,0
tile_4.32_5.png,val,0,0,0,0.8611111111111112,0,99.13888888888889,0
tile_4.32_50.png,val,0,0,0,100.0,0,0,0
tile_4.32_51.png,val,0,0,0,100.0,0,0,0
tile_4.32_52.png,val,0,0,0,100.0,0,0,0
tile_4.32_53.png,val,0,0,0,100.0,0,0,0
tile_4.32_54.png,val,0,0,0,100.0,0,0,0
tile_4.32_55.png,val,0,0,11.854166666666668,88.13194444444444,0,0.013888888888888888,0
tile_4.32_56.png,val,0,0,16.895833333333332,78.94444444444444,0,4.159722222222222,0
tile_4.32_57.png,val,0,0,5.041666666666666,90.8125,0,4.145833333333333,0
tile_4.32_58.png,val,0,0,0,100.0,0,0,0
tile_4.32_59.png,val,0,0,0,100.0,0,0,0
tile_4.32_6.png,val,0,0,0,2.430555555555556,0,97.56944444444444,0
tile_4.32_60.png,val,0,0,0,100.0,0,0,0
tile_4.32_61.png,val,0,0,0,100.0,0,0,0
tile_4.32_62.png,val,0,0,0,99.99305555555556,0.006944444444444444,0,0
tile_4.32_63.png,val,0,0,0,96.60416666666667,3.3958333333333335,0,0
tile_4.32_64.png,val,0,0,3.381944444444444,96.61805555555556,0,0,0
tile_4.32_65.png,val,0,0,16.67361111111111,78.35416666666667,2.6527777777777777,2.3194444444444446,0
tile_4.32_66.png,val,0,0,13.291666666666666,81.52777777777777,2.6527777777777777,2.5277777777777777,0
tile_4.32_67.png,val,0,0,0,99.79166666666667,0,0.20833333333333334,0
tile_4.32_68.png,val,0,0,0,100.0,0,0,0
tile_4.32_69.png,val,0,0,0,100.0,0,0,0
tile_4.32_7.png,val,0,0,0,1.7291666666666667,0,98.27083333333333,0
tile_4.32_70.png,val,0,0,0,100.0,0,0,0
tile_4.32_71.png,val,0,0,0,89.07638888888889,10.923611111111112,0,0
tile_4.32_72.png,val,0,0,0,60.68750000000001,39.3125,0,0
tile_4.32_73.png,val,0,0,0,97.10416666666667,2.895833333333333,0,0
tile_4.32_74.png,val,0,0,15.743055555555555,80.28472222222223,2.888888888888889,1.0833333333333335,0
tile_4.32_75.png,val,0,0,16.166666666666664,74.05555555555556,5.166666666666667,4.611111111111111,0
tile_4.32_76.png,val,0,0,0.42361111111111116,93.77083333333334,2.2777777777777777,3.5277777777777777,0
tile_4.32_77.png,val,0,0,0,100.0,0,0,0
tile_4.32_78.png,val,0,0,0,100.0,0,0,0
tile_4.32_79.png,val,0,0,0,100.0,0,0,0
tile_4.32_8.png,val,0,0,0,0.125,0,99.875,0
tile_4.32_80.png,val,0,0,0,72.03472222222223,27.965277777777775,0,0
tile_4.32_81.png,val,0,0,0,22.03472222222222,77.96527777777777,0,0
tile_4.32_9.png,val,0,0,0,0,0,100.0,0
tile_5.14_1.png,val,73.13888888888889,0,0,26.861111111111114,0,0,0
tile_5.14_10.png,val,65.16666666666666,0,0,34.833333333333336,0,0,0
tile_5.14_11.png,val,87.10416666666667,0,0,12.895833333333334,0,0,0
tile_5.14_12.png,val,100.0,0,0,0,0,0,0
tile_5.14_13.png,val,99.125,0.8750000000000001,0,0,0,0,0
tile_5.14_14.png,val,91.27083333333333,7.597222222222221,1.0833333333333335,0.04861111111111111,0,0,0
tile_5.14_15.png,val,91.78472222222223,7.083333333333333,1.0833333333333335,0.04861111111111111,0,0,0
tile_5.14_16.png,val,99.63888888888889,0.3611111111111111,0,0,0,0,0
tile_5.14_17.png,val,100.0,0,0,0,0,0,0
tile_5.14_18.png,val,97.52777777777779,0,0,2.4722222222222223,0,0,0
tile_5.14_19.png,val,74.58333333333333,2.4513888888888893,0,20.36111111111111,2.604166666666667,0,0
tile_5.14_2.png,val,82.84722222222223,0,0,17.15277777777778,0,0,0
tile_5.14_20.png,val,85.875,0,0,11.722222222222223,2.4027777777777777,0,0
tile_5.14_21.png,val,92.0625,0,0,7.9375,0,0,0
tile_5.14_22.png,val,96.23611111111111,0,0,3.763888888888889,0,0,0
tile_5.14_23.png,val,100.0,0,0,0,0,0,0
tile_5.14_24.png,val,100.0,0,0,0,0,0,0
tile_5.14_25.png,val,100.0,0,0,0,0,0,0
tile_5.14_26.png,val,100.0,0,0,0,0,0,0
tile_5.14_27.png,val,99.95138888888889,0,0,0,0.04861111111111111,0,0
tile_5.14_28.png,val,51.34027777777778,16.479166666666668,0,4.25,27.930555555555554,0,0
tile_5.14_29.png,val,43.375,0,0,12.597222222222223,44.02777777777778,0,0
tile_5.14_3.png,val,91.70138888888889,0,0,8.29861111111111,0,0,0
tile_5.14_30.png,val,62.89583333333333,0,0,16.5625,20.541666666666668,0,0
tile_5.14_31.png,val,90.2361111111111,0,0,6.152777777777778,3.6111111111111107,0,0
tile_5.14_32.png,val,100.0,0,0,0,0,0,0
tile_5.14_33.png,val,100.0,0,0,0,0,0,0
tile_5.14_34.png,val,100.0,0,0,0,0,0,0
tile_5.14_35.png,val,93.8125,0,0,0,6.1875,0,0
tile_5.14_36.png,val,74.22222222222223,5.0,0,0,20.77777777777778,0,0
tile_5.14_37.png,val,28.041666666666664,14.23611111111111,0,0,57.72222222222222,0,0
tile_5.14_38.png,val,2.138888888888889,0,0,6.236111111111111,91.625,0,0
tile_5.14_39.png,val,37.19444444444445,0,0,8.625,54.18055555555556,0,0
tile_5.14_4.png,val,83.34722222222221,12.937499999999998,3.638888888888889,0.0763888888888889,0,0,0
tile_5.14_40.png,val,85.36111111111111,0,0,2.388888888888889,12.25,0,0
tile_5.14_41.png,val,100.0,0,0,0,0,0,0
tile_5.14_42.png,val,100.0,0,0,0,0,0,0
tile_5.14_43.png,val,100.0,0,0,0,0,0,0
tile_5.14_44.png,val,91.65277777777779,0,0,1.9791666666666665,6.368055555555556,0,0
tile_5.14_45.png,val,66.45833333333333,8.965277777777777,0,2.138888888888889,22.4375,0,0
tile_5.14_46.png,val,43.67361111111111,0.20833333333333334,0,0,56.11805555555556,0,0
tile_5.14_47.png,val,2.3055555555555554,0,0,0,97.69444444444444,0,0
tile_5.14_48.png,val,35.854166666666664,0,0,0,64.14583333333333,0,0
tile_5.14_49.png,val,85.85416666666667,0,0,0,14.145833333333332,0,0
tile_5.14_5.png,val,51.027777777777786,27.861111111111107,19.541666666666664,1.5694444444444444,0,0,0
tile_5.14_50.png,val,100.0,0,0,0,0,0,0
tile_5.14_51.png,val,99.99305555555556,0.006944444444444444,0,0,0,0,0
tile_5.14_52.png,val,91.13888888888889,8.847222222222221,0,0.013888888888888888,0,0,0
tile_5.14_53.png,val,79.0,9.090277777777779,0,11.729166666666666,0.18055555555555555,0,0
tile_5.14_54.png,val,77.45833333333333,4.215277777777778,0,16.618055555555557,1.7083333333333333,0,0
tile_5.14_55.png,val,68.06944444444444,0,0,0,31.930555555555557,0,0
tile_5.14_56.png,val,32.951388888888886,0,0,2.701388888888889,64.34722222222223,0,0
tile_5.14_57.png,val,57.02083333333333,0,0,3.9375,39.04166666666667,0,0
tile_5.14_58.png,val,90.78472222222223,0,0,1.2361111111111112,7.979166666666666,0,0
tile_5.14_59.png,val,96.80555555555556,0,0,0,3.194444444444444,0,0
tile_5.14_6.png,val,55.013888888888886,26.38888888888889,17.02777777777778,1.5694444444444444,0,0,0
tile_5.14_60.png,val,91.81944444444444,7.131944444444445,0.20833333333333334,0,0.8402777777777778,0,0
tile_5.14_61.png,val,60.94444444444444,38.80555555555556,0.20833333333333334,0.013888888888888888,0.027777777777777776,0,0
tile_5.14_62.png,val,56.388888888888886,32.729166666666664,0,10.881944444444445,0,0,0
tile_5.14_63.png,val,79.77083333333333,1.0555555555555556,0,19.17361111111111,0,0,0
tile_5.14_64.png,val,91.79166666666667,0,0,0,8.208333333333332,0,0
tile_5.14_65.png,val,80.64583333333334,0,0,2.701388888888889,16.65277777777778,0,0
tile_5.14_66.png,val,87.52777777777779,0,0,3.9375,8.534722222222223,0,0
tile_5.14_67.png,val,87.5,0,0,1.2361111111111112,11.26388888888889,0,0
tile_5.14_68.png,val,80.0763888888889,2.7083333333333335,0,0,17.215277777777775,0,0
tile_5.14_69.png,val,63.916666666666664,14.034722222222223,0.20833333333333334,0,21.84027777777778,0,0
tile_5.14_7.png,val,80.20833333333334,18.666666666666668,1.125,0,0,0,0
tile_5.14_70.png,val,34.95138888888889,40.60416666666667,0.20833333333333334,0,24.23611111111111,0,0
tile_5.14_71.png,val,58.06944444444444,30.083333333333336,0,3.4097222222222223,8.4375,0,0
tile_5.14_72.png,val,92.22222222222223,0.8055555555555556,0,6.972222222222222,0,0,0
tile_5.14_73.png,val,97.50694444444444,0,0,2.493055555555556,0,0,0
tile_5.14_74.png,val,100.0,0,0,0,0,0,0
tile_5.14_75.png,val,100.0,0,0,0,0,0,0
tile_5.14_76.png,val,91.20833333333334,0,0,0,8.791666666666668,0,0
tile_5.14_77.png,val,73.98611111111111,11.993055555555555,0,0,14.020833333333332,0,0
tile_5.14_78.png,val,37.96527777777778,18.145833333333332,0,0,43.888888888888886,0,0
tile_5.14_79.png,val,35.27777777777778,12.597222222222223,0,0,52.125,0,0
tile_5.14_8.png,val,92.7986111111111,7.201388888888889,0,0,0,0,0
tile_5.14_80.png,val,72.64583333333333,11.61111111111111,0,2.2777777777777777,13.465277777777779,0,0
tile_5.14_81.png,val,92.55555555555556,5.166666666666667,0,2.2777777777777777,0,0,0
tile_5.14_9.png,val,97.24305555555556,0,0,2.7569444444444446,0,0,0
tile_5.16_1.png,val,100.0,0,0,0,0,0,0
tile_5.16_10.png,val,100.0,0,0,0,0,0,0
tile_5.16_11.png,val,100.0,0,0,0,0,0,0
tile_5.16_12.png,val,100.0,0,0,0,0,0,0
tile_5.16_13.png,val,94.51388888888889,5.486111111111111,0,0,0,0,0
tile_5.16_14.png,val,83.13194444444446,5.486111111111111,11.097222222222221,0.2847222222222222,0,0,0
tile_5.16_15.png,val,69.79861111111111,0,27.194444444444443,3.006944444444444,0,0,0
tile_5.16_16.png,val,80.68055555555556,0,16.59722222222222,2.722222222222222,0,0,0
tile_5.16_17.png,val,99.5,0,0.5,0,0,0,0
tile_5.16_18.png,val,100.0,0,0,0,0,0,0
tile_5.16_19.png,val,100.0,0,0,0,0,0,0
tile_5.16_2.png,val,100.0,0,0,0,0,0,0
tile_5.16_20.png,val,100.0,0,0,0,0,0,0
tile_5.16_21.png,val,90.3125,9.6875,0,0,0,0,0
tile_5.16_22.png,val,64.54166666666666,23.04861111111111,7.187499999999999,5.222222222222222,0,0,0
tile_5.16_23.png,val,57.58333333333333,13.361111111111112,23.54861111111111,5.506944444444444,0,0,0
tile_5.16_24.png,val,78.84722222222223,0,18.145833333333332,3.006944444444444,0,0,0
tile_5.16_25.png,val,95.49305555555556,0,1.7847222222222223,2.722222222222222,0,0,0
tile_5.16_26.png,val,98.99305555555556,0.1388888888888889,0,0,0.8680555555555556,0,0
tile_5.16_27.png,val,98.99305555555556,0.1388888888888889,0,0,0.8680555555555556,0,0
tile_5.16_28.png,val,100.0,0,0,0,0,0,0
tile_5.16_29.png,val,98.54166666666667,1.4583333333333333,0,0,0,0,0
tile_5.16_3.png,val,99.86111111111111,0.1388888888888889,0,0,0,0,0
tile_5.16_30.png,val,69.63888888888889,24.583333333333332,3.5833333333333335,2.194444444444444,0,0,0
tile_5.16_31.png,val,37.56944444444444,31.0,18.145833333333332,13.284722222222223,0,0,0
tile_5.16_32.png,val,60.701388888888886,7.875,20.333333333333332,11.090277777777779,0,0,0
tile_5.16_33.png,val,94.22916666666666,0,5.770833333333333,0,0,0,0
tile_5.16_34.png,val,95.47222222222223,0,0,0,4.527777777777778,0,0
tile_5.16_35.png,val,70.32638888888889,5.118055555555555,0,0,24.555555555555557,0,0
tile_5.16_36.png,val,62.875,12.666666666666668,0,0,24.458333333333336,0,0
tile_5.16_37.png,val,100.0,0,0,0,0,0,0
tile_5.16_38.png,val,88.54861111111111,1.4583333333333333,0.2916666666666667,9.70138888888889,0,0,0
tile_5.16_39.png,val,48.14583333333333,14.895833333333334,9.17361111111111,27.784722222222225,0,0,0
tile_5.16_4.png,val,92.5625,7.4375,0,0,0,0,0
tile_5.16_40.png,val,44.52777777777778,13.4375,16.256944444444443,25.77777777777778,0,0,0
tile_5.16_41.png,val,84.93055555555556,0,7.375,7.694444444444444,0,0,0
tile_5.16_42.png,val,95.53472222222223,4.465277777777778,0,0,0,0,0
tile_5.16_43.png,val,69.79166666666666,11.458333333333332,0,0,18.75,0,0
tile_5.16_44.png,val,25.118055555555557,26.479166666666664,0,0,48.40277777777778,0,0
tile_5.16_45.png,val,22.833333333333332,40.11805555555556,0,0,37.048611111111114,0,0
tile_5.16_46.png,val,93.84722222222223,4.777777777777778,1.375,0,0,0,0
tile_5.16_47.png,val,67.85416666666667,3.5277777777777777,14.70138888888889,13.916666666666666,0,0,0
tile_5.16_48.png,val,46.25,0,18.902777777777775,34.84722222222222,0,0,0
tile_5.16_49.png,val,71.66666666666667,0,5.576388888888889,22.756944444444443,0,0,0
tile_5.16_5.png,val,92.19444444444444,7.298611111111112,0.5069444444444444,0,0,0,0
tile_5.16_50.png,val,98.17361111111111,0,0,1.8263888888888888,0,0,0
tile_5.16_51.png,val,92.55555555555556,6.097222222222222,0,0,1.3472222222222223,0,0
tile_5.16_52.png,val,47.96527777777778,19.95138888888889,0,2.4444444444444446,29.638888888888886,0,0
tile_5.16_53.png,val,8.902777777777777,46.47222222222222,0,2.4444444444444446,42.18055555555556,0,0
tile_5.16_54.png,val,24.17361111111111,51.208333333333336,0.20833333333333334,7.555555555555555,16.854166666666668,0,0
tile_5.16_55.png,val,64.5,13.819444444444445,16.34722222222222,5.333333333333334,0,0,0
tile_5.16_56.png,val,50.40277777777777,6.347222222222222,30.84722222222222,12.402777777777779,0,0,0
tile_5.16_57.png,val,71.41666666666666,0,15.166666666666668,13.416666666666666,0,0,0
tile_5.16_58.png,val,94.68055555555556,0,0.2777777777777778,5.041666666666666,0,0,0
tile_5.16_59.png,val,97.46527777777779,0,0,2.5347222222222223,0,0,0
tile_5.16_6.png,val,83.27777777777777,0,16.72222222222222,0,0,0,0
tile_5.16_60.png,val,94.48611111111111,1.6319444444444446,0,2.5347222222222223,1.3472222222222223,0,0
tile_5.16_61.png,val,70.6875,8.493055555555555,0,4.75,16.069444444444443,0,0
tile_5.16_62.png,val,40.666666666666664,25.354166666666668,4.131944444444445,8.98611111111111,20.86111111111111,0,0
tile_5.16_63.png,val,28.729166666666668,33.38194444444444,13.020833333333334,18.729166666666668,6.138888888888889,0,0
tile_5.16_64.png,val,46.24305555555556,9.041666666666668,29.32638888888889,15.388888888888888,0,0,0
tile_5.16_65.png,val,67.74305555555556,2.8194444444444446,21.145833333333332,8.291666666666666,0,0,0
tile_5.16_66.png,val,93.98611111111111,0,1.8541666666666667,4.159722222222222,0,0,0
tile_5.16_67.png,val,100.0,0,0,0,0,0,0
tile_5.16_68.png,val,97.46527777777779,0,0,2.5347222222222223,0,0,0
tile_5.16_69.png,val,97.46527777777779,0,0,2.5347222222222223,0,0,0
tile_5.16_7.png,val,73.49305555555556,0,26.506944444444446,0,0,0,0
tile_5.16_70.png,val,97.04166666666667,0,0,2.3055555555555554,0.6527777777777778,0,0
tile_5.16_71.png,val,85.45833333333334,0.3819444444444444,4.222222222222222,6.541666666666666,3.3958333333333335,0,0
tile_5.16_72.png,val,50.798611111111114,9.76388888888889,21.131944444444446,15.562500000000002,2.7430555555555554,0,0
tile_5.16_73.png,val,63.06944444444444,0,19.6875,17.243055555555557,0,0,0
tile_5.16_74.png,val,95.1875,0,4.708333333333333,0.10416666666666667,0,0,0
tile_5.16_75.png,val,100.0,0,0,0,0,0,0
tile_5.16_76.png,val,100.0,0,0,0,0,0,0
tile_5.16_77.png,val,100.0,0,0,0,0,0,0
tile_5.16_78.png,val,97.72222222222223,0,0,2.2777777777777777,0,0,0
tile_5.16_79.png,val,97.03472222222223,0,0,2.9652777777777777,0,0,0
tile_5.16_8.png,val,89.70833333333333,0,10.291666666666668,0,0,0,0
tile_5.16_80.png,val,99.22222222222223,0,0.09027777777777778,0.6875,0,0,0
tile_5.16_81.png,val,87.29166666666667,0,8.319444444444445,4.388888888888888,0,0,0
tile_5.16_9.png,val,100.0,0,0,0,0,0,0
tile_6.0_1.png,val,0,0,0,87.96527777777777,0,12.034722222222221,0
tile_6.0_10.png,val,19.17361111111111,0,0,41.97222222222222,0,38.854166666666664,0
tile_6.0_11.png,val,1.9861111111111112,0,0,69.09027777777777,0,28.923611111111114,0
tile_6.0_12.png,val,0,0,0,91.13194444444444,0,8.868055555555555,0
tile_6.0_13.png,val,0,0,0,99.27777777777777,0,0.7222222222222222,0
tile_6.0_14.png,val,0,0,0,100.0,0,0,0
tile_6.0_15.png,val,0,0,0,100.0,0,0,0
tile_6.0_16.png,val,0,0,0,87.1111111111111,0,12.88888888888889,0
tile_6.0_17.png,val,0,0,0,51.68055555555555,0,48.31944444444444,0
tile_6.0_18.png,val,0,0,0,34.35416666666667,0,65.64583333333334,0
tile_6.0_19.png,val,67.22916666666666,0,0,4.006944444444445,0,28.76388888888889,0
tile_6.0_2.png,val,0,0,0,98.22916666666667,0,1.7708333333333333,0
tile_6.0_20.png,val,37.5,0,0,22.82638888888889,0,39.673611111111114,0
tile_6.0_21.png,val,16.46527777777778,0,0,46.18055555555556,0,37.354166666666664,0
tile_6.0_22.png,val,4.930555555555555,0,0,58.020833333333336,0,37.048611111111114,0
tile_6.0_23.png,val,0.9236111111111112,0,0,61.11805555555555,0,37.958333333333336,0
tile_6.0_24.png,val,0,0,0,59.36111111111111,0,40.63888888888889,0
tile_6.0_25.png,val,0,0,0,53.39583333333333,0,46.60416666666667,0
tile_6.0_26.png,val,0,0,0,37.84722222222222,0,62.15277777777778,0
tile_6.0_27.png,val,0,0,0,20.430555555555554,0,79.56944444444444,0
tile_6.0_28.png,val,95.39583333333333,0,0,2.6597222222222223,0,1.9444444444444444,0
tile_6.0_29.png,val,84.4861111111111,0,0,2.9930555555555554,0,12.520833333333334,0
tile_6.0_3.png,val,0,0,0,100.0,0,0,0
tile_6.0_30.png,val,65.77777777777779,0,0,5.736111111111112,0,28.48611111111111,0
tile_6.0_31.png,val,52.93055555555556,0,0,10.715277777777779,0,36.354166666666664,0
tile_6.0_32.png,val,26.92361111111111,0,0,21.63888888888889,0,51.4375,0
tile_6.0_33.png,val,2.3125,0,0,28.034722222222225,0,69.65277777777777,0
tile_6.0_34.png,val,0,0,0,33.25,2.4097222222222223,64.34027777777777,0
tile_6.0_35.png,val,0,0,0,40.00694444444444,12.347222222222221,47.64583333333333,0
tile_6.0_36.png,val,0,0,0,45.29166666666667,16.819444444444446,37.888888888888886,0
tile_6.0_37.png,val,95.61111111111111,0,0,4.388888888888888,0,0,0
tile_6.0_38.png,val,98.02083333333333,0,0,1.9791666666666665,0,0,0
tile_6.0_39.png,val,99.3125,0,0,0.6875,0,0,0
tile_6.0_4.png,val,0,0,0,100.0,0,0,0
tile_6.0_40.png,val,85.25694444444444,0,0,6.375,0,8.368055555555555,0
tile_6.0_41.png,val,38.25694444444444,0,0,21.13888888888889,0,40.60416666666667,0
tile_6.0_42.png,val,2.3125,0,0,46.6875,2.951388888888889,48.048611111111114,0
tile_6.0_43.png,val,0,0,0,57.99305555555555,22.944444444444446,19.0625,0
tile_6.0_44.png,val,0,0,0,41.81944444444444,54.93055555555556,3.25,0
tile_6.0_45.png,val,0,0,0,33.18055555555556,66.81944444444444,0,0
tile_6.0_46.png,val,98.27083333333333,0,0,1.7291666666666667,0,0,0
tile_6.0_47.png,val,98.5,0,0,1.5,0,0,0
tile_6.0_48.png,val,82.30555555555556,0,0,7.9375,0,9.756944444444445,0
tile_6.0_49.png,val,45.27777777777778,0,0,11.82638888888889,0,42.895833333333336,0
tile_6.0_5.png,val,0,0,0,100.0,0,0,0
tile_6.0_50.png,val,12.423611111111112,0,0,28.76388888888889,1.9791666666666665,56.833333333333336,0
tile_6.0_51.png,val,0,0,0,50.16666666666667,25.88888888888889,23.944444444444443,0
tile_6.0_52.png,val,0,0,0,33.25694444444444,66.49305555555556,0.25,0
tile_6.0_53.png,val,0,0,0,7.416666666666667,92.58333333333333,0,0
tile_6.0_54.png,val,0,0,0,0,100.0,0,0
tile_6.0_55.png,val,100.0,0,0,0,0,0,0
tile_6.0_56.png,val,85.52083333333333,0,0,0.5694444444444444,0,13.909722222222223,0
tile_6.0_57.png,val,43.375,0,0,8.20138888888889,0,48.42361111111111,0
tile_6.0_58.png,val,8.020833333333334,0,0,16.666666666666664,0,75.3125,0
tile_6.0_59.png,val,0.16666666666666669,0,0,41.46527777777778,12.659722222222221,45.708333333333336,0
tile_6.0_6.png,val,0,0,0,94.23611111111111,0,5.763888888888889,0
tile_6.0_60.png,val,0,0,0,36.47222222222222,58.61805555555556,4.909722222222222,0
tile_6.0_61.png,val,0,0,0,4.041666666666666,95.95833333333333,0,0
tile_6.0_62.png,val,0,0,0,0,100.0,0,0
tile_6.0_63.png,val,0,0,0,0,100.0,0,0
tile_6.0_64.png,val,94.57638888888889,0,0,0,0,5.423611111111111,0
tile_6.0_65.png,val,55.65972222222222,0,0,0.020833333333333336,0,44.31944444444444,0
tile_6.0_66.png,val,11.083333333333334,0,0,1.2638888888888888,0,87.65277777777779,0
tile_6.0_67.png,val,0,0,0,27.645833333333332,5.361111111111111,66.99305555555556,0
tile_6.0_68.png,val,0,0,0,42.861111111111114,38.90277777777777,18.23611111111111,0
tile_6.0_69.png,val,0,0,0,16.458333333333332,83.54166666666667,0,0
tile_6.0_7.png,val,0,0,0,61.86805555555556,0,38.13194444444444,0
tile_6.0_70.png,val,0,0,0,0,100.0,0,0
tile_6.0_71.png,val,0,0,0,0,100.0,0,0
tile_6.0_72.png,val,0,0,0,0,100.0,0,0
tile_6.0_73.png,val,73.27777777777777,0,0,0,0,26.722222222222225,0
tile_6.0_74.png,val,23.291666666666664,0,0,0,0,76.70833333333333,0
tile_6.0_75.png,val,0.013888888888888888,0,0,10.909722222222221,1.9791666666666665,87.09722222222223,0
tile_6.0_76.png,val,0,0,0,29.194444444444446,31.458333333333332,39.34722222222222,0
tile_6.0_77.png,val,0,0,0,20.42361111111111,77.34027777777777,2.2361111111111107,0
tile_6.0_78.png,val,0,0,0,2.138888888888889,97.86111111111111,0,0
tile_6.0_79.png,val,0,0,0,0,100.0,0,0
tile_6.0_8.png,val,0,0,0,48.80555555555556,0,51.19444444444444,0
tile_6.0_80.png,val,0,0,0,0,100.0,0,0
tile_6.0_81.png,val,0,0,0,0,100.0,0,0
tile_6.0_9.png,val,0,0,0,75.95833333333334,0,24.041666666666668,0
jp22_1.0_1.png,test,0,0,0,0,0,100.0,0
jp22_1.0_10.png,test,0,0,0,0,0,100.0,0
jp22_1.0_11.png,test,0,0,0,0,0,100.0,0
jp22_1.0_12.png,test,0,0,0,0,0,100.0,0
jp22_1.0_13.png,test,0,0,0,0,0,100.0,0
jp22_1.0_14.png,test,0,0,0,0,0,100.0,0
jp22_1.0_15.png,test,0,0,0,0,0,100.0,0
jp22_1.0_16.png,test,0,0,0,0,0,100.0,0
jp22_1.0_17.png,test,0,0,0,0,0,100.0,0
jp22_1.0_18.png,test,0,0,0,0,0,100.0,0
jp22_1.0_19.png,test,0,0,0,0,0,100.0,0
jp22_1.0_2.png,test,0,0,0,0,0,100.0,0
jp22_1.0_20.png,test,0,0,0,0,0,100.0,0
jp22_1.0_21.png,test,0,0,0,0,0,100.0,0
jp22_1.0_22.png,test,0,0,0,0,0,100.0,0
jp22_1.0_23.png,test,0,0,0,0,0,100.0,0
jp22_1.0_24.png,test,0,0,0,0,0,100.0,0
jp22_1.0_25.png,test,0,0,0,0,0,100.0,0
jp22_1.0_26.png,test,0,0,0,0,0,100.0,0
jp22_1.0_27.png,test,0,0,0,0,0,100.0,0
jp22_1.0_28.png,test,0,0,0,0,0,100.0,0
jp22_1.0_29.png,test,0,0,0,0,0,100.0,0
jp22_1.0_3.png,test,0,0,0,0,0,100.0,0
jp22_1.0_30.png,test,0,0,0,0,0,100.0,0
jp22_1.0_31.png,test,0,0,0,0,0,100.0,0
jp22_1.0_32.png,test,0,0,0,0,0,100.0,0
jp22_1.0_33.png,test,0,0,0,0,0,100.0,0
jp22_1.0_34.png,test,0,0,0,0,0,100.0,0
jp22_1.0_35.png,test,0,0,0,0,0,100.0,0
jp22_1.0_36.png,test,0,0,0,0,0,100.0,0
jp22_1.0_37.png,test,0,0,0,0,0,100.0,0
jp22_1.0_38.png,test,0,0,0,0,0,100.0,0
jp22_1.0_39.png,test,0,0,0,0,0,100.0,0
jp22_1.0_4.png,test,0,0,0,0,0,100.0,0
jp22_1.0_40.png,test,0,0,0,0,0,100.0,0
jp22_1.0_41.png,test,0,0,0,0,0,100.0,0
jp22_1.0_42.png,test,0,0,0,0,0,100.0,0
jp22_1.0_43.png,test,0,0,0,0,0,100.0,0
jp22_1.0_44.png,test,0,0,0,0,0,100.0,0
jp22_1.0_45.png,test,0,0,0,0,0,100.0,0
jp22_1.0_46.png,test,0,0,0,0,0,100.0,0
jp22_1.0_47.png,test,0,0,0,0,0,100.0,0
jp22_1.0_48.png,test,0,0,0,0,0,100.0,0
jp22_1.0_49.png,test,0,0,0,0,0,100.0,0
jp22_1.0_5.png,test,0,0,0,0,0,100.0,0
jp22_1.0_50.png,test,0,0,0,0,0,100.0,0
jp22_1.0_51.png,test,0,0,0,0,0,100.0,0
jp22_1.0_52.png,test,0,0,0,0,0,100.0,0
jp22_1.0_53.png,test,0,0,0,0,0,100.0,0
jp22_1.0_54.png,test,0,0,0,0,0,100.0,0
jp22_1.0_55.png,test,0,0,0,0,0,100.0,0
jp22_1.0_56.png,test,0,0,0,0,0,100.0,0
jp22_1.0_57.png,test,0,0,0,0,0,100.0,0
jp22_1.0_58.png,test,0,0,0,0,0,100.0,0
jp22_1.0_59.png,test,0,0,0,0,0,100.0,0
jp22_1.0_6.png,test,0,0,0,0,0,100.0,0
jp22_1.0_60.png,test,0,0,0,0,0,100.0,0
jp22_1.0_61.png,test,0,0,0,0,0,100.0,0
jp22_1.0_62.png,test,0,0,0,0,0,100.0,0
jp22_1.0_63.png,test,0,0,0,0,0,100.0,0
jp22_1.0_64.png,test,0,0,0,0,0,100.0,0
jp22_1.0_65.png,test,0,0,0,0,0,100.0,0
jp22_1.0_66.png,test,0,0,0,0,0,100.0,0
jp22_1.0_67.png,test,0,0,0,0,0,100.0,0
jp22_1.0_68.png,test,0,0,0,0,0,100.0,0
jp22_1.0_69.png,test,0,0,0,0,0,100.0,0
jp22_1.0_7.png,test,0,0,0,0,0,100.0,0
jp22_1.0_70.png,test,0,0,0,0,0,100.0,0
jp22_1.0_71.png,test,0,0,0,0,0,100.0,0
jp22_1.0_72.png,test,0,0,0,0,0,100.0,0
jp22_1.0_73.png,test,0,0,0,0,0,100.0,0
jp22_1.0_74.png,test,0,0,0,0,0,100.0,0
jp22_1.0_75.png,test,0,0,0,0,0,100.0,0
jp22_1.0_76.png,test,0,0,0,0,0,100.0,0
jp22_1.0_77.png,test,0,0,0,0,0,100.0,0
jp22_1.0_78.png,test,0,0,0,0,0,100.0,0
jp22_1.0_79.png,test,0,0,0,0,0,100.0,0
jp22_1.0_8.png,test,0,0,0,0,0,100.0,0
jp22_1.0_80.png,test,0,0,0,0,0,100.0,0
jp22_1.0_81.png,test,0,0,0,0,0,100.0,0
jp22_1.0_9.png,test,0,0,0,0,0,100.0,0
jp22_2.0_1.png,test,0,0,0,0,0,100.0,0
jp22_2.0_10.png,test,0,0,0,0,0,100.0,0
jp22_2.0_11.png,test,0,0,0,0,0,100.0,0
jp22_2.0_12.png,test,0,0,0,0,0,100.0,0
jp22_2.0_13.png,test,0,0,0,0,0,100.0,0
jp22_2.0_14.png,test,0,0,0,0,0,100.0,0
jp22_2.0_15.png,test,0,0,0,0,0,100.0,0
jp22_2.0_16.png,test,0,0,0,0,0,100.0,0
jp22_2.0_17.png,test,0,0,0,0,0,100.0,0
jp22_2.0_18.png,test,0,0,0,0,0,100.0,0
jp22_2.0_19.png,test,0,0,0,0,0,100.0,0
jp22_2.0_2.png,test,0,0,0,0,0,100.0,0
jp22_2.0_20.png,test,0,0,0,0,0,100.0,0
jp22_2.0_21.png,test,0,0,0,0,0,100.0,0
jp22_2.0_22.png,test,0,0,0,0,0,100.0,0
jp22_2.0_23.png,test,0,0,0,0,0,100.0,0
jp22_2.0_24.png,test,0,0,0,0,0,100.0,0
jp22_2.0_25.png,test,0,0,0,0,0,100.0,0
jp22_2.0_26.png,test,0,0,0,0,0,100.0,0
jp22_2.0_27.png,test,0,0,0,0,0,100.0,0
jp22_2.0_28.png,test,0,0,0,0,0,100.0,0
jp22_2.0_29.png,test,0,0,0,0,0,100.0,0
jp22_2.0_3.png,test,0,0,0,0,0,100.0,0
jp22_2.0_30.png,test,0,0,0,0,0,100.0,0
jp22_2.0_31.png,test,0,0,0,0,0,100.0,0
jp22_2.0_32.png,test,0,0,0,0,0,100.0,0
jp22_2.0_33.png,test,0,0,0,0,0,100.0,0
jp22_2.0_34.png,test,0,0,0,0,0,100.0,0
jp22_2.0_35.png,test,0,0,0,0,0,100.0,0
jp22_2.0_36.png,test,0,0,0,0,0,100.0,0
jp22_2.0_37.png,test,0,0,0,0,0,100.0,0
jp22_2.0_38.png,test,0,0,0,0,0,100.0,0
jp22_2.0_39.png,test,0,0,0,0,0,100.0,0
jp22_2.0_4.png,test,0,0,0,0,0,100.0,0
jp22_2.0_40.png,test,0,0,0,0,0,100.0,0
jp22_2.0_41.png,test,0,0,0,0,0,100.0,0
jp22_2.0_42.png,test,0,0,0,0,0,100.0,0
jp22_2.0_43.png,test,0,0,0,0,0,100.0,0
jp22_2.0_44.png,test,0,0,0,0,0,100.0,0
jp22_2.0_45.png,test,0,0,0,0,0,100.0,0
jp22_2.0_46.png,test,0,0,0,0,0,100.0,0
jp22_2.0_47.png,test,0,0,0,0,0,100.0,0
jp22_2.0_48.png,test,0,0,0,0,0,100.0,0
jp22_2.0_49.png,test,0,0,0,0,0,100.0,0
jp22_2.0_5.png,test,0,0,0,0,0,100.0,0
jp22_2.0_50.png,test,0,0,0,0,0,100.0,0
jp22_2.0_51.png,test,0,0,0,0,0,100.0,0
jp22_2.0_52.png,test,0,0,0,0,0,100.0,0
jp22_2.0_53.png,test,0,0,0,0,0,100.0,0
jp22_2.0_54.png,test,0,0,0,0,0,100.0,0
jp22_2.0_55.png,test,0,0,0,0,0,100.0,0
jp22_2.0_56.png,test,0,0,0,0,0,100.0,0
jp22_2.0_57.png,test,0,0,0,0,0,100.0,0
jp22_2.0_58.png,test,0,0,0,0,0,100.0,0
jp22_2.0_59.png,test,0,0,0,0,0,100.0,0
jp22_2.0_6.png,test,0,0,0,0,0,100.0,0
jp22_2.0_60.png,test,0,0,0,0,0,100.0,0
jp22_2.0_61.png,test,0,0,0,0,0,100.0,0
jp22_2.0_62.png,test,0,0,0,0,0,100.0,0
jp22_2.0_63.png,test,0,0,0,0,0,100.0,0
jp22_2.0_64.png,test,0,0,0,0,0,100.0,0
jp22_2.0_65.png,test,0,0,0,0,0,100.0,0
jp22_2.0_66.png,test,0,0,0,0,0,100.0,0
jp22_2.0_67.png,test,0,0,0,0,0,100.0,0
jp22_2.0_68.png,test,0,0,0,0,0,100.0,0
jp22_2.0_69.png,test,0,0,0,0,0,100.0,0
jp22_2.0_7.png,test,0,0,0,0,0,100.0,0
jp22_2.0_70.png,test,0,0,0,0,0,100.0,0
jp22_2.0_71.png,test,0,0,0,0,0,100.0,0
jp22_2.0_72.png,test,0,0,0,0,0,100.0,0
jp22_2.0_73.png,test,0,0,0,0,0,100.0,0
jp22_2.0_74.png,test,0,0,0,0,0,100.0,0
jp22_2.0_75.png,test,0,0,0,0,0,100.0,0
jp22_2.0_76.png,test,0,0,0,0,0,100.0,0
jp22_2.0_77.png,test,0,0,0,0,0,100.0,0
jp22_2.0_78.png,test,0,0,0,0,0,100.0,0
jp22_2.0_79.png,test,0,0,0,0,0,100.0,0
jp22_2.0_8.png,test,0,0,0,0,0,100.0,0
jp22_2.0_80.png,test,0,0,0,0,0,100.0,0
jp22_2.0_81.png,test,0,0,0,0,0,100.0,0
jp22_2.0_9.png,test,0,0,0,0,0,100.0,0
jp22_3.10_1.png,test,0,0,0,0,0,100.0,0
jp22_3.10_10.png,test,0,0,0,0,0,100.0,0
jp22_3.10_11.png,test,0,0,0,0,0,100.0,0
jp22_3.10_12.png,test,0,0,0,0,0,100.0,0
jp22_3.10_13.png,test,0,0,0,0,0,100.0,0
jp22_3.10_14.png,test,0,0,0,0,0,100.0,0
jp22_3.10_15.png,test,0,0,0,0,0,100.0,0
jp22_3.10_16.png,test,0,0,0,0,0,100.0,0
jp22_3.10_17.png,test,0,0,0,0,0,100.0,0
jp22_3.10_18.png,test,0,0,0,0,0,100.0,0
jp22_3.10_19.png,test,0,0,0,0,0,100.0,0
jp22_3.10_2.png,test,0,0,0,0,0,100.0,0
jp22_3.10_20.png,test,0,0,0,0,0,100.0,0
jp22_3.10_21.png,test,0,0,0,0,0,100.0,0
jp22_3.10_22.png,test,0,0,0,0,0,100.0,0
jp22_3.10_23.png,test,0,0,0,0,0,100.0,0
jp22_3.10_24.png,test,0,0,0,0,0,100.0,0
jp22_3.10_25.png,test,0,0,0,0,0,100.0,0
jp22_3.10_26.png,test,0,0,0,0,0,100.0,0
jp22_3.10_27.png,test,0,0,0,0,0,100.0,0
jp22_3.10_28.png,test,0,0,0,0,0,100.0,0
jp22_3.10_29.png,test,0,0,0,0,0,100.0,0
jp22_3.10_3.png,test,0,0,0,0,0,100.0,0
jp22_3.10_30.png,test,0,0,0,0,0,100.0,0
jp22_3.10_31.png,test,0,0,0,0,0,100.0,0
jp22_3.10_32.png,test,0,0,0,0,0,100.0,0
jp22_3.10_33.png,test,0,0,0,0,0,100.0,0
jp22_3.10_34.png,test,0,0,0,0,0,100.0,0
jp22_3.10_35.png,test,0,0,0,0,0,100.0,0
jp22_3.10_36.png,test,0,0,0,0,0,100.0,0
jp22_3.10_37.png,test,0,0,0,0,0,100.0,0
jp22_3.10_38.png,test,0,0,0,0,0,100.0,0
jp22_3.10_39.png,test,0,0,0,0,0,100.0,0
jp22_3.10_4.png,test,0,0,0,0,0,100.0,0
jp22_3.10_40.png,test,0,0,0,0,0,100.0,0
jp22_3.10_41.png,test,0,0,0,0,0,100.0,0
jp22_3.10_42.png,test,0,0,0,0,0,100.0,0
jp22_3.10_43.png,test,0,0,0,0,0,100.0,0
jp22_3.10_44.png,test,0,0,0,0,0,100.0,0
jp22_3.10_45.png,test,0,0,0,0,0,100.0,0
jp22_3.10_46.png,test,0,0,0,0,0,100.0,0
jp22_3.10_47.png,test,0,0,0,0,0,100.0,0
jp22_3.10_48.png,test,0,0,0,0,0,100.0,0
jp22_3.10_49.png,test,0,0,0,0,0,100.0,0
jp22_3.10_5.png,test,0,0,0,0,0,100.0,0
jp22_3.10_50.png,test,0,0,0,0,0,100.0,0
jp22_3.10_51.png,test,0,0,0,0,0,100.0,0
jp22_3.10_52.png,test,0,0,0,0,0,100.0,0
jp22_3.10_53.png,test,0,0,0,0,0,100.0,0
jp22_3.10_54.png,test,0,0,0,0,0,100.0,0
jp22_3.10_55.png,test,0,0,0,0,0,100.0,0
jp22_3.10_56.png,test,0,0,0,0,0,100.0,0
jp22_3.10_57.png,test,0,0,0,0,0,100.0,0
jp22_3.10_58.png,test,0,0,0,0,0,100.0,0
jp22_3.10_59.png,test,0,0,0,0,0,100.0,0
jp22_3.10_6.png,test,0,0,0,0,0,100.0,0
jp22_3.10_60.png,test,0,0,0,0,0,100.0,0
jp22_3.10_61.png,test,0,0,0,0,0,100.0,0
jp22_3.10_62.png,test,0,0,0,0,0,100.0,0
jp22_3.10_63.png,test,0,0,0,0,0,100.0,0
jp22_3.10_64.png,test,0,0,0,0,0,100.0,0
jp22_3.10_65.png,test,0,0,0,0,0,100.0,0
jp22_3.10_66.png,test,0,0,0,0,0,100.0,0
jp22_3.10_67.png,test,0,0,0,0,0,100.0,0
jp22_3.10_68.png,test,0,0,0,0,0,100.0,0
jp22_3.10_69.png,test,0,0,0,0,0,100.0,0
jp22_3.10_7.png,test,0,0,0,0,0,100.0,0
jp22_3.10_70.png,test,0,0,0,0,0,100.0,0
jp22_3.10_71.png,test,0,0,0,0,0,100.0,0
jp22_3.10_72.png,test,0,0,0,0,0,100.0,0
jp22_3.10_73.png,test,0,0,0,0,0,100.0,0
jp22_3.10_74.png,test,0,0,0,0,0,100.0,0
jp22_3.10_75.png,test,0,0,0,0,0,100.0,0
jp22_3.10_76.png,test,0,0,0,0,0,100.0,0
jp22_3.10_77.png,test,0,0,0,0,0,100.0,0
jp22_3.10_78.png,test,0,0,0,0,0,100.0,0
jp22_3.10_79.png,test,0,0,0,0,0,100.0,0
jp22_3.10_8.png,test,0,0,0,0,0,100.0,0
jp22_3.10_80.png,test,0,0,0,0,0,100.0,0
jp22_3.10_81.png,test,0,0,0,0,0,100.0,0
jp22_3.10_9.png,test,0,0,0,0,0,100.0,0
tile_1.87_1.png,test,99.95833333333334,0,0.04166666666666667,0,0,0,0
tile_1.87_10.png,test,91.29166666666667,0,8.708333333333334,0,0,0,0
tile_1.87_11.png,test,93.02777777777777,0,0,6.972222222222222,0,0,0
tile_1.87_12.png,test,93.02777777777777,0,0,6.972222222222222,0,0,0
tile_1.87_13.png,test,97.60416666666667,0,0,2.3958333333333335,0,0,0
tile_1.87_14.png,test,90.52083333333333,1.6041666666666665,0,7.875,0,0,0
tile_1.87_15.png,test,89.72916666666667,4.791666666666667,0,5.479166666666667,0,0,0
tile_1.87_16.png,test,96.8125,3.1875,0,0,0,0,0
tile_1.87_17.png,test,97.01388888888889,0,0,2.986111111111111,0,0,0
tile_1.87_18.png,test,97.01388888888889,0,0,2.986111111111111,0,0,0
tile_1.87_19.png,test,82.01388888888889,0,17.98611111111111,0,0,0,0
tile_1.87_2.png,test,100.0,0,0,0,0,0,0
tile_1.87_20.png,test,89.31944444444444,0,3.7083333333333335,6.972222222222222,0,0,0
tile_1.87_21.png,test,93.02777777777777,0,0,6.972222222222222,0,0,0
tile_1.87_22.png,test,97.32638888888889,0,0,2.673611111111111,0,0,0
tile_1.87_23.png,test,96.27777777777777,0,0,3.722222222222222,0,0,0
tile_1.87_24.png,test,95.94444444444444,0,0,4.055555555555555,0,0,0
tile_1.87_25.png,test,83.61805555555556,0,0,16.381944444444443,0,0,0
tile_1.87_26.png,test,66.90972222222223,0,0,33.09027777777778,0,0,0
tile_1.87_27.png,test,80.28472222222223,0,0,19.71527777777778,0,0,0
tile_1.87_28.png,test,80.90277777777779,0,17.340277777777775,1.7569444444444442,0,0,0
tile_1.87_29.png,test,85.59722222222223,0,12.645833333333334,1.7569444444444442,0,0,0
tile_1.87_3.png,test,100.0,0,0,0,0,0,0
tile_1.87_30.png,test,98.99305555555556,0,0.9166666666666666,0.09027777777777778,0,0,0
tile_1.87_31.png,test,98.02777777777779,0,0,1.972222222222222,0,0,0
tile_1.87_32.png,test,97.34027777777777,0,0,2.6597222222222223,0,0,0
tile_1.87_33.png,test,96.21527777777777,0,0,3.784722222222222,0,0,0
tile_1.87_34.png,test,82.91666666666667,0,0,17.083333333333332,0,0,0
tile_1.87_35.png,test,64.83333333333333,0,0,35.16666666666667,0,0,0
tile_1.87_36.png,test,77.27777777777777,0,0,22.72222222222222,0,0,0
tile_1.87_37.png,test,87.64583333333333,0,8.034722222222221,4.319444444444445,0,0,0
tile_1.87_38.png,test,77.27083333333333,0,16.34722222222222,6.381944444444445,0,0,0
tile_1.87_39.png,test,86.44444444444444,0,8.3125,5.243055555555555,0,0,0
tile_1.87_4.png,test,96.55555555555554,0,0,3.4444444444444446,0,0,0
tile_1.87_40.png,test,96.81944444444444,0,0,3.1805555555555554,0,0,0
tile_1.87_41.png,test,100.0,0,0,0,0,0,0
tile_1.87_42.png,test,91.11805555555556,0,0,8.881944444444445,0,0,0
tile_1.87_43.png,test,90.41666666666667,0,0,9.583333333333334,0,0,0
tile_1.87_44.png,test,94.68055555555556,0,0,5.319444444444445,0,0,0
tile_1.87_45.png,test,88.93055555555556,0,0,11.069444444444445,0,0,0
tile_1.87_46.png,test,89.26388888888889,6.451388888888888,0.013888888888888888,4.270833333333333,0,0,0
tile_1.87_47.png,test,83.84027777777779,0,11.354166666666666,4.805555555555555,0,0,0
tile_1.87_48.png,test,78.07638888888889,0,16.59027777777778,5.333333333333334,0,0,0
tile_1.87_49.png,test,91.65972222222221,0,5.25,3.0902777777777777,0,0,0
tile_1.87_5.png,test,86.65277777777777,1.6041666666666665,0,11.743055555555555,0,0,0
tile_1.87_50.png,test,100.0,0,0,0,0,0,0
tile_1.87_51.png,test,90.44444444444444,0,0,9.555555555555555,0,0,0
tile_1.87_52.png,test,90.44444444444444,0,0,9.555555555555555,0,0,0
tile_1.87_53.png,test,99.74305555555556,0,0,0.2569444444444445,0,0,0
tile_1.87_54.png,test,94.9236111111111,0,0,5.076388888888888,0,0,0
tile_1.87_55.png,test,79.76388888888889,11.347222222222223,7.180555555555555,1.7083333333333333,0,0,0
tile_1.87_56.png,test,95.875,0,3.944444444444444,0.18055555555555555,0,0,0
tile_1.87_57.png,test,85.59722222222223,0,14.222222222222221,0.18055555555555555,0,0,0
tile_1.87_58.png,test,88.89583333333333,0,11.104166666666666,0,0,0,0
tile_1.87_59.png,test,99.17361111111111,0,0.8263888888888888,0,0,0,0
tile_1.87_6.png,test,86.09722222222223,5.027777777777778,0,8.875,0,0,0
tile_1.87_60.png,test,99.32638888888889,0,0,0.6736111111111112,0,0,0
tile_1.87_61.png,test,99.32638888888889,0,0,0.6736111111111112,0,0,0
tile_1.87_62.png,test,99.80555555555556,0,0,0.19444444444444445,0,0,0
tile_1.87_63.png,test,89.40277777777777,0,0,10.597222222222221,0,0,0
tile_1.87_64.png,test,56.833333333333336,16.055555555555557,27.111111111111114,0,0,0,0
tile_1.87_65.png,test,93.54861111111111,0.11805555555555555,6.333333333333334,0,0,0,0
tile_1.87_66.png,test,94.81944444444444,0,5.180555555555555,0,0,0,0
tile_1.87_67.png,test,84.52777777777779,0,15.472222222222223,0,0,0,0
tile_1.87_68.png,test,88.94444444444444,0,10.319444444444445,0.736111111111111,0,0,0
tile_1.87_69.png,test,99.23611111111111,0,0.027777777777777776,0.736111111111111,0,0,0
tile_1.87_7.png,test,96.0,3.423611111111111,0,0.5763888888888888,0,0,0
tile_1.87_70.png,test,100.0,0,0,0,0,0,0
tile_1.87_71.png,test,99.76388888888889,0,0,0.2361111111111111,0,0,0
tile_1.87_72.png,test,78.22222222222223,0,0,21.777777777777775,0,0,0
tile_1.87_73.png,test,28.166666666666668,25.243055555555554,40.791666666666664,5.798611111111112,0,0,0
tile_1.87_74.png,test,69.08333333333333,8.166666666666666,20.118055555555557,2.631944444444444,0,0,0
tile_1.87_75.png,test,96.33333333333334,0,0.5902777777777778,3.076388888888889,0,0,0
tile_1.87_76.png,test,87.82638888888889,0,11.729166666666666,0.4444444444444444,0,0,0
tile_1.87_77.png,test,69.72916666666666,0,19.479166666666668,3.826388888888889,6.965277777777777,0,0
tile_1.87_78.png,test,74.11805555555556,0,7.902777777777778,3.826388888888889,14.152777777777779,0,0
tile_1.87_79.png,test,92.8125,0,0,0,7.187499999999999,0,0
tile_1.87_8.png,test,100.0,0,0,0,0,0,0
tile_1.87_80.png,test,99.95833333333334,0,0,0.04166666666666667,0,0,0
tile_1.87_81.png,test,88.81944444444444,0,0,11.180555555555555,0,0,0
tile_1.87_9.png,test,100.0,0,0,0,0,0,0
tile_3.26_1.png,test,0,0,100.0,0,0,0,0
tile_3.26_10.png,test,0,0,90.16666666666666,0,9.833333333333332,0,0
tile_3.26_11.png,test,0,0,90.0,0,10.0,0,0
tile_3.26_12.png,test,0,0,91.7986111111111,0,8.20138888888889,0,0
tile_3.26_13.png,test,0,0,94.1875,0,5.8125,0,0
tile_3.26_14.png,test,0,0,97.38888888888889,0,2.611111111111111,0,0
tile_3.26_15.png,test,0,0,100.0,0,0,0,0
tile_3.26_16.png,test,0,0,100.0,0,0,0,0
tile_3.26_17.png,test,0,0,100.0,0,0,0,0
tile_3.26_18.png,test,0,0,98.60416666666667,0,1.3958333333333333,0,0
tile_3.26_19.png,test,0,0,40.166666666666664,0,59.833333333333336,0,0
tile_3.26_2.png,test,0,0,100.0,0,0,0,0
tile_3.26_20.png,test,0,0,40.0,0,60.0,0,0
tile_3.26_21.png,test,0,0,47.11111111111111,0,52.888888888888886,0,0
tile_3.26_22.png,test,0,0,50.25694444444444,0,49.74305555555556,0,0
tile_3.26_23.png,test,0,0,61.4375,0,38.5625,0,0
tile_3.26_24.png,test,0,0,88.29166666666667,0,11.708333333333334,0,0
tile_3.26_25.png,test,0,0,100.0,0,0,0,0
tile_3.26_26.png,test,0,0,94.3125,0,5.6875,0,0
tile_3.26_27.png,test,0,0,68.27777777777779,0,31.722222222222225,0,0
tile_3.26_28.png,test,0,0,0,0,100.0,0,0
tile_3.26_29.png,test,0,0,0,0,100.0,0,0
tile_3.26_3.png,test,0,0,100.0,0,0,0,0
tile_3.26_30.png,test,0,0,10.9375,0,89.0625,0,0
tile_3.26_31.png,test,0,0,15.736111111111112,0,84.2638888888889,0,0
tile_3.26_32.png,test,0,0,24.395833333333332,0,75.60416666666666,0,0
tile_3.26_33.png,test,0,0,63.736111111111114,0,36.26388888888889,0,0
tile_3.26_34.png,test,0,0,90.31944444444444,0,9.680555555555555,0,0
tile_3.26_35.png,test,0,0,90.49305555555556,0,9.506944444444445,0,0
tile_3.26_36.png,test,0,0,62.72222222222222,0,37.27777777777778,0,0
tile_3.26_37.png,test,0,0,0,0,100.0,0,0
tile_3.26_38.png,test,0,0,0,0,100.0,0,0
tile_3.26_39.png,test,0,0,5.625,0,94.375,0,0
tile_3.26_4.png,test,0,0,100.0,0,0,0,0
tile_3.26_40.png,test,0,0,9.666666666666666,0,90.33333333333333,0,0
tile_3.26_41.png,test,0,0,11.159722222222221,0,88.84027777777777,0,0
tile_3.26_42.png,test,0,0,26.256944444444446,0,73.74305555555556,0,0
tile_3.26_43.png,test,0,0,40.31944444444445,0,59.68055555555556,0,0
tile_3.26_44.png,test,0,0,54.0625,0,45.9375,0,0
tile_3.26_45.png,test,0,0,73.11805555555554,0,26.881944444444443,0,0
tile_3.26_46.png,test,0,0,26.666666666666668,0,73.33333333333333,0,0
tile_3.26_47.png,test,0,0,26.708333333333336,0,73.29166666666667,0,0
tile_3.26_48.png,test,0,0,27.13888888888889,0,72.86111111111111,0,0
tile_3.26_49.png,test,0,0,27.930555555555554,0,72.06944444444444,0,0
tile_3.26_5.png,test,0,0,100.0,0,0,0,0
tile_3.26_50.png,test,0,0,29.15972222222222,0,70.84027777777779,0,0
tile_3.26_51.png,test,0,0,29.57638888888889,0,70.4236111111111,0,0
tile_3.26_52.png,test,0,0,29.166666666666668,0,70.83333333333334,0,0
tile_3.26_53.png,test,0,0,37.44444444444445,0,62.55555555555555,0,0
tile_3.26_54.png,test,0,0,61.72916666666667,0,38.27083333333333,0,0
tile_3.26_55.png,test,0,0,76.66666666666667,0,23.333333333333332,0,0
tile_3.26_56.png,test,0,0,76.70833333333333,0,23.291666666666664,0,0
tile_3.26_57.png,test,0,0,77.13888888888889,0,22.86111111111111,0,0
tile_3.26_58.png,test,0,0,77.93055555555556,0,22.069444444444443,0,0
tile_3.26_59.png,test,0,0,78.34722222222223,0,21.65277777777778,0,0
tile_3.26_6.png,test,0,0,100.0,0,0,0,0
tile_3.26_60.png,test,0,0,78.76388888888889,0,21.23611111111111,0,0
tile_3.26_61.png,test,0,0,79.16666666666666,0,20.833333333333336,0,0
tile_3.26_62.png,test,0,0,79.5625,0,20.4375,0,0
tile_3.26_63.png,test,0,0,81.65972222222221,0,18.34027777777778,0,0
tile_3.26_64.png,test,0,0,82.32638888888889,0,17.67361111111111,0,0
tile_3.26_65.png,test,0,0,81.90972222222223,0,18.09027777777778,0,0
tile_3.26_66.png,test,0,0,81.39583333333333,0,18.604166666666664,0,0
tile_3.26_67.png,test,0,0,80.97916666666667,0,19.020833333333336,0,0
tile_3.26_68.png,test,0,0,80.83333333333333,0,19.166666666666668,0,0
tile_3.26_69.png,test,0,0,81.09027777777777,0,18.90972222222222,0,0
tile_3.26_7.png,test,0,0,100.0,0,0,0,0
tile_3.26_70.png,test,0,0,89.27083333333333,0,10.729166666666666,0,0
tile_3.26_71.png,test,0,0,98.59722222222223,0,1.4027777777777777,0,0
tile_3.26_72.png,test,0,0,100.0,0,0,0,0
tile_3.26_73.png,test,0,0,32.32638888888889,0,67.67361111111111,0,0
tile_3.26_74.png,test,0,0,31.90972222222222,0,68.09027777777777,0,0
tile_3.26_75.png,test,0,0,31.395833333333336,0,68.60416666666667,0,0
tile_3.26_76.png,test,0,0,30.979166666666668,0,69.02083333333333,0,0
tile_3.26_77.png,test,0,0,30.833333333333336,0,69.16666666666667,0,0
tile_3.26_78.png,test,0,0,31.381944444444443,0,68.61805555555556,0,0
tile_3.26_79.png,test,0,0,47.91666666666667,0,52.083333333333336,0,0
tile_3.26_8.png,test,0,0,100.0,0,0,0,0
tile_3.26_80.png,test,0,0,81.95138888888889,0,18.048611111111114,0,0
tile_3.26_81.png,test,0,0,100.0,0,0,0,0
tile_3.26_9.png,test,0,0,100.0,0,0,0,0
tile_3.27_1.png,test,0,0,100.0,0,0,0,0
tile_3.27_10.png,test,0,0,90.0625,0,9.9375,0,0
tile_3.27_11.png,test,0,0,88.88194444444444,0,11.118055555555555,0,0
tile_3.27_12.png,test,0,0,93.70138888888889,0,6.298611111111112,0,0
tile_3.27_13.png,test,0,0,98.56944444444444,0,1.4305555555555556,0,0
tile_3.27_14.png,test,0,0,98.75694444444446,0,1.2430555555555556,0,0
tile_3.27_15.png,test,0,0,99.59027777777779,0,0.40972222222222227,0,0
tile_3.27_16.png,test,0,0,99.66666666666667,0,0.33333333333333337,0,0
tile_3.27_17.png,test,0,0,94.44444444444444,0,5.555555555555555,0,0
tile_3.27_18.png,test,0,0,88.81944444444444,0,11.180555555555555,0,0
tile_3.27_19.png,test,0,0,40.0625,0,59.9375,0,0
tile_3.27_2.png,test,0,0,94.39583333333333,0,5.604166666666666,0,0
tile_3.27_20.png,test,0,0,39.166666666666664,0,60.83333333333333,0,0
tile_3.27_21.png,test,0,0,51.63888888888889,0,48.36111111111111,0,0
tile_3.27_22.png,test,0,0,78.28472222222223,0,21.71527777777778,0,0
tile_3.27_23.png,test,0,0,96.22916666666667,0,3.7708333333333335,0,0
tile_3.27_24.png,test,0,0,99.69444444444444,0,0.3055555555555556,0,0
tile_3.27_25.png,test,0,0,85.44444444444444,0,14.555555555555555,0,0
tile_3.27_26.png,test,0,0,56.013888888888886,0,43.98611111111111,0,0
tile_3.27_27.png,test,0,0,39.30555555555556,0,60.69444444444444,0,0
tile_3.27_28.png,test,0,0,10.79861111111111,0,89.20138888888889,0,0
tile_3.27_29.png,test,0,0,10.256944444444445,0,89.74305555555556,0,0
tile_3.27_3.png,test,0,0,92.03472222222221,0,7.965277777777778,0,0
tile_3.27_30.png,test,0,0,28.152777777777775,0,71.84722222222221,0,0
tile_3.27_31.png,test,0,0,65.21527777777779,0,34.78472222222222,0,0
tile_3.27_32.png,test,0,0,92.53472222222221,0,7.465277777777778,0,0
tile_3.27_33.png,test,0,0,86.89583333333334,0,13.104166666666666,0,0
tile_3.27_34.png,test,0,0,52.84722222222222,0,47.15277777777778,0,0
tile_3.27_35.png,test,0,0,20.541666666666668,0,79.45833333333333,0,0
tile_3.27_36.png,test,0,0,9.465277777777779,0,90.53472222222221,0,0
tile_3.27_37.png,test,0,0,45.5,0,54.50000000000001,0,0
tile_3.27_38.png,test,0,0,27.381944444444446,0,72.61805555555556,0,0
tile_3.27_39.png,test,0,0,49.01388888888889,0,50.98611111111111,0,0
tile_3.27_4.png,test,0,0,88.65277777777779,0,11.347222222222223,0,0
tile_3.27_40.png,test,0,0,84.75,0,15.25,0,0
tile_3.27_41.png,test,0,0,94.05555555555556,0,5.944444444444445,0,0
tile_3.27_42.png,test,0,0,59.95138888888889,0,40.04861111111111,0,0
tile_3.27_43.png,test,0,0,17.40277777777778,0,82.59722222222223,0,0
tile_3.27_44.png,test,0,0,9.791666666666666,0,90.20833333333333,0,0
tile_3.27_45.png,test,0,0,9.465277777777779,0,90.53472222222221,0,0
tile_3.27_46.png,test,0,0,84.70138888888889,0,15.29861111111111,0,0
tile_3.27_47.png,test,0,0,67.125,0,32.875,0,0
tile_3.27_48.png,test,0,0,78.48611111111111,0,21.51388888888889,0,0
tile_3.27_49.png,test,0,0,98.38888888888889,0,1.6111111111111112,0,0
tile_3.27_5.png,test,0,0,84.08333333333333,0,15.916666666666668,0,0
tile_3.27_50.png,test,0,0,97.75,0,2.25,0,0
tile_3.27_51.png,test,0,0,63.24305555555556,0,36.75694444444444,0,0
tile_3.27_52.png,test,0,0,30.208333333333332,0,69.79166666666666,0,0
tile_3.27_53.png,test,0,0,29.715277777777775,0,70.28472222222221,0,0
tile_3.27_54.png,test,0,0,30.0,0,70.0,0,0
tile_3.27_55.png,test,0,0,100.0,0,0,0,0
tile_3.27_56.png,test,0,0,100.0,0,0,0,0
tile_3.27_57.png,test,0,0,100.0,0,0,0,0
tile_3.27_58.png,test,0,0,100.0,0,0,0,0
tile_3.27_59.png,test,0,0,100.0,0,0,0,0
tile_3.27_6.png,test,0,0,87.66666666666667,0,12.333333333333334,0,0
tile_3.27_60.png,test,0,0,90.49305555555556,0,9.506944444444445,0,0
tile_3.27_61.png,test,0,0,80.20833333333334,0,19.791666666666664,0,0
tile_3.27_62.png,test,0,0,79.71527777777779,0,20.284722222222225,0,0
tile_3.27_63.png,test,0,0,80.0,0,20.0,0,0
tile_3.27_64.png,test,0,0,96.59722222222223,0,3.4027777777777777,0,0
tile_3.27_65.png,test,0,0,85.55555555555556,0,14.444444444444443,0,0
tile_3.27_66.png,test,0,0,78.125,0,21.875,0,0
tile_3.27_67.png,test,0,0,78.52083333333333,0,21.479166666666664,0,0
tile_3.27_68.png,test,0,0,78.61805555555556,0,21.381944444444446,0,0
tile_3.27_69.png,test,0,0,78.43055555555556,0,21.569444444444443,0,0
tile_3.27_7.png,test,0,0,88.99305555555556,0,11.006944444444445,0,0
tile_3.27_70.png,test,0,0,78.33333333333333,0,21.666666666666668,0,0
tile_3.27_71.png,test,0,0,77.90277777777777,0,22.09722222222222,0,0
tile_3.27_72.png,test,0,0,76.96527777777777,0,23.03472222222222,0,0
tile_3.27_73.png,test,0,0,88.42361111111111,0,11.57638888888889,0,0
tile_3.27_74.png,test,0,0,52.38194444444444,0,47.61805555555556,0,0
tile_3.27_75.png,test,0,0,28.125,0,71.875,0,0
tile_3.27_76.png,test,0,0,28.520833333333336,0,71.47916666666667,0,0
tile_3.27_77.png,test,0,0,28.618055555555554,0,71.38194444444444,0,0
tile_3.27_78.png,test,0,0,28.430555555555554,0,71.56944444444444,0,0
tile_3.27_79.png,test,0,0,28.333333333333332,0,71.66666666666667,0,0
tile_3.27_8.png,test,0,0,83.38194444444444,0,16.618055555555557,0,0
tile_3.27_80.png,test,0,0,27.902777777777775,0,72.09722222222223,0,0
tile_3.27_81.png,test,0,0,26.96527777777778,0,73.03472222222223,0,0
tile_3.27_9.png,test,0,0,88.98611111111111,0,11.013888888888888,0,0
tile_4.14_1.png,test,0,32.38194444444444,7.152777777777778,60.46527777777778,0,0,0
tile_4.14_10.png,test,0,17.375,8.652777777777777,73.97222222222221,0,0,0
tile_4.14_11.png,test,0,25.701388888888886,4.236111111111112,70.0625,0,0,0
tile_4.14_12.png,test,0,26.826388888888893,0.3055555555555556,72.86805555555556,0,0,0
tile_4.14_13.png,test,0,22.54861111111111,0,77.45138888888889,0,0,0
tile_4.14_14.png,test,0,19.666666666666664,0,80.33333333333333,0,0,0
tile_4.14_15.png,test,0,21.902777777777775,2.1458333333333335,75.9513888888889,0,0,0
tile_4.14_16.png,test,0,27.166666666666668,4.3125,68.52083333333333,0,0,0
tile_4.14_17.png,test,0,14.11111111111111,5.118055555555555,80.77083333333334,0,0,0
tile_4.14_18.png,test,0,2.0902777777777777,12.270833333333334,82.99305555555556,2.6458333333333335,0,0
tile_4.14_19.png,test,0,18.458333333333332,4.902777777777779,76.63888888888889,0,0,0
tile_4.14_2.png,test,0,20.84722222222222,4.284722222222222,74.86805555555556,0,0,0
tile_4.14_20.png,test,0,22.86111111111111,5.722222222222222,71.41666666666666,0,0,0
tile_4.14_21.png,test,0,23.583333333333336,5.638888888888889,70.77777777777777,0,0,0
tile_4.14_22.png,test,0,25.166666666666664,0,74.83333333333333,0,0,0
tile_4.14_23.png,test,0,22.270833333333336,0,77.72916666666667,0,0,0
tile_4.14_24.png,test,0,22.48611111111111,0,77.5138888888889,0,0,0
tile_4.14_25.png,test,0,25.569444444444443,0.9722222222222222,73.375,0.08333333333333334,0,0
tile_4.14_26.png,test,0,13.61111111111111,3.7152777777777777,82.59027777777777,0.08333333333333334,0,0
tile_4.14_27.png,test,0,0.08333333333333334,15.986111111111112,83.93055555555556,0,0,0
tile_4.14_28.png,test,0,17.618055555555557,3.5555555555555554,78.82638888888889,0,0,0
tile_4.14_29.png,test,0,19.131944444444443,5.416666666666667,75.45138888888889,0,0,0
tile_4.14_3.png,test,0,18.17361111111111,0,81.82638888888889,0,0,0
tile_4.14_30.png,test,0,24.73611111111111,5.333333333333334,69.93055555555556,0,0,0
tile_4.14_31.png,test,0,27.645833333333332,1.972222222222222,70.38194444444444,0,0,0
tile_4.14_32.png,test,0,24.902777777777775,1.972222222222222,73.125,0,0,0
tile_4.14_33.png,test,0,22.819444444444446,0,76.04166666666666,1.1388888888888888,0,0
tile_4.14_34.png,test,0,11.680555555555555,0,85.63194444444444,2.6875,0,0
tile_4.14_35.png,test,0,3.916666666666667,10.854166666666666,83.68055555555556,1.5486111111111112,0,0
tile_4.14_36.png,test,0,12.881944444444443,37.01388888888889,50.10416666666667,0,0,0
tile_4.14_37.png,test,0,22.03472222222222,0.5416666666666667,77.42361111111111,0,0,0
tile_4.14_38.png,test,0,26.680555555555557,0,72.84027777777777,0.47916666666666663,0,0
tile_4.14_39.png,test,0,29.32638888888889,0,70.19444444444444,0.47916666666666663,0,0
tile_4.14_4.png,test,0,22.625,0,77.375,0,0,0
tile_4.14_40.png,test,0,29.368055555555557,1.972222222222222,68.65972222222221,0,0,0
tile_4.14_41.png,test,0,22.53472222222222,1.972222222222222,75.49305555555556,0,0,0
tile_4.14_42.png,test,0,12.23611111111111,0,86.625,1.1388888888888888,0,0
tile_4.14_43.png,test,0,5.513888888888889,0.04166666666666667,91.84027777777779,2.604166666666667,0,0
tile_4.14_44.png,test,0,22.67361111111111,10.444444444444445,65.41666666666667,1.465277777777778,0,0
tile_4.14_45.png,test,0,41.77777777777778,27.833333333333332,30.388888888888886,0,0,0
tile_4.14_46.png,test,0,35.86805555555556,0,64.13194444444444,0,0,0
tile_4.14_47.png,test,0,29.673611111111107,0,68.76388888888889,1.5625,0,0
tile_4.14_48.png,test,0,28.131944444444446,0,70.30555555555556,1.5625,0,0
tile_4.14_49.png,test,0,26.84027777777778,0,73.15972222222223,0,0,0
tile_4.14_5.png,test,0,20.131944444444443,0,79.86805555555556,0,0,0
tile_4.14_50.png,test,0,11.208333333333332,0,88.79166666666667,0,0,0
tile_4.14_51.png,test,0,8.625,0,91.375,0,0,0
tile_4.14_52.png,test,0,25.88888888888889,8.930555555555555,65.18055555555556,0,0,0
tile_4.14_53.png,test,0,44.43055555555556,13.54861111111111,42.020833333333336,0,0,0
tile_4.14_54.png,test,0,37.79166666666667,8.569444444444445,53.63888888888889,0,0,0
tile_4.14_55.png,test,0,35.826388888888886,7.881944444444445,56.291666666666664,0,0,0
tile_4.14_56.png,test,0,25.555555555555554,6.333333333333334,67.02777777777777,1.0833333333333335,0,0
tile_4.14_57.png,test,0,21.881944444444446,6.812500000000001,67.00694444444444,4.298611111111112,0,0
tile_4.14_58.png,test,0,11.88888888888889,8.743055555555555,76.15277777777779,3.215277777777778,0,0
tile_4.14_59.png,test,0,13.92361111111111,6.569444444444445,79.50694444444444,0,0,0
tile_4.14_6.png,test,0,18.104166666666664,2.1458333333333335,79.75,0,0,0
tile_4.14_60.png,test,0,35.53472222222222,7.833333333333334,56.63194444444445,0,0,0
tile_4.14_61.png,test,0,42.63194444444444,16.90972222222222,40.458333333333336,0,0,0
tile_4.14_62.png,test,0,29.131944444444446,17.3125,53.55555555555556,0,0,0
tile_4.14_63.png,test,0,11.604166666666666,13.291666666666666,75.10416666666667,0,0,0
tile_4.14_64.png,test,0,27.645833333333332,9.958333333333332,62.39583333333333,0,0,0
tile_4.14_65.png,test,0,17.95138888888889,6.631944444444445,74.65277777777779,0.7638888888888888,0,0
tile_4.14_66.png,test,0,7.187499999999999,9.13888888888889,79.69444444444444,3.979166666666667,0,0
tile_4.14_67.png,test,0,2.861111111111111,21.15277777777778,72.77083333333333,3.215277777777778,0,0
tile_4.14_68.png,test,0,24.34722222222222,24.131944444444446,51.520833333333336,0,0,0
tile_4.14_69.png,test,0,39.951388888888886,21.145833333333332,38.90277777777777,0,0,0
tile_4.14_7.png,test,0,11.472222222222223,3.340277777777778,85.1875,0,0,0
tile_4.14_70.png,test,0,21.40972222222222,14.291666666666666,64.29861111111111,0,0,0
tile_4.14_71.png,test,0,17.333333333333336,15.840277777777779,66.82638888888889,0,0,0
tile_4.14_72.png,test,0,22.32638888888889,20.375,57.29861111111111,0,0,0
tile_4.14_73.png,test,0,21.51388888888889,2.076388888888889,74.93055555555556,1.4791666666666667,0,0
tile_4.14_74.png,test,0,10.270833333333334,0.2986111111111111,87.94444444444444,1.4861111111111112,0,0
tile_4.14_75.png,test,0,22.5625,2.326388888888889,74.34722222222221,0.7638888888888888,0,0
tile_4.14_76.png,test,0,26.881944444444443,20.625,52.49305555555556,0,0,0
tile_4.14_77.png,test,0,17.71527777777778,30.416666666666664,51.86805555555556,0,0,0
tile_4.14_78.png,test,0,15.20138888888889,17.95138888888889,66.84722222222223,0,0,0
tile_4.14_79.png,test,0,15.708333333333332,6.270833333333334,78.02083333333333,0,0,0
tile_4.14_8.png,test,0,6.208333333333333,11.402777777777779,82.38888888888889,0,0,0
tile_4.14_80.png,test,0,32.99305555555556,10.680555555555555,56.32638888888889,0,0,0
tile_4.14_81.png,test,0,38.25694444444444,10.743055555555555,51.0,0,0,0
tile_4.14_9.png,test,0,25.194444444444446,24.944444444444443,47.21527777777778,2.6458333333333335,0,0
tile_4.33_1.png,test,0,0,0,0,0,100.0,0
tile_4.33_10.png,test,0,0,0,19.98611111111111,0,80.01388888888889,0
tile_4.33_11.png,test,0,0,0,23.5625,0,76.4375,0
tile_4.33_12.png,test,0,0,0,32.15972222222222,0,67.84027777777779,0
tile_4.33_13.png,test,0,0,0.4722222222222222,33.986111111111114,2.7291666666666665,62.81250000000001,0
tile_4.33_14.png,test,0,0,23.340277777777775,24.59722222222222,19.03472222222222,33.02777777777778,0
tile_4.33_15.png,test,0,0,47.61111111111111,21.743055555555554,27.944444444444443,2.701388888888889,0
tile_4.33_16.png,test,0,0,25.881944444444443,43.52083333333333,15.145833333333334,15.45138888888889,0
tile_4.33_17.png,test,0,0,1.1388888888888888,63.61805555555555,3.5069444444444446,31.73611111111111,0
tile_4.33_18.png,test,0,0,0,61.03472222222223,0,38.96527777777778,0
tile_4.33_19.png,test,0,0,0,69.98611111111111,0,30.01388888888889,0
tile_4.33_2.png,test,0,0,0,0,0,100.0,0
tile_4.33_20.png,test,0,0,0,73.5625,0,26.437500000000004,0
tile_4.33_21.png,test,0,0,0,82.15972222222221,0,17.84027777777778,0
tile_4.33_22.png,test,0,0,0,73.51388888888889,7.069444444444445,19.416666666666664,0
tile_4.33_23.png,test,0,0,4.243055555555555,40.81944444444445,30.868055555555557,24.069444444444443,0
tile_4.33_24.png,test,0,0,34.68055555555555,15.729166666666666,38.38194444444444,11.208333333333332,0
tile_4.33_25.png,test,0,0,47.291666666666664,30.416666666666664,20.041666666666664,2.25,0
tile_4.33_26.png,test,0,0,16.854166666666668,74.79861111111111,6.368055555555556,1.9791666666666665,0
tile_4.33_27.png,test,0,0,0,90.40972222222223,0.9097222222222222,8.680555555555555,0
tile_4.33_28.png,test,0,0,0,100.0,0,0,0
tile_4.33_29.png,test,0,0,0,100.0,0,0,0
tile_4.33_3.png,test,0,0,0,0,0,100.0,0
tile_4.33_30.png,test,0,0,0,100.0,0,0,0
tile_4.33_31.png,test,0,0,0,94.0625,5.333333333333334,0.6041666666666666,0
tile_4.33_32.png,test,0,0,0,59.201388888888886,29.26388888888889,11.534722222222223,0
tile_4.33_33.png,test,0,0,10.784722222222221,32.56944444444444,38.451388888888886,18.194444444444443,0
tile_4.33_34.png,test,0,0,43.5625,27.09027777777778,22.083333333333332,7.263888888888889,0
tile_4.33_35.png,test,0,0,40.5625,46.88888888888889,12.513888888888888,0.034722222222222224,0
tile_4.33_36.png,test,0,0,7.784722222222222,79.29166666666667,4.951388888888889,7.972222222222222,0
tile_4.33_37.png,test,0,0,0,100.0,0,0,0
tile_4.33_38.png,test,0,0,0,94.48611111111111,5.513888888888889,0,0
tile_4.33_39.png,test,0,0,0,88.54861111111111,11.45138888888889,0,0
tile_4.33_4.png,test,0,0,13.54861111111111,5.229166666666667,0.2986111111111111,80.92361111111111,0
tile_4.33_40.png,test,0,0,0,93.36805555555556,6.631944444444445,0,0
tile_4.33_41.png,test,0,0,0,87.42361111111111,11.083333333333334,1.4930555555555556,0
tile_4.33_42.png,test,0,0,0.2569444444444445,70.28472222222221,19.21527777777778,10.243055555555555,0
tile_4.33_43.png,test,0,0,19.38888888888889,45.0625,20.57638888888889,14.972222222222223,0
tile_4.33_44.png,test,0,0,47.49305555555556,28.381944444444446,17.90277777777778,6.222222222222222,0
tile_4.33_45.png,test,0,0,30.84027777777778,62.0,7.159722222222223,0,0
tile_4.33_46.png,test,0,0,0,100.0,0,0,0
tile_4.33_47.png,test,0,0,0,84.96527777777779,15.034722222222221,0,0
tile_4.33_48.png,test,0,0,0,73.77777777777777,26.222222222222225,0,0
tile_4.33_49.png,test,0,0,0,88.8125,11.1875,0,0
tile_4.33_5.png,test,0,0,44.138888888888886,8.9375,6.833333333333333,40.09027777777778,0
tile_4.33_50.png,test,0,0,0,100.0,0,0,0
tile_4.33_51.png,test,0,0,0,94.04166666666667,4.166666666666666,1.7916666666666667,0
tile_4.33_52.png,test,0,0,2.0694444444444446,71.32638888888889,15.67361111111111,10.930555555555555,0
tile_4.33_53.png,test,0,0,29.465277777777775,39.54166666666667,19.95138888888889,11.041666666666666,0
tile_4.33_54.png,test,0,0,46.36805555555556,36.38194444444444,15.347222222222223,1.902777777777778,0
tile_4.33_55.png,test,0,0,0,94.11111111111111,5.888888888888888,0,0
tile_4.33_56.png,test,0,0,0,89.88194444444444,10.118055555555555,0,0
tile_4.33_57.png,test,0,0,0,85.22916666666667,14.770833333333332,0,0
tile_4.33_58.png,test,0,0,0,94.75,5.25,0,0
tile_4.33_59.png,test,0,0,0,100.0,0,0,0
tile_4.33_6.png,test,0,0,35.42361111111111,20.53472222222222,13.951388888888888,30.09027777777778,0
tile_4.33_60.png,test,0,0,0,100.0,0,0,0
tile_4.33_61.png,test,0,0,0,91.71527777777779,5.368055555555555,2.9166666666666665,0
tile_4.33_62.png,test,0,0,6.819444444444445,69.42361111111111,13.8125,9.944444444444445,0
tile_4.33_63.png,test,0,0,37.611111111111114,30.645833333333332,23.34722222222222,8.395833333333332,0
tile_4.33_64.png,test,0,0,0,52.45833333333333,47.541666666666664,0,0
tile_4.33_65.png,test,0,0,0,82.75,17.25,0,0
tile_4.33_66.png,test,0,0,0,100.0,0,0,0
tile_4.33_67.png,test,0,0,0,100.0,0,0,0
tile_4.33_68.png,test,0,0,0,100.0,0,0,0
tile_4.33_69.png,test,0,0,0,100.0,0,0,0
tile_4.33_7.png,test,0,0,4.833333333333333,29.555555555555557,7.416666666666667,58.19444444444445,0
tile_4.33_70.png,test,0,0,0,100.0,0,0,0
tile_4.33_71.png,test,0,0,0,92.74305555555556,2.131944444444444,5.125,0
tile_4.33_72.png,test,0,0,14.965277777777777,51.0625,19.944444444444446,14.027777777777779,0
tile_4.33_73.png,test,0,0,0,8.958333333333334,91.04166666666667,0,0
tile_4.33_74.png,test,0,0,0,57.36111111111111,42.638888888888886,0,0
tile_4.33_75.png,test,0,0,0,98.40277777777777,1.597222222222222,0,0
tile_4.33_76.png,test,0,0,0,100.0,0,0,0
tile_4.33_77.png,test,0,0,0,100.0,0,0,0
tile_4.33_78.png,test,0,0,0,100.0,0,0,0
tile_4.33_79.png,test,0,0,0,100.0,0,0,0
tile_4.33_8.png,test,0,0,0,20.208333333333332,0,79.79166666666667,0
tile_4.33_80.png,test,0,0,0,98.06944444444444,1.9305555555555556,0,0
tile_4.33_81.png,test,0,0,0.6666666666666667,74.88194444444444,15.513888888888888,8.9375,0
tile_4.33_9.png,test,0,0,0,11.743055555555555,0,88.25694444444444,0
tile_5.36_1.png,test,90.1875,0,0,8.819444444444445,0.9930555555555556,0,0
tile_5.36_10.png,test,99.66666666666667,0,0,0.22916666666666666,0.10416666666666667,0,0
tile_5.36_11.png,test,91.7986111111111,0,0,4.722222222222222,3.4791666666666665,0,0
tile_5.36_12.png,test,54.37499999999999,0.35416666666666663,0,22.32638888888889,22.944444444444446,0,0
tile_5.36_13.png,test,12.243055555555555,8.756944444444445,0,45.28472222222222,33.71527777777778,0,0
tile_5.36_14.png,test,0,15.972222222222221,0,69.54166666666667,14.48611111111111,0,0
tile_5.36_15.png,test,0,27.208333333333336,2.8819444444444446,69.56944444444444,0.34027777777777773,0,0
tile_5.36_16.png,test,0,37.09722222222222,7.513888888888889,55.388888888888886,0,0,0
tile_5.36_17.png,test,0,40.86805555555556,8.63888888888889,50.49305555555556,0,0,0
tile_5.36_18.png,test,0,50.923611111111114,11.069444444444445,38.00694444444444,0,0,0
tile_5.36_19.png,test,98.97916666666666,0,0,1.0,0.020833333333333336,0,0
tile_5.36_2.png,test,64.77777777777777,0,0,15.76388888888889,19.458333333333332,0,0
tile_5.36_20.png,test,73.04166666666667,0,0,17.3125,9.645833333333332,0,0
tile_5.36_21.png,test,24.57638888888889,6.208333333333333,0,35.49305555555556,33.72222222222222,0,0
tile_5.36_22.png,test,0.513888888888889,16.618055555555557,0,58.13194444444445,24.73611111111111,0,0
tile_5.36_23.png,test,0,13.180555555555557,0,86.18055555555556,0.638888888888889,0,0
tile_5.36_24.png,test,0,10.319444444444445,0,89.68055555555556,0,0,0
tile_5.36_25.png,test,0,18.15277777777778,1.0833333333333335,80.76388888888889,0,0,0
tile_5.36_26.png,test,0,31.57638888888889,2.2847222222222223,66.13888888888889,0,0,0
tile_5.36_27.png,test,0,40.736111111111114,7.708333333333334,51.55555555555556,0,0,0
tile_5.36_28.png,test,84.95138888888889,0,0,11.229166666666666,3.8194444444444446,0,0
tile_5.36_29.png,test,38.98611111111111,5.041666666666666,0,29.180555555555554,26.791666666666668,0,0
tile_5.36_3.png,test,57.611111111111114,0,0,14.909722222222221,27.479166666666664,0,0
tile_5.36_30.png,test,4.034722222222222,13.555555555555557,0,48.38194444444445,34.02777777777778,0,0
tile_5.36_31.png,test,0,23.270833333333332,0,62.51388888888889,14.215277777777777,0,0
tile_5.36_32.png,test,0,36.17361111111111,0.006944444444444444,60.65972222222222,3.1597222222222223,0,0
tile_5.36_33.png,test,0,26.90972222222222,5.055555555555555,68.03472222222223,0,0,0
tile_5.36_34.png,test,0,12.715277777777779,6.701388888888888,80.58333333333333,0,0,0
tile_5.36_35.png,test,0,22.125,3.1597222222222223,74.71527777777777,0,0,0
tile_5.36_36.png,test,0,37.13194444444444,4.798611111111111,58.06944444444444,0,0,0
tile_5.36_37.png,test,55.74305555555556,0.7083333333333333,0,21.291666666666668,22.256944444444443,0,0
tile_5.36_38.png,test,11.472222222222223,15.979166666666666,0,33.15972222222222,39.38888888888889,0,0
tile_5.36_39.png,test,0,18.930555555555557,0,46.041666666666664,35.02777777777778,0,0
tile_5.36_4.png,test,41.14583333333333,2.6875,0,18.79861111111111,37.36805555555556,0,0
tile_5.36_40.png,test,0,18.270833333333332,0,59.43055555555555,22.29861111111111,0,0
tile_5.36_41.png,test,0,57.24305555555556,0.006944444444444444,36.67361111111111,6.076388888888888,0,0
tile_5.36_42.png,test,0,61.0625,5.888888888888888,33.04861111111111,0,0,0
tile_5.36_43.png,test,0,28.791666666666664,18.03472222222222,53.17361111111111,0,0,0
tile_5.36_44.png,test,0,31.15277777777778,14.354166666666668,54.49305555555556,0,0,0
tile_5.36_45.png,test,0,39.6875,4.923611111111112,55.388888888888886,0,0,0
tile_5.36_46.png,test,22.166666666666668,4.111111111111112,6.951388888888889,27.125,39.645833333333336,0,0
tile_5.36_47.png,test,0.5,31.520833333333332,0,36.06944444444444,31.90972222222222,0,0
tile_5.36_48.png,test,0,42.86805555555556,0,23.84027777777778,33.29166666666667,0,0
tile_5.36_49.png,test,0,38.48611111111111,0,30.895833333333332,30.618055555555557,0,0
tile_5.36_5.png,test,8.01388888888889,13.326388888888888,0,39.11805555555555,39.54166666666667,0,0
tile_5.36_50.png,test,0,69.4375,0,25.840277777777775,4.722222222222222,0,0
tile_5.36_51.png,test,0,66.94444444444444,1.1180555555555554,31.937500000000004,0,0,0
tile_5.36_52.png,test,0,32.5625,17.95138888888889,49.48611111111111,0,0,0
tile_5.36_53.png,test,0,30.312499999999996,18.368055555555557,51.31944444444444,0,0,0
tile_5.36_54.png,test,0,41.583333333333336,1.5347222222222223,56.88194444444444,0,0,0
tile_5.36_55.png,test,2.3958333333333335,3.6458333333333335,30.96527777777778,24.875,38.11805555555556,0,0
tile_5.36_56.png,test,0,31.368055555555557,25.444444444444443,24.444444444444443,18.743055555555554,0,0
tile_5.36_57.png,test,0,63.041666666666664,9.805555555555557,5.402777777777778,21.75,0,0
tile_5.36_58.png,test,0,77.46527777777777,0.5208333333333333,6.048611111111111,15.965277777777779,0,0
tile_5.36_59.png,test,0,81.375,2.194444444444444,14.625,1.8055555555555554,0,0
tile_5.36_6.png,test,0,31.0625,2.8819444444444446,54.86805555555555,11.1875,0,0
tile_5.36_60.png,test,0,60.798611111111114,2.638888888888889,36.5625,0,0,0
tile_5.36_61.png,test,0,35.270833333333336,6.777777777777779,57.951388888888886,0,0,0
tile_5.36_62.png,test,0,20.520833333333332,6.333333333333334,73.14583333333333,0,0,0
tile_5.36_63.png,test,0,48.583333333333336,0,51.416666666666664,0,0,0
tile_5.36_64.png,test,0,2.548611111111111,24.131944444444446,52.56944444444444,20.75,0,0
tile_5.36_65.png,test,0,12.847222222222221,32.05555555555556,44.388888888888886,10.708333333333334,0,0
tile_5.36_66.png,test,0,32.611111111111114,30.34722222222222,25.5,11.541666666666666,0,0
tile_5.36_67.png,test,0,51.01388888888889,26.270833333333332,9.479166666666666,13.215277777777779,0,0.020833333333333336
tile_5.36_68.png,test,0,53.423611111111114,15.993055555555555,23.069444444444446,7.486111111111112,0,0.027777777777777776
tile_5.36_69.png,test,0,42.888888888888886,6.270833333333334,50.19444444444444,0.638888888888889,0,0.006944444444444444
tile_5.36_7.png,test,0,51.986111111111114,6.430555555555556,41.583333333333336,0,0,0
tile_5.36_70.png,test,0,36.326388888888886,1.9791666666666665,61.69444444444444,0,0,0
tile_5.36_71.png,test,0,35.46527777777778,0,64.53472222222221,0,0,0
tile_5.36_72.png,test,0,56.791666666666664,0,43.20833333333333,0,0,0
tile_5.36_73.png,test,0,14.972222222222223,0.11805555555555555,76.61805555555556,8.291666666666666,0,0
tile_5.36_74.png,test,0,14.534722222222221,7.979166666666666,74.53472222222223,2.951388888888889,0,0
tile_5.36_75.png,test,0,22.59027777777778,27.88888888888889,46.770833333333336,2.75,0,0
tile_5.36_76.png,test,0,15.395833333333334,47.263888888888886,27.72222222222222,9.597222222222221,0,0.020833333333333336
tile_5.36_77.png,test,0,15.506944444444445,40.25,36.701388888888886,7.486111111111112,0,0.05555555555555555
tile_5.36_78.png,test,0,21.847222222222225,14.979166666666666,62.5,0.638888888888889,0,0.034722222222222224
tile_5.36_79.png,test,0,29.569444444444443,1.965277777777778,68.46527777777777,0,0,0
tile_5.36_8.png,test,0,49.201388888888886,7.222222222222221,43.57638888888889,0,0,0
tile_5.36_80.png,test,0,42.611111111111114,0,57.388888888888886,0,0,0
tile_5.36_81.png,test,0,48.11111111111111,0,51.888888888888886,0,0,0
tile_5.36_9.png,test,0,43.416666666666664,8.208333333333332,48.375,0,0,0
tile_5.37_1.png,test,0,46.77777777777778,26.256944444444446,26.96527777777778,0,0,0
tile_5.37_10.png,test,0,41.94444444444444,15.583333333333332,42.47222222222222,0,0,0
tile_5.37_11.png,test,0,44.49305555555556,18.875,36.63194444444444,0,0,0
tile_5.37_12.png,test,0,46.47222222222222,30.701388888888886,22.82638888888889,0,0,0
tile_5.37_13.png,test,0,28.034722222222225,37.451388888888886,34.513888888888886,0,0,0
tile_5.37_14.png,test,0,12.840277777777779,48.8125,38.34722222222222,0,0,0
tile_5.37_15.png,test,0,20.118055555555557,40.46527777777777,39.416666666666664,0,0,0
tile_5.37_16.png,test,0,31.854166666666668,32.104166666666664,36.041666666666664,0,0,0
tile_5.37_17.png,test,0,36.43055555555556,31.631944444444443,31.937500000000004,0,0,0
tile_5.37_18.png,test,0,47.19444444444444,28.979166666666668,23.82638888888889,0,0,0
tile_5.37_19.png,test,0,38.201388888888886,12.82638888888889,48.97222222222222,0,0,0
tile_5.37_2.png,test,0,47.38194444444444,22.23611111111111,30.381944444444443,0,0,0
tile_5.37_20.png,test,0,36.638888888888886,13.13888888888889,50.22222222222222,0,0,0
tile_5.37_21.png,test,0,45.53472222222222,21.805555555555557,32.65972222222222,0,0,0
tile_5.37_22.png,test,0,19.916666666666664,47.93055555555556,32.15277777777778,0,0,0
tile_5.37_23.png,test,0,13.819444444444445,47.99305555555556,38.1875,0,0,0
tile_5.37_24.png,test,0,31.32638888888889,17.555555555555554,51.11805555555555,0,0,0
tile_5.37_25.png,test,0,27.534722222222225,38.166666666666664,34.29861111111111,0,0,0
tile_5.37_26.png,test,0,27.631944444444446,55.93055555555555,16.4375,0,0,0
tile_5.37_27.png,test,0,41.875,50.875,7.249999999999999,0,0,0
tile_5.37_28.png,test,0,42.00694444444444,13.361111111111112,44.63194444444444,0,0,0
tile_5.37_29.png,test,0,45.1875,15.23611111111111,39.57638888888889,0,0,0
tile_5.37_3.png,test,0,43.708333333333336,22.270833333333336,34.020833333333336,0,0,0
tile_5.37_30.png,test,0,37.048611111111114,15.680555555555555,47.270833333333336,0,0,0
tile_5.37_31.png,test,0,12.486111111111112,41.44444444444444,46.06944444444444,0,0,0
tile_5.37_32.png,test,0,24.333333333333336,38.54861111111111,37.11805555555556,0,0,0
tile_5.37_33.png,test,0,35.354166666666664,17.97222222222222,46.673611111111114,0,0,0
tile_5.37_34.png,test,0,23.104166666666668,49.09027777777778,27.805555555555557,0,0,0
tile_5.37_35.png,test,0,27.958333333333336,62.125,9.916666666666666,0,0,0
tile_5.37_36.png,test,0,32.82638888888889,52.81249999999999,14.36111111111111,0,0,0
tile_5.37_37.png,test,0,39.69444444444444,16.92361111111111,43.38194444444444,0,0,0
tile_5.37_38.png,test,0,55.45833333333333,17.006944444444443,27.534722222222225,0,0,0
tile_5.37_39.png,test,0,29.854166666666664,30.90277777777778,39.24305555555556,0,0,0
tile_5.37_4.png,test,0,40.63194444444444,21.25,38.11805555555556,0,0,0
tile_5.37_40.png,test,0,2.7291666666666665,39.46527777777778,57.80555555555556,0,0,0
tile_5.37_41.png,test,0,16.756944444444443,18.958333333333332,64.28472222222223,0,0,0
tile_5.37_42.png,test,0,25.84722222222222,10.284722222222223,63.86805555555556,0,0,0
tile_5.37_43.png,test,0,28.645833333333332,31.0625,40.291666666666664,0,0,0
tile_5.37_44.png,test,0,47.43055555555556,35.40277777777778,17.166666666666668,0,0,0
tile_5.37_45.png,test,0,51.19444444444444,25.374999999999996,23.430555555555554,0,0,0
tile_5.37_46.png,test,0,40.11805555555556,8.506944444444445,51.37500000000001,0,0,0
tile_5.37_47.png,test,0,32.111111111111114,14.145833333333332,53.74305555555555,0,0,0
tile_5.37_48.png,test,0,13.368055555555555,53.52777777777777,33.10416666666667,0,0,0
tile_5.37_49.png,test,0,2.2847222222222223,53.61805555555556,44.09722222222222,0,0,0
tile_5.37_5.png,test,0,19.28472222222222,46.78472222222222,33.93055555555556,0,0,0
tile_5.37_50.png,test,0,21.21527777777778,17.45138888888889,61.33333333333333,0,0,0
tile_5.37_51.png,test,0,35.604166666666664,5.763888888888889,58.63194444444444,0,0,0
tile_5.37_52.png,test,0,40.125,17.79861111111111,42.076388888888886,0,0,0
tile_5.37_53.png,test,0,54.93749999999999,21.381944444444446,23.680555555555554,0,0,0
tile_5.37_54.png,test,0,50.826388888888886,18.1875,30.986111111111107,0,0,0
tile_5.37_55.png,test,0,67.74305555555556,0,32.25694444444444,0,0,0
tile_5.37_56.png,test,0,25.124999999999996,22.5,52.37500000000001,0,0,0
tile_5.37_57.png,test,0,2.055555555555556,57.15972222222222,40.78472222222223,0,0,0
tile_5.37_58.png,test,0,16.65972222222222,49.26388888888889,34.076388888888886,0,0,0
tile_5.37_59.png,test,0,47.14583333333333,27.625,25.229166666666668,0,0,0
tile_5.37_6.png,test,0,15.520833333333334,49.31944444444444,35.15972222222222,0,0,0
tile_5.37_60.png,test,0,49.90972222222222,22.79861111111111,27.291666666666664,0,0,0
tile_5.37_61.png,test,0,49.30555555555556,25.756944444444446,24.9375,0,0,0
tile_5.37_62.png,test,0,56.23611111111111,27.118055555555554,16.645833333333336,0,0,0
tile_5.37_63.png,test,0,30.868055555555557,21.868055555555554,43.19444444444444,4.069444444444445,0,0
tile_5.37_64.png,test,0,75.52777777777779,0,24.47222222222222,0,0,0
tile_5.37_65.png,test,0,25.52777777777778,33.96527777777778,40.50694444444444,0,0,0
tile_5.37_66.png,test,0,15.847222222222221,44.90972222222222,39.24305555555556,0,0,0
tile_5.37_67.png,test,0,44.958333333333336,23.368055555555557,31.67361111111111,0,0,0
tile_5.37_68.png,test,0,59.84722222222222,28.152777777777775,12.0,0,0,0
tile_5.37_69.png,test,0,51.208333333333336,30.854166666666664,17.9375,0,0,0
tile_5.37_7.png,test,0,28.0625,28.73611111111111,43.201388888888886,0,0,0
tile_5.37_70.png,test,0,49.73611111111111,34.979166666666664,15.284722222222221,0,0,0
tile_5.37_71.png,test,0,39.729166666666664,30.055555555555557,30.21527777777778,0,0,0
tile_5.37_72.png,test,0,19.743055555555557,10.20138888888889,52.90972222222222,17.145833333333332,0,0
tile_5.37_73.png,test,0,41.888888888888886,11.305555555555555,46.80555555555556,0,0,0
tile_5.37_74.png,test,0,9.98611111111111,44.06944444444444,45.94444444444444,0,0,0
tile_5.37_75.png,test,0,30.930555555555557,34.0,35.06944444444444,0,0,0
tile_5.37_76.png,test,0,63.27083333333333,6.666666666666667,30.062499999999996,0,0,0
tile_5.37_77.png,test,0,58.11805555555556,13.041666666666666,28.84027777777778,0,0,0
tile_5.37_78.png,test,0,49.958333333333336,22.47222222222222,27.569444444444446,0,0,0
tile_5.37_79.png,test,0,41.3125,28.597222222222225,30.09027777777778,0,0,0
tile_5.37_8.png,test,0,40.770833333333336,24.21527777777778,35.013888888888886,0,0,0
tile_5.37_80.png,test,0,28.055555555555557,19.694444444444446,46.958333333333336,5.291666666666667,0,0
tile_5.37_81.png,test,0,22.291666666666668,5.958333333333334,34.736111111111114,37.01388888888889,0,0
tile_5.37_9.png,test,0,51.06944444444444,20.76388888888889,28.166666666666668,0,0,0
tile_6.6_1.png,test,0,0,0,0,100.0,0,0
tile_6.6_10.png,test,0,0,0,0,100.0,0,0
tile_6.6_11.png,test,0,0,0,0,100.0,0,0
tile_6.6_12.png,test,0,0,0,0,100.0,0,0
tile_6.6_13.png,test,0,0,0,0,100.0,0,0
tile_6.6_14.png,test,0,0,0,0,100.0,0,0
tile_6.6_15.png,test,0,0,0,0,100.0,0,0
tile_6.6_16.png,test,0,0,0,0,100.0,0,0
tile_6.6_17.png,test,0,0,0,0,100.0,0,0
tile_6.6_18.png,test,0,0,0,0,100.0,0,0
tile_6.6_19.png,test,0,0,0,0,100.0,0,0
tile_6.6_2.png,test,0,0,0,0,100.0,0,0
tile_6.6_20.png,test,0,0,0,0,100.0,0,0
tile_6.6_21.png,test,0,0,0,0,100.0,0,0
tile_6.6_22.png,test,0,0,0,0,100.0,0,0
tile_6.6_23.png,test,0,0,0,0,100.0,0,0
tile_6.6_24.png,test,0,0,0,0,100.0,0,0
tile_6.6_25.png,test,0,0,0,0,100.0,0,0
tile_6.6_26.png,test,0,0,0,0,100.0,0,0
tile_6.6_27.png,test,0,0,0,0,100.0,0,0
tile_6.6_28.png,test,0,0,0,0,100.0,0,0
tile_6.6_29.png,test,0,0,0,0,100.0,0,0
tile_6.6_3.png,test,0,0,0,0,100.0,0,0
tile_6.6_30.png,test,0,0,0,0,100.0,0,0
tile_6.6_31.png,test,0,0,0,0,100.0,0,0
tile_6.6_32.png,test,0,0,0,0,100.0,0,0
tile_6.6_33.png,test,0,0,0,0,100.0,0,0
tile_6.6_34.png,test,0,0,0,0,100.0,0,0
tile_6.6_35.png,test,0,0,0,0,100.0,0,0
tile_6.6_36.png,test,0,0,0,0,100.0,0,0
tile_6.6_37.png,test,0,0,0,0,100.0,0,0
tile_6.6_38.png,test,0,0,0,0,100.0,0,0
tile_6.6_39.png,test,0,0,0,0,100.0,0,0
tile_6.6_4.png,test,0,0,0,0,100.0,0,0
tile_6.6_40.png,test,0,0,0,0,100.0,0,0
tile_6.6_41.png,test,0,0,0,0,100.0,0,0
tile_6.6_42.png,test,0,0,0,0,100.0,0,0
tile_6.6_43.png,test,0,0,0,0,100.0,0,0
tile_6.6_44.png,test,0,0,0,0,100.0,0,0
tile_6.6_45.png,test,0,0,0,0,100.0,0,0
tile_6.6_46.png,test,0,0,0,0,100.0,0,0
tile_6.6_47.png,test,0,0,0,0,100.0,0,0
tile_6.6_48.png,test,0,0,0,0,100.0,0,0
tile_6.6_49.png,test,0,0,0,0,100.0,0,0
tile_6.6_5.png,test,0,0,0,0,100.0,0,0
tile_6.6_50.png,test,0,0,0,0,100.0,0,0
tile_6.6_51.png,test,0,0,0,0,100.0,0,0
tile_6.6_52.png,test,0,0,0,0,100.0,0,0
tile_6.6_53.png,test,0,0,0,0,100.0,0,0
tile_6.6_54.png,test,0,0,0,0,100.0,0,0
tile_6.6_55.png,test,0,0,0,0,100.0,0,0
tile_6.6_56.png,test,0,0,0,0,100.0,0,0
tile_6.6_57.png,test,0,0,0,0,100.0,0,0
tile_6.6_58.png,test,0,0,0,0,100.0,0,0
tile_6.6_59.png,test,0,0,0,0,100.0,0,0
tile_6.6_6.png,test,0,0,0,0,100.0,0,0
tile_6.6_60.png,test,0,0,0,0,100.0,0,0
tile_6.6_61.png,test,0,0,0,0,100.0,0,0
tile_6.6_62.png,test,0,0,0,0,100.0,0,0
tile_6.6_63.png,test,0,0,0,0,100.0,0,0
tile_6.6_64.png,test,0,0,0,0,100.0,0,0
tile_6.6_65.png,test,0,0,0,0,100.0,0,0
tile_6.6_66.png,test,0,0,0,0,100.0,0,0
tile_6.6_67.png,test,0,0,0,0,100.0,0,0
tile_6.6_68.png,test,0,0,0,0,100.0,0,0
tile_6.6_69.png,test,0,0,0,0,100.0,0,0
tile_6.6_7.png,test,0,0,0,0,100.0,0,0
tile_6.6_70.png,test,0,0,0,0,100.0,0,0
tile_6.6_71.png,test,0,0,0,0,100.0,0,0
tile_6.6_72.png,test,0,0,0,0,100.0,0,0
tile_6.6_73.png,test,0,0,0,0,100.0,0,0
tile_6.6_74.png,test,0,0,0,0,100.0,0,0
tile_6.6_75.png,test,0,0,0,0,100.0,0,0
tile_6.6_76.png,test,0,0,0,0,100.0,0,0
tile_6.6_77.png,test,0,0,0,0,100.0,0,0
tile_6.6_78.png,test,0,0,0,0,100.0,0,0
tile_6.6_79.png,test,0,0,0,0,100.0,0,0
tile_6.6_8.png,test,0,0,0,0,100.0,0,0
tile_6.6_80.png,test,0,0,0,0,100.0,0,0
tile_6.6_81.png,test,0,0,0,0,100.0,0,0
tile_6.6_9.png,test,0,0,0,0,100.0,0,0
